date,wallet,type,category,amount,currency,amount_universal_clp,note,labels,day,week,month,year,budget
2016-02-05 14:16:35+00:00,Main CLP 🇨🇱,Expense,Groceries,5324.0,CLP,5324.0,GRANEL | BERNANDRO OHIGGINS 636 | PUCON,verduras,2016-02-05,2016-W05,2016-02,2016,Gastos fijos
2016-02-05 14:16:51+00:00,Main CLP 🇨🇱,Expense,Groceries,2990.0,CLP,2990.0,,,2016-02-05,2016-W05,2016-02,2016,Gastos fijos
2021-01-01 15:00:10+00:00,Main CLP 🇨🇱,Income,Salary,1800000.0,CLP,1800000.0,,,2021-01-01,2020-W53,2021-01,2021,Otros
2021-01-01 15:00:35+00:00,Main CLP 🇨🇱,Expense,Sport,60000.0,CLP,60000.0,Piscina croata mallen,,2021-01-01,2020-W53,2021-01,2021,Secundarios
2021-01-01 15:05:18+00:00,Main CLP 🇨🇱,Expense,Utilities,9990.0,CLP,9990.0,Entel movil,,2021-01-01,2020-W53,2021-01,2021,Gastos fijos
2021-01-01 15:18:16+00:00,Main CLP 🇨🇱,Expense,Utilities,15742.0,CLP,15742.0,Internet Movistar ,,2021-01-01,2020-W53,2021-01,2021,Gastos fijos
2021-01-04 18:02:11+00:00,Main CLP 🇨🇱,Expense,Acommodation,380000.0,CLP,380000.0,Arriendo depto,,2021-01-04,2021-W01,2021-01,2021,Gastos fijos
2021-01-04 18:02:30+00:00,Main CLP 🇨🇱,Expense,Savings,900000.0,CLP,900000.0,,,2021-01-04,2021-W01,2021-01,2021,Pasivos
2021-01-05 21:39:42+00:00,Main CLP 🇨🇱,Expense,Groceries,25900.0,CLP,25900.0,Tostaduria Talca ,,2021-01-05,2021-W01,2021-01,2021,Gastos fijos
2021-01-05 22:02:17+00:00,Main CLP 🇨🇱,Expense,Groceries,16990.0,CLP,16990.0,Verduleria,,2021-01-05,2021-W01,2021-01,2021,Gastos fijos
2021-01-06 12:14:19+00:00,Main CLP 🇨🇱,Expense,Groceries,7880.0,CLP,7880.0,Berries ,,2021-01-06,2021-W01,2021-01,2021,Gastos fijos
2021-01-06 19:21:27+00:00,Main CLP 🇨🇱,Expense,Shopping,119990.0,CLP,119990.0,Miomat,,2021-01-06,2021-W01,2021-01,2021,Chao culpa
2021-01-06 22:01:20+00:00,Main CLP 🇨🇱,Expense,Groceries,53367.0,CLP,53367.0,Jumbo ,,2021-01-06,2021-W01,2021-01,2021,Gastos fijos
2021-01-07 12:54:09+00:00,Main CLP 🇨🇱,Expense,Shopping,13800.0,CLP,13800.0,Taburete inodoro squatty potty,,2021-01-07,2021-W01,2021-01,2021,Chao culpa
2021-01-08 14:01:13+00:00,Main CLP 🇨🇱,Expense,Subscriptions,59990.0,CLP,59990.0,blinkist annual,,2021-01-08,2021-W01,2021-01,2021,Gastos fijos
2021-01-08 16:18:13+00:00,Main CLP 🇨🇱,Expense,Shopping,30000.0,CLP,30000.0,Calibración guitarra ,,2021-01-08,2021-W01,2021-01,2021,Chao culpa
2021-01-08 16:50:11+00:00,Main CLP 🇨🇱,Expense,Groceries,21420.0,CLP,21420.0,Herbolaria Australis,,2021-01-08,2021-W01,2021-01,2021,Gastos fijos
2021-01-08 19:12:46+00:00,Main CLP 🇨🇱,Income,Sale,70000.0,CLP,70000.0,Mango squier classic vibe,,2021-01-08,2021-W01,2021-01,2021,Otros
2021-01-08 21:42:09+00:00,Main CLP 🇨🇱,Expense,Other,28000.0,CLP,28000.0,Reparación llanta yerka,,2021-01-08,2021-W01,2021-01,2021,Gastos fijos
2021-01-10 16:05:25+00:00,Main CLP 🇨🇱,Income,Loan,7847.0,CLP,7847.0,Mallen deuda,,2021-01-10,2021-W01,2021-01,2021,Otros
2021-01-12 14:38:15+00:00,Main CLP 🇨🇱,Expense,Utilities,10631.0,CLP,10631.0,Luz Enel,,2021-01-12,2021-W02,2021-01,2021,Gastos fijos
2021-01-12 15:39:46+00:00,Main CLP 🇨🇱,Expense,Groceries,12850.0,CLP,12850.0,Verdulería ,,2021-01-12,2021-W02,2021-01,2021,Gastos fijos
2021-01-12 19:38:46+00:00,Main CLP 🇨🇱,Expense,Groceries,30044.0,CLP,30044.0,Jumbo varios toalla,,2021-01-12,2021-W02,2021-01,2021,Gastos fijos
2021-01-12 21:15:02+00:00,Main CLP 🇨🇱,Expense,Groceries,5540.0,CLP,5540.0,"Manzanas , ravioli",,2021-01-12,2021-W02,2021-01,2021,Gastos fijos
2021-01-12 21:59:45+00:00,Main CLP 🇨🇱,Expense,Other,100000.0,CLP,100000.0,Aporte exodo tribu,,2021-01-12,2021-W02,2021-01,2021,Gastos fijos
2021-01-12 22:12:04+00:00,Main CLP 🇨🇱,Expense,Shopping,11990.0,CLP,11990.0,Jarra vidrio ,,2021-01-12,2021-W02,2021-01,2021,Chao culpa
2021-01-13 00:23:38+00:00,Main CLP 🇨🇱,Expense,Snacks & Coffee,2400.0,CLP,2400.0,,,2021-01-13,2021-W02,2021-01,2021,Chao culpa
2021-01-13 00:53:58+00:00,Main CLP 🇨🇱,Expense,Restaurant,12100.0,CLP,12100.0,,,2021-01-13,2021-W02,2021-01,2021,Chao culpa
2021-01-13 02:05:24+00:00,Main CLP 🇨🇱,Expense,Shopping,6949.0,CLP,6949.0,Balanza pesa digital ,,2021-01-13,2021-W02,2021-01,2021,Chao culpa
2021-01-16 17:25:05+00:00,Main CLP 🇨🇱,Expense,Shopping,9355.55555555,CLP,9356.0,Vagabonding,,2021-01-16,2021-W02,2021-01,2021,Chao culpa
2021-01-16 17:25:35+00:00,Main CLP 🇨🇱,Expense,Shopping,4214.81481481,CLP,4215.0,Mindset carol dweck,,2021-01-16,2021-W02,2021-01,2021,Chao culpa
2021-01-19 21:44:04+00:00,Main CLP 🇨🇱,Expense,Groceries,12700.0,CLP,12700.0,Verduras,,2021-01-19,2021-W03,2021-01,2021,Gastos fijos
2021-01-19 21:48:00+00:00,Main CLP 🇨🇱,Expense,Groceries,5700.0,CLP,5700.0,Humus gatorase,,2021-01-19,2021-W03,2021-01,2021,Gastos fijos
2021-01-22 22:41:51+00:00,Main CLP 🇨🇱,Expense,Restaurant,7000.0,CLP,7000.0,Pizza junta,,2021-01-22,2021-W03,2021-01,2021,Chao culpa
2021-01-24 17:26:58+00:00,Main CLP 🇨🇱,Expense,Shopping,6659.25925925,CLP,6659.0,Poeta chileno,,2021-01-24,2021-W03,2021-01,2021,Chao culpa
2021-01-24 22:12:16+00:00,Main CLP 🇨🇱,Expense,Snacks & Coffee,2000.0,CLP,2000.0,Helado cono,,2021-01-24,2021-W03,2021-01,2021,Chao culpa
2021-01-26 18:43:00+00:00,Main CLP 🇨🇱,Expense,Restaurant,8996.0,CLP,8996.0,"
Sushi ro",,2021-01-26,2021-W04,2021-01,2021,Chao culpa
2021-01-27 15:35:48+00:00,Main CLP 🇨🇱,Expense,Groceries,15250.0,CLP,15250.0,,,2021-01-27,2021-W04,2021-01,2021,Gastos fijos
2021-01-28 14:21:54+00:00,Main CLP 🇨🇱,Expense,Utilities,5210.0,CLP,5210.0,Aguas andinas,,2021-01-28,2021-W04,2021-01,2021,Gastos fijos
2021-01-28 20:50:26+00:00,Main CLP 🇨🇱,Income,Loan,200000.0,CLP,200000.0,Deuda ernest,,2021-01-28,2021-W04,2021-01,2021,Otros
2021-01-28 20:58:15+00:00,Main CLP 🇨🇱,Income,Sale,220000.0,CLP,220000.0,Yerka v2 bici,,2021-01-28,2021-W04,2021-01,2021,Otros
2021-01-28 21:10:58+00:00,Main CLP 🇨🇱,Expense,Savings,370000.0,CLP,370000.0,Fintual,,2021-01-28,2021-W04,2021-01,2021,Pasivos
2021-01-29 00:04:14+00:00,Main CLP 🇨🇱,Expense,Restaurant,14905.0,CLP,14905.0,Pizza capperi,,2021-01-29,2021-W04,2021-01,2021,Chao culpa
2021-01-30 23:11:59+00:00,Main CLP 🇨🇱,Expense,Snacks & Coffee,5000.0,CLP,5000.0,,,2021-01-30,2021-W04,2021-01,2021,Chao culpa
2021-01-30 23:35:39+00:00,Main CLP 🇨🇱,Expense,Groceries,8460.0,CLP,8460.0,,,2021-01-30,2021-W04,2021-01,2021,Gastos fijos
2021-01-31 14:31:27+00:00,Main CLP 🇨🇱,Expense,Groceries,10190.0,CLP,10190.0,,,2021-01-31,2021-W04,2021-01,2021,Gastos fijos
2021-01-31 17:22:02+00:00,Main CLP 🇨🇱,Expense,Snacks & Coffee,1390.0,CLP,1390.0,,,2021-01-31,2021-W04,2021-01,2021,Chao culpa
2021-01-31 20:15:16+00:00,Main CLP 🇨🇱,Expense,Groceries,4990.0,CLP,4990.0,Cafe grano,,2021-01-31,2021-W04,2021-01,2021,Gastos fijos
2021-02-01 01:28:09+00:00,Main CLP 🇨🇱,Expense,Restaurant,10045.0,CLP,10045.0,Sushi,,2021-02-01,2021-W05,2021-02,2021,Chao culpa
2021-02-01 14:50:28+00:00,Main CLP 🇨🇱,Expense,Savings,100000.0,CLP,100000.0,Bitcoin,,2021-02-01,2021-W05,2021-02,2021,Pasivos
2021-02-01 15:00:10+00:00,Main CLP 🇨🇱,Income,Salary,1800000.0,CLP,1800000.0,,,2021-02-01,2021-W05,2021-02,2021,Otros
2021-02-01 15:05:18+00:00,Main CLP 🇨🇱,Expense,Utilities,9990.0,CLP,9990.0,Entel movil,,2021-02-01,2021-W05,2021-02,2021,Gastos fijos
2021-02-01 15:09:29+00:00,Main CLP 🇨🇱,Expense,Subscriptions,62900.0,CLP,62900.0,Headspace annual,,2021-02-01,2021-W05,2021-02,2021,Gastos fijos
2021-02-01 15:29:20+00:00,Main CLP 🇨🇱,Expense,Snacks & Coffee,1750.0,CLP,1750.0,,,2021-02-01,2021-W05,2021-02,2021,Chao culpa
2021-02-01 16:08:36+00:00,Main CLP 🇨🇱,Expense,Pharmacy ,11000.0,CLP,11000.0,Condones,,2021-02-01,2021-W05,2021-02,2021,Gastos fijos
2021-02-01 18:54:30+00:00,Main CLP 🇨🇱,Expense,Shopping,6690.0,CLP,6690.0,Aceitero alcusa,,2021-02-01,2021-W05,2021-02,2021,Chao culpa
2021-02-01 21:35:50+00:00,Main CLP 🇨🇱,Income,Extra Income,8896.0,CLP,8896.0,Referidos fintual,,2021-02-01,2021-W05,2021-02,2021,Otros
2021-02-02 18:15:17+00:00,Main CLP 🇨🇱,Expense,Savings,400000.0,CLP,400000.0,Fintual,,2021-02-02,2021-W05,2021-02,2021,Pasivos
2021-02-02 18:15:47+00:00,Main CLP 🇨🇱,Expense,Savings,400000.0,CLP,400000.0,Buda bitcoin,,2021-02-02,2021-W05,2021-02,2021,Pasivos
2021-02-03 15:02:36+00:00,Main CLP 🇨🇱,Expense,Restaurant,17331.0,CLP,17331.0,Hocha,,2021-02-03,2021-W05,2021-02,2021,Chao culpa
2021-02-04 18:02:11+00:00,Main CLP 🇨🇱,Expense,Acommodation,380000.0,CLP,380000.0,Arriendo depto,,2021-02-04,2021-W05,2021-02,2021,Gastos fijos
2021-02-08 14:52:19+00:00,Main CLP 🇨🇱,Expense,Pharmacy ,8990.0,CLP,8990.0,,Pharmacy,2021-02-08,2021-W06,2021-02,2021,Gastos fijos
2021-02-08 15:04:24+00:00,Main CLP 🇨🇱,Expense,Groceries,15910.0,CLP,15910.0,,,2021-02-08,2021-W06,2021-02,2021,Gastos fijos
2021-02-08 17:21:56+00:00,Main CLP 🇨🇱,Expense,Shopping,16659.25925924,CLP,16659.0,,,2021-02-08,2021-W06,2021-02,2021,Chao culpa
2021-02-08 17:22:21+00:00,Main CLP 🇨🇱,Expense,Shopping,7399.99999999,CLP,7400.0,,,2021-02-08,2021-W06,2021-02,2021,Chao culpa
2021-02-08 17:22:54+00:00,Main CLP 🇨🇱,Expense,Shopping,6659.25925925,CLP,6659.0,Music lesson book,,2021-02-08,2021-W06,2021-02,2021,Chao culpa
2021-02-08 17:23:48+00:00,Main CLP 🇨🇱,Expense,Shopping,3600.0,CLP,3600.0,Audiobook 21 lessons bitcoin,,2021-02-08,2021-W06,2021-02,2021,Chao culpa
2021-02-08 19:28:28+00:00,Main CLP 🇨🇱,Expense,Shopping,13890.0,CLP,13890.0,Masaje lube,,2021-02-08,2021-W06,2021-02,2021,Chao culpa
2021-02-08 19:28:42+00:00,Main CLP 🇨🇱,Expense,Groceries,24325.0,CLP,24325.0,,,2021-02-08,2021-W06,2021-02,2021,Gastos fijos
2021-02-09 00:52:45+00:00,Main CLP 🇨🇱,Expense,Transport,2300.0,CLP,2300.0,,,2021-02-09,2021-W06,2021-02,2021,Gastos fijos
2021-02-09 00:53:05+00:00,Main CLP 🇨🇱,Expense,Restaurant,1.0,CLP,1.0,,,2021-02-09,2021-W06,2021-02,2021,Chao culpa
2021-02-10 20:14:37+00:00,Main CLP 🇨🇱,Expense,Utilities,15742.0,CLP,15742.0,Movistar internet,,2021-02-10,2021-W06,2021-02,2021,Gastos fijos
2021-02-11 19:49:27+00:00,Main CLP 🇨🇱,Expense,Shopping,11090.0,CLP,11090.0,Resistencia banda,,2021-02-11,2021-W06,2021-02,2021,Chao culpa
2021-02-12 02:05:24+00:00,Main CLP 🇨🇱,Expense,Education,14000.0,CLP,14000.0,Domestika manu brabo,,2021-02-12,2021-W06,2021-02,2021,Secundarios
2021-02-12 22:44:30+00:00,Main CLP 🇨🇱,Expense,Snacks & Coffee,2300.0,CLP,2300.0,Helado,,2021-02-12,2021-W06,2021-02,2021,Chao culpa
2021-02-13 15:47:23+00:00,Main CLP 🇨🇱,Expense,Shopping,3260.0,CLP,3260.0,Frascos,,2021-02-13,2021-W06,2021-02,2021,Chao culpa
2021-02-13 15:47:54+00:00,Main CLP 🇨🇱,Expense,Restaurant,4500.0,CLP,4500.0,Boba tea,,2021-02-13,2021-W06,2021-02,2021,Chao culpa
2021-02-13 21:53:56+00:00,Main CLP 🇨🇱,Expense,Transport,1000.0,CLP,1000.0,,,2021-02-13,2021-W06,2021-02,2021,Gastos fijos
2021-02-13 22:05:15+00:00,Main CLP 🇨🇱,Expense,Alcohol,2800.0,CLP,2800.0,,,2021-02-13,2021-W06,2021-02,2021,Chao culpa
2021-02-14 17:59:10+00:00,Main CLP 🇨🇱,Expense,Transport,1500.0,CLP,1500.0,,,2021-02-14,2021-W06,2021-02,2021,Gastos fijos
2021-02-14 17:59:27+00:00,Main CLP 🇨🇱,Expense,Restaurant,22000.0,CLP,22000.0,Violeta san Valentin ,,2021-02-14,2021-W06,2021-02,2021,Chao culpa
2021-02-15 16:46:01+00:00,Main CLP 🇨🇱,Expense,Groceries,15010.0,CLP,15010.0,,,2021-02-15,2021-W07,2021-02,2021,Gastos fijos
2021-02-15 17:11:10+00:00,Main CLP 🇨🇱,Expense,Shopping,5500.0,CLP,5500.0,Luz bici,,2021-02-15,2021-W07,2021-02,2021,Chao culpa
2021-02-15 17:12:22+00:00,Main CLP 🇨🇱,Expense,Gifts,16990.0,CLP,16990.0,Klean kanteen,,2021-02-15,2021-W07,2021-02,2021,Chao culpa
2021-02-15 17:16:00+00:00,Main CLP 🇨🇱,Expense,Groceries,2190.0,CLP,2190.0,Kg avena integral,,2021-02-15,2021-W07,2021-02,2021,Gastos fijos
2021-02-15 22:16:52+00:00,Main CLP 🇨🇱,Expense,Snacks & Coffee,3940.0,CLP,3940.0,,,2021-02-15,2021-W07,2021-02,2021,Chao culpa
2021-02-16 18:20:20+00:00,Main CLP 🇨🇱,Expense,Alcohol,2000.0,CLP,2000.0,,,2021-02-16,2021-W07,2021-02,2021,Chao culpa
2021-02-16 18:20:51+00:00,Main CLP 🇨🇱,Expense,Subscriptions,2000.0,CLP,2000.0,Plant productivity ,,2021-02-16,2021-W07,2021-02,2021,Gastos fijos
2021-02-17 15:10:24+00:00,Main CLP 🇨🇱,Expense,Shopping,9219.85815608,CLP,9220.0,Kindle  bill gates climate,,2021-02-17,2021-W07,2021-02,2021,Chao culpa
2021-02-17 22:36:33+00:00,Main CLP 🇨🇱,Expense,Groceries,1500.0,CLP,1500.0,,,2021-02-17,2021-W07,2021-02,2021,Gastos fijos
2021-02-19 20:36:44+00:00,Main CLP 🇨🇱,Expense,Education,14000.0,CLP,14000.0,Domestika diego figueroa Lightroom ,,2021-02-19,2021-W07,2021-02,2021,Secundarios
2021-02-19 22:09:36+00:00,Main CLP 🇨🇱,Expense,Alcohol,5700.0,CLP,5700.0,,,2021-02-19,2021-W07,2021-02,2021,Chao culpa
2021-02-20 18:22:09+00:00,Main CLP 🇨🇱,Expense,Restaurant,9000.0,CLP,9000.0,Fkn burger,,2021-02-20,2021-W07,2021-02,2021,Chao culpa
2021-02-21 00:34:02+00:00,Main CLP 🇨🇱,Expense,Restaurant,10381.0,CLP,10381.0,,,2021-02-21,2021-W07,2021-02,2021,Chao culpa
2021-02-22 17:23:24+00:00,Main CLP 🇨🇱,Expense,Snacks & Coffee,2500.0,CLP,2500.0,,,2021-02-22,2021-W08,2021-02,2021,Chao culpa
2021-02-25 11:45:07+00:00,Main CLP 🇨🇱,Expense,Transport,15000.0,CLP,15000.0,Pasaje bus,,2021-02-25,2021-W08,2021-02,2021,Gastos fijos
2021-02-25 15:25:25+00:00,Main CLP 🇨🇱,Expense,Groceries,14607.0,CLP,14607.0,Cornershop ,,2021-02-25,2021-W08,2021-02,2021,Gastos fijos
2021-02-26 00:37:06+00:00,Main CLP 🇨🇱,Expense,Activities,11200.0,CLP,11200.0,Casino,,2021-02-26,2021-W08,2021-02,2021,Chao culpa
2021-02-27 10:25:39+00:00,Main CLP 🇨🇱,Expense,Transport,5000.0,CLP,5000.0,Radiotaxi ,,2021-02-27,2021-W08,2021-02,2021,Gastos fijos
2021-02-27 10:25:55+00:00,Main CLP 🇨🇱,Expense,Transport,5000.0,CLP,5000.0,Bencina nelson,,2021-02-27,2021-W08,2021-02,2021,Gastos fijos
2021-02-27 11:16:28+00:00,Main CLP 🇨🇱,Expense,Snacks & Coffee,1400.0,CLP,1400.0,,,2021-02-27,2021-W08,2021-02,2021,Chao culpa
2021-02-27 15:15:22+00:00,Main CLP 🇨🇱,Expense,Groceries,8780.0,CLP,8780.0,,,2021-02-27,2021-W08,2021-02,2021,Gastos fijos
2021-02-28 19:56:56+00:00,Main CLP 🇨🇱,Expense,Snacks & Coffee,3840.0,CLP,3840.0,,,2021-02-28,2021-W08,2021-02,2021,Chao culpa
2021-02-28 19:57:26+00:00,Main CLP 🇨🇱,Expense,Activities,2850.0,CLP,2850.0,Arriendo cancha,,2021-02-28,2021-W08,2021-02,2021,Chao culpa
2021-03-01 11:52:03+00:00,Main CLP 🇨🇱,Expense,Savings,400000.0,CLP,400000.0,Bitcoin,,2021-03-01,2021-W09,2021-03,2021,Pasivos
2021-03-01 11:52:51+00:00,Main CLP 🇨🇱,Expense,Savings,500000.0,CLP,500000.0,Fintual risky,,2021-03-01,2021-W09,2021-03,2021,Pasivos
2021-03-01 12:21:00+00:00,Main CLP 🇨🇱,Expense,Groceries,36318.0,CLP,36318.0,Jumbo,,2021-03-01,2021-W09,2021-03,2021,Gastos fijos
2021-03-01 15:00:10+00:00,Main CLP 🇨🇱,Income,Salary,1800000.0,CLP,1800000.0,,,2021-03-01,2021-W09,2021-03,2021,Otros
2021-03-01 15:05:18+00:00,Main CLP 🇨🇱,Expense,Utilities,9990.0,CLP,9990.0,Entel movil,,2021-03-01,2021-W09,2021-03,2021,Gastos fijos
2021-03-02 18:12:10+00:00,Main CLP 🇨🇱,Expense,Education,14000.0,CLP,14000.0,Domestika fotolibro musuk,,2021-03-02,2021-W09,2021-03,2021,Secundarios
2021-03-03 18:53:52+00:00,Main CLP 🇨🇱,Expense,Shopping,16990.0,CLP,16990.0,Aceite spray,,2021-03-03,2021-W09,2021-03,2021,Chao culpa
2021-03-04 18:02:11+00:00,Main CLP 🇨🇱,Expense,Acommodation,380000.0,CLP,380000.0,Arriendo depto,,2021-03-04,2021-W09,2021-03,2021,Gastos fijos
2021-03-04 22:58:38+00:00,Main CLP 🇨🇱,Expense,Groceries,13420.0,CLP,13420.0,,,2021-03-04,2021-W09,2021-03,2021,Gastos fijos
2021-03-06 14:43:58+00:00,Main CLP 🇨🇱,Expense,Groceries,13340.0,CLP,13340.0,Pan chocolate y mas,,2021-03-06,2021-W09,2021-03,2021,Gastos fijos
2021-03-06 14:47:50+00:00,Main CLP 🇨🇱,Expense,Groceries,3700.0,CLP,3700.0,,,2021-03-06,2021-W09,2021-03,2021,Gastos fijos
2021-03-07 19:22:05+00:00,Main CLP 🇨🇱,Expense,Gifts,15800.0,CLP,15800.0,Cafe rod y mallen,,2021-03-07,2021-W09,2021-03,2021,Chao culpa
2021-03-08 18:19:54+00:00,Main CLP 🇨🇱,Expense,Snacks & Coffee,2680.0,CLP,2680.0,,,2021-03-08,2021-W10,2021-03,2021,Chao culpa
2021-03-08 20:31:22+00:00,Main CLP 🇨🇱,Expense,Pharmacy ,15000.0,CLP,15000.0,Corte pelo pop morris barbers,,2021-03-08,2021-W10,2021-03,2021,Gastos fijos
2021-03-09 22:35:30+00:00,Main CLP 🇨🇱,Expense,Groceries,28750.0,CLP,28750.0,Snacks cumpleaños ,,2021-03-09,2021-W10,2021-03,2021,Gastos fijos
2021-03-10 02:54:37+00:00,Main CLP 🇨🇱,Income,Gifts,30000.0,CLP,30000.0,Eugenia ,,2021-03-10,2021-W10,2021-03,2021,Chao culpa
2021-03-10 15:05:29+00:00,Main CLP 🇨🇱,Expense,Groceries,1120.0,CLP,1120.0,,,2021-03-10,2021-W10,2021-03,2021,Gastos fijos
2021-03-10 15:25:01+00:00,Main CLP 🇨🇱,Expense,Shopping,20980.0,CLP,20980.0,Botella klean kanteen naranja,,2021-03-10,2021-W10,2021-03,2021,Chao culpa
2021-03-10 16:04:19+00:00,Main CLP 🇨🇱,Expense,Shopping,7246.3768116,CLP,7246.0,Kindle muerte del padre anagrama,,2021-03-10,2021-W10,2021-03,2021,Chao culpa
2021-03-11 13:08:26+00:00,Main CLP 🇨🇱,Income,Sale,20000.0,CLP,20000.0,Amazon exho dot,,2021-03-11,2021-W10,2021-03,2021,Otros
2021-03-12 17:00:27+00:00,Main CLP 🇨🇱,Expense,Groceries,9370.0,CLP,9370.0,,,2021-03-12,2021-W10,2021-03,2021,Gastos fijos
2021-03-12 17:02:05+00:00,Main CLP 🇨🇱,Expense,Groceries,2600.0,CLP,2600.0,,,2021-03-12,2021-W10,2021-03,2021,Gastos fijos
2021-03-14 05:15:44+00:00,Main CLP 🇨🇱,Expense,Restaurant,8268.0,CLP,8268.0,burger king,,2021-03-14,2021-W10,2021-03,2021,Chao culpa
2021-03-15 16:44:15+00:00,Main CLP 🇨🇱,Expense,Groceries,8440.0,CLP,8440.0,,,2021-03-15,2021-W11,2021-03,2021,Gastos fijos
2021-03-15 16:46:32+00:00,Main CLP 🇨🇱,Expense,Groceries,4990.0,CLP,4990.0,Raeineta 500g,,2021-03-15,2021-W11,2021-03,2021,Gastos fijos
2021-03-16 22:45:40+00:00,Main CLP 🇨🇱,Expense,Restaurant,4300.0,CLP,4300.0,Baos,,2021-03-16,2021-W11,2021-03,2021,Chao culpa
2021-03-18 11:59:09+00:00,Main CLP 🇨🇱,Expense,Subscriptions,1449.27536232,CLP,1449.0,Patreon gigi,,2021-03-18,2021-W11,2021-03,2021,Gastos fijos
2021-03-18 12:20:00+00:00,Main CLP 🇨🇱,Expense,Shopping,5080.0,CLP,5080.0,Esponja silicona ml,,2021-03-18,2021-W11,2021-03,2021,Chao culpa
2021-03-19 23:13:28+00:00,Main CLP 🇨🇱,Expense,Restaurant,10098.0,CLP,10098.0,Lemon cafe Ñuñoa ,,2021-03-19,2021-W11,2021-03,2021,Chao culpa
2021-03-20 11:54:21+00:00,Main CLP 🇨🇱,Expense,Restaurant,10445.0,CLP,10445.0,Sushi,,2021-03-20,2021-W11,2021-03,2021,Chao culpa
2021-03-20 20:43:49+00:00,Main CLP 🇨🇱,Expense,Alcohol,2980.0,CLP,2980.0,,,2021-03-20,2021-W11,2021-03,2021,Chao culpa
2021-03-20 21:16:24+00:00,Main CLP 🇨🇱,Expense,Groceries,6180.0,CLP,6180.0,,,2021-03-20,2021-W11,2021-03,2021,Gastos fijos
2021-03-21 16:41:56+00:00,Main CLP 🇨🇱,Expense,Utilities,18560.0,CLP,18560.0,,,2021-03-21,2021-W11,2021-03,2021,Gastos fijos
2021-03-22 15:06:52+00:00,Main CLP 🇨🇱,Expense,Groceries,11500.0,CLP,11500.0,,,2021-03-22,2021-W12,2021-03,2021,Gastos fijos
2021-03-22 17:13:53+00:00,Main CLP 🇨🇱,Expense,Groceries,35200.0,CLP,35200.0,Jumbo,,2021-03-22,2021-W12,2021-03,2021,Gastos fijos
2021-03-24 18:33:19+00:00,Main CLP 🇨🇱,Expense,Groceries,8915.0,CLP,8915.0,Vega garbanzo tahini,,2021-03-24,2021-W12,2021-03,2021,Gastos fijos
2021-03-25 17:03:45+00:00,Main CLP 🇨🇱,Expense,Shopping,7352.9411765,CLP,7353.0,Around world 80 trains,books,2021-03-25,2021-W12,2021-03,2021,Chao culpa
2021-03-25 21:49:07+00:00,Main CLP 🇨🇱,Expense,Snacks & Coffee,2300.0,CLP,2300.0,,,2021-03-25,2021-W12,2021-03,2021,Chao culpa
2021-03-26 15:22:18+00:00,Main CLP 🇨🇱,Expense,Shopping,19050.0,CLP,19050.0,Easy ,,2021-03-26,2021-W12,2021-03,2021,Chao culpa
2021-03-26 15:32:10+00:00,Main CLP 🇨🇱,Expense,Restaurant,4600.0,CLP,4600.0,Arepas ,,2021-03-26,2021-W12,2021-03,2021,Chao culpa
2021-03-26 15:55:26+00:00,Main CLP 🇨🇱,Expense,Snacks & Coffee,2690.0,CLP,2690.0,,,2021-03-26,2021-W12,2021-03,2021,Chao culpa
2021-03-26 20:58:09+00:00,Main CLP 🇨🇱,Expense,Groceries,5100.0,CLP,5100.0,,,2021-03-26,2021-W12,2021-03,2021,Gastos fijos
2021-03-26 22:14:28+00:00,Main CLP 🇨🇱,Expense,Groceries,8000.0,CLP,8000.0,,,2021-03-26,2021-W12,2021-03,2021,Gastos fijos
2021-03-26 22:17:21+00:00,Main CLP 🇨🇱,Expense,Snacks & Coffee,2340.0,CLP,2340.0,,,2021-03-26,2021-W12,2021-03,2021,Chao culpa
2021-03-27 17:03:24+00:00,Main CLP 🇨🇱,Expense,Shopping,7352.9411765,CLP,7353.0,Psychology of money ,books,2021-03-27,2021-W12,2021-03,2021,Chao culpa
2021-03-28 17:34:21+00:00,Main CLP 🇨🇱,Expense,Pharmacy ,1.0,CLP,1.0,Excedentea,Pharmacy,2021-03-28,2021-W12,2021-03,2021,Gastos fijos
2021-03-29 22:12:01+00:00,Main CLP 🇨🇱,Expense,Snacks & Coffee,2900.0,CLP,2900.0,Helado,,2021-03-29,2021-W13,2021-03,2021,Chao culpa
2021-03-30 19:36:32+00:00,Main CLP 🇨🇱,Expense,Groceries,12320.0,CLP,12320.0,,,2021-03-30,2021-W13,2021-03,2021,Gastos fijos
2021-03-30 19:38:32+00:00,Main CLP 🇨🇱,Expense,Groceries,7600.0,CLP,7600.0,Merluza apanada 1kg,,2021-03-30,2021-W13,2021-03,2021,Gastos fijos
2021-03-30 23:37:29+00:00,Main CLP 🇨🇱,Expense,Alcohol,36500.0,CLP,36500.0,Pack 12 hasta pronto ,,2021-03-30,2021-W13,2021-03,2021,Chao culpa
2021-03-31 12:12:14+00:00,Main CLP 🇨🇱,Expense,Shopping,5547.44525548,CLP,5547.0,Show your work,books,2021-03-31,2021-W13,2021-03,2021,Chao culpa
2021-03-31 12:42:33+00:00,Main CLP 🇨🇱,Expense,Utilities,15742.0,CLP,15742.0,Internet ,,2021-03-31,2021-W13,2021-03,2021,Gastos fijos
2021-03-31 22:46:15+00:00,Main CLP 🇨🇱,Expense,Snacks & Coffee,2600.0,CLP,2600.0,,,2021-03-31,2021-W13,2021-03,2021,Chao culpa
2021-03-31 22:46:28+00:00,Main CLP 🇨🇱,Expense,Groceries,2100.0,CLP,2100.0,,,2021-03-31,2021-W13,2021-03,2021,Gastos fijos
2021-04-01 15:00:10+00:00,Main CLP 🇨🇱,Income,Salary,1800000.0,CLP,1800000.0,,,2021-04-01,2021-W13,2021-04,2021,Otros
2021-04-01 15:05:18+00:00,Main CLP 🇨🇱,Expense,Utilities,9990.0,CLP,9990.0,Entel movil,,2021-04-01,2021-W13,2021-04,2021,Gastos fijos
2021-04-01 15:16:41+00:00,Main CLP 🇨🇱,Expense,Shopping,2877.69784172,CLP,2878.0,Audible rebaca solnit,,2021-04-01,2021-W13,2021-04,2021,Chao culpa
2021-04-01 21:30:38+00:00,Main CLP 🇨🇱,Expense,Groceries,10210.0,CLP,10210.0,,,2021-04-01,2021-W13,2021-04,2021,Gastos fijos
2021-04-03 14:11:01+00:00,Main CLP 🇨🇱,Expense,Groceries,16150.0,CLP,16150.0,,,2021-04-03,2021-W13,2021-04,2021,Gastos fijos
2021-04-03 14:24:42+00:00,Main CLP 🇨🇱,Expense,Pharmacy ,2800.0,CLP,2800.0,,,2021-04-03,2021-W13,2021-04,2021,Gastos fijos
2021-04-04 14:40:24+00:00,Main CLP 🇨🇱,Expense,Transport,3500.0,CLP,3500.0,,,2021-04-04,2021-W13,2021-04,2021,Gastos fijos
2021-04-04 18:19:36+00:00,Main CLP 🇨🇱,Expense,Groceries,6900.0,CLP,6900.0,,,2021-04-04,2021-W13,2021-04,2021,Gastos fijos
2021-04-04 19:02:11+00:00,Main CLP 🇨🇱,Expense,Acommodation,205000.0,CLP,205000.0,Arriendo depto,,2021-04-04,2021-W13,2021-04,2021,Gastos fijos
2021-04-05 17:21:49+00:00,Main CLP 🇨🇱,Expense,Utilities,2800.0,CLP,2800.0,Gas metrogas,,2021-04-05,2021-W14,2021-04,2021,Gastos fijos
2021-04-05 23:03:00+00:00,Main CLP 🇨🇱,Income,Sale,75000.0,CLP,75000.0,Cama,,2021-04-05,2021-W14,2021-04,2021,Otros
2021-04-07 21:33:55+00:00,Main CLP 🇨🇱,Expense,Groceries,14860.0,CLP,14860.0,,,2021-04-07,2021-W14,2021-04,2021,Gastos fijos
2021-04-07 21:37:49+00:00,Main CLP 🇨🇱,Expense,Groceries,6050.0,CLP,6050.0,,,2021-04-07,2021-W14,2021-04,2021,Gastos fijos
2021-04-09 20:16:36+00:00,Main CLP 🇨🇱,Expense,Snacks & Coffee,6300.0,CLP,6300.0,,,2021-04-09,2021-W14,2021-04,2021,Chao culpa
2021-04-09 23:04:17+00:00,Main CLP 🇨🇱,Expense,Groceries,3400.0,CLP,3400.0,,,2021-04-09,2021-W14,2021-04,2021,Gastos fijos
2021-04-10 21:33:00+00:00,Main CLP 🇨🇱,Expense,Acommodation,40000.0,CLP,40000.0,Base cama ,,2021-04-10,2021-W14,2021-04,2021,Gastos fijos
2021-04-10 21:33:13+00:00,Main CLP 🇨🇱,Expense,Acommodation,15000.0,CLP,15000.0,Flete base cama,,2021-04-10,2021-W14,2021-04,2021,Gastos fijos
2021-04-10 22:05:29+00:00,Main CLP 🇨🇱,Expense,Groceries,37142.0,CLP,37142.0,Jumbo,,2021-04-10,2021-W14,2021-04,2021,Gastos fijos
2021-04-11 16:13:35+00:00,Main CLP 🇨🇱,Expense,Groceries,6700.0,CLP,6700.0,Nueves salasa,,2021-04-11,2021-W14,2021-04,2021,Gastos fijos
2021-04-11 16:13:53+00:00,Main CLP 🇨🇱,Expense,Acommodation,8900.0,CLP,8900.0,Copia llaves roomie,,2021-04-11,2021-W14,2021-04,2021,Gastos fijos
2021-04-11 16:19:34+00:00,Main CLP 🇨🇱,Expense,Snacks & Coffee,5700.0,CLP,5700.0,,,2021-04-11,2021-W14,2021-04,2021,Chao culpa
2021-04-12 01:18:41+00:00,Main CLP 🇨🇱,Expense,Education,19886.3636363,CLP,19886.0,Gypsy duved dunayevaky,,2021-04-12,2021-W15,2021-04,2021,Secundarios
2021-04-12 02:13:57+00:00,Main CLP 🇨🇱,Expense,Shopping,5390.07092202,CLP,5390.0,Little bitcoin book,,2021-04-12,2021-W15,2021-04,2021,Chao culpa
2021-04-12 16:49:31+00:00,Main CLP 🇨🇱,Expense,Healthcare,5000.0,CLP,5000.0,Pcr,,2021-04-12,2021-W15,2021-04,2021,Gastos fijos
2021-04-12 20:06:12+00:00,Main CLP 🇨🇱,Expense,Utilities,15500.0,CLP,15500.0,Movistar fibra,internet,2021-04-12,2021-W15,2021-04,2021,Gastos fijos
2021-04-13 00:38:17+00:00,Main CLP 🇨🇱,Expense,Restaurant,8690.0,CLP,8690.0,,,2021-04-13,2021-W15,2021-04,2021,Chao culpa
2021-04-13 15:45:57+00:00,Main CLP 🇨🇱,Expense,Shopping,29980.0,CLP,29980.0,Cubre plumon 2 plazas,,2021-04-13,2021-W15,2021-04,2021,Chao culpa
2021-04-14 03:54:21+00:00,Main CLP 🇨🇱,Expense,Shopping,12000.0,CLP,12000.0,Frasco kombucha ,,2021-04-14,2021-W15,2021-04,2021,Chao culpa
2021-04-15 15:19:32+00:00,Main CLP 🇨🇱,Expense,Healthcare,1.0,CLP,1.0,Excedentes 42.000,,2021-04-15,2021-W15,2021-04,2021,Gastos fijos
2021-04-15 15:49:52+00:00,Main CLP 🇨🇱,Expense,Groceries,9600.0,CLP,9600.0,,,2021-04-15,2021-W15,2021-04,2021,Gastos fijos
2021-04-16 15:29:49+00:00,Main CLP 🇨🇱,Expense,Groceries,48077.0,CLP,48077.0,Jumbo,,2021-04-16,2021-W15,2021-04,2021,Gastos fijos
2021-04-17 13:35:12+00:00,Main CLP 🇨🇱,Expense,Groceries,14660.0,CLP,14660.0,,verduleria,2021-04-17,2021-W15,2021-04,2021,Gastos fijos
2021-04-17 18:58:15+00:00,Main CLP 🇨🇱,Expense,Utilities,15000.0,CLP,15000.0,,internet,2021-04-17,2021-W15,2021-04,2021,Gastos fijos
2021-04-17 21:31:25+00:00,Main CLP 🇨🇱,Expense,Acommodation,14000.0,CLP,14000.0,Faldon cama,,2021-04-17,2021-W15,2021-04,2021,Gastos fijos
2021-04-18 14:40:42+00:00,Main CLP 🇨🇱,Expense,Shopping,13070.0,CLP,13070.0,Almohadas ,,2021-04-18,2021-W15,2021-04,2021,Chao culpa
2021-04-18 14:41:45+00:00,Main CLP 🇨🇱,Expense,Shopping,14000.0,CLP,14000.0,Faldon cama 1.5,,2021-04-18,2021-W15,2021-04,2021,Chao culpa
2021-04-18 16:56:36+00:00,Main CLP 🇨🇱,Expense,Acommodation,99460.0,CLP,99460.0,Gastos comunes,,2021-04-18,2021-W15,2021-04,2021,Gastos fijos
2021-04-19 16:47:08+00:00,Main CLP 🇨🇱,Expense,Subscriptions,24647.88732385,CLP,24648.0,LinkedIn suscriptiom error,,2021-04-19,2021-W16,2021-04,2021,Gastos fijos
2021-04-20 21:11:51+00:00,Main CLP 🇨🇱,Expense,Groceries,2400.0,CLP,2400.0,,,2021-04-20,2021-W16,2021-04,2021,Gastos fijos
2021-04-21 20:04:18+00:00,Main CLP 🇨🇱,Expense,Restaurant,12970.0,CLP,12970.0,,,2021-04-21,2021-W16,2021-04,2021,Chao culpa
2021-04-22 16:48:39+00:00,Main CLP 🇨🇱,Expense,Shopping,68415.49295749,CLP,68415.0,Ledger Nano S,,2021-04-22,2021-W16,2021-04,2021,Chao culpa
2021-04-22 17:36:40+00:00,Main CLP 🇨🇱,Expense,Shopping,9790.2097902,CLP,9790.0,Kindle how not to diet,books,2021-04-22,2021-W16,2021-04,2021,Chao culpa
2021-04-27 00:43:31+00:00,Main CLP 🇨🇱,Expense,Shopping,25000.00000015,CLP,25000.0,Soundslice duved course,,2021-04-27,2021-W17,2021-04,2021,Chao culpa
2021-04-27 13:30:09+00:00,Main CLP 🇨🇱,Expense,Shopping,4401.40845069,CLP,4401.0,Inventing bitcoin ,books,2021-04-27,2021-W17,2021-04,2021,Chao culpa
2021-05-01 16:00:10+00:00,Main CLP 🇨🇱,Income,Salary,1800000.0,CLP,1800000.0,,,2021-05-01,2021-W17,2021-05,2021,Otros
2021-05-01 16:05:18+00:00,Main CLP 🇨🇱,Expense,Utilities,9990.0,CLP,9990.0,Entel movil,,2021-05-01,2021-W17,2021-05,2021,Gastos fijos
2021-05-04 19:02:11+00:00,Main CLP 🇨🇱,Expense,Acommodation,260000.0,CLP,260000.0,Arriendo depto,,2021-05-04,2021-W18,2021-05,2021,Gastos fijos
2021-05-06 00:55:25+00:00,Main CLP 🇨🇱,Expense,Gifts,13000.0,CLP,13000.0,Tazas mama,,2021-05-06,2021-W18,2021-05,2021,Chao culpa
2021-05-06 00:56:13+00:00,Main CLP 🇨🇱,Expense,Gifts,24000.0,CLP,24000.0,Neceser animales cata y mama,,2021-05-06,2021-W18,2021-05,2021,Chao culpa
2021-05-08 18:03:25+00:00,Main CLP 🇨🇱,Expense,Restaurant,4200.0,CLP,4200.0,,,2021-05-08,2021-W18,2021-05,2021,Chao culpa
2021-05-09 00:49:40+00:00,Main CLP 🇨🇱,Expense,Shopping,33231.0,CLP,33231.0,Ledger impuestos aduana,,2021-05-09,2021-W18,2021-05,2021,Chao culpa
2021-05-11 13:34:33+00:00,Main CLP 🇨🇱,Expense,Restaurant,20000.0,CLP,20000.0,Bao bar,,2021-05-11,2021-W19,2021-05,2021,Chao culpa
2021-05-11 15:20:44+00:00,Main CLP 🇨🇱,Expense,Groceries,12000.0,CLP,12000.0,,verduleria,2021-05-11,2021-W19,2021-05,2021,Gastos fijos
2021-05-11 23:42:15+00:00,Main CLP 🇨🇱,Expense,Utilities,6060.0,CLP,6060.0,,agua,2021-05-11,2021-W19,2021-05,2021,Gastos fijos
2021-05-11 23:42:46+00:00,Main CLP 🇨🇱,Expense,Utilities,19064.0,CLP,19064.0,,electricidad ,2021-05-11,2021-W19,2021-05,2021,Gastos fijos
2021-05-11 23:43:03+00:00,Main CLP 🇨🇱,Expense,Utilities,4422.0,CLP,4422.0,,gas,2021-05-11,2021-W19,2021-05,2021,Gastos fijos
2021-05-12 20:06:12+00:00,Main CLP 🇨🇱,Expense,Utilities,15500.0,CLP,15500.0,Movistar fibra,internet,2021-05-12,2021-W19,2021-05,2021,Gastos fijos
2021-05-12 22:01:27+00:00,Main CLP 🇨🇱,Expense,Groceries,2890.0,CLP,2890.0,,,2021-05-12,2021-W19,2021-05,2021,Gastos fijos
2021-05-13 22:51:22+00:00,Main CLP 🇨🇱,Expense,Groceries,10500.0,CLP,10500.0,,verduleria,2021-05-13,2021-W19,2021-05,2021,Gastos fijos
2021-05-13 22:55:05+00:00,Main CLP 🇨🇱,Expense,Groceries,5808.0,CLP,5808.0,,,2021-05-13,2021-W19,2021-05,2021,Gastos fijos
2021-05-13 22:58:29+00:00,Main CLP 🇨🇱,Expense,Groceries,2660.0,CLP,2660.0,,,2021-05-13,2021-W19,2021-05,2021,Gastos fijos
2021-05-15 15:24:14+00:00,Main CLP 🇨🇱,Expense,Alcohol,2280.0,CLP,2280.0,,,2021-05-15,2021-W19,2021-05,2021,Chao culpa
2021-05-16 19:18:22+00:00,Main CLP 🇨🇱,Expense,Transport,4347.0,CLP,4347.0,,taxi,2021-05-16,2021-W19,2021-05,2021,Gastos fijos
2021-05-17 21:15:09+00:00,Main CLP 🇨🇱,Expense,Snacks & Coffee,6630.0,CLP,6630.0,,,2021-05-17,2021-W20,2021-05,2021,Chao culpa
2021-05-17 23:03:31+00:00,Main CLP 🇨🇱,Expense,Snacks & Coffee,12570.0,CLP,12570.0,,,2021-05-17,2021-W20,2021-05,2021,Chao culpa
2021-05-18 19:41:46+00:00,Main CLP 🇨🇱,Expense,Acommodation,90778.0,CLP,90778.0,Gastos comunes abril,,2021-05-18,2021-W20,2021-05,2021,Gastos fijos
2021-05-18 22:20:59+00:00,Main CLP 🇨🇱,Expense,Alcohol,4360.0,CLP,4360.0,,,2021-05-18,2021-W20,2021-05,2021,Chao culpa
2021-05-18 22:26:24+00:00,Main CLP 🇨🇱,Expense,Groceries,2570.0,CLP,2570.0,,,2021-05-18,2021-W20,2021-05,2021,Gastos fijos
2021-05-18 22:37:48+00:00,Main CLP 🇨🇱,Expense,Groceries,8500.0,CLP,8500.0,,verduleria,2021-05-18,2021-W20,2021-05,2021,Gastos fijos
2021-05-18 22:47:34+00:00,Main CLP 🇨🇱,Expense,Snacks & Coffee,1500.0,CLP,1500.0,,,2021-05-18,2021-W20,2021-05,2021,Chao culpa
2021-05-20 14:33:06+00:00,Main CLP 🇨🇱,Expense,Transport,10000.0,CLP,10000.0,,public-transport,2021-05-20,2021-W20,2021-05,2021,Gastos fijos
2021-05-20 15:56:58+00:00,Main CLP 🇨🇱,Expense,Snacks & Coffee,2890.0,CLP,2890.0,,,2021-05-20,2021-W20,2021-05,2021,Chao culpa
2021-05-22 02:16:15+00:00,Main CLP 🇨🇱,Expense,Restaurant,9500.0,CLP,9500.0,,,2021-05-22,2021-W20,2021-05,2021,Chao culpa
2021-05-22 15:38:57+00:00,Main CLP 🇨🇱,Expense,Restaurant,4000.0,CLP,4000.0,,,2021-05-22,2021-W20,2021-05,2021,Chao culpa
2021-05-22 23:14:45+00:00,Main CLP 🇨🇱,Expense,Groceries,16540.0,CLP,16540.0,,,2021-05-22,2021-W20,2021-05,2021,Gastos fijos
2021-05-23 19:47:07+00:00,Main CLP 🇨🇱,Expense,Pharmacy ,1.0,CLP,1.0,25970,excedentes,2021-05-23,2021-W20,2021-05,2021,Gastos fijos
2021-05-24 00:33:00+00:00,Main CLP 🇨🇱,Expense,Restaurant,10500.0,CLP,10500.0,Pizza danu,,2021-05-24,2021-W21,2021-05,2021,Chao culpa
2021-05-24 13:38:15+00:00,Main CLP 🇨🇱,Expense,Activities,7475.0,CLP,7475.0,Documental sergio larrain instante eterno ,,2021-05-24,2021-W21,2021-05,2021,Chao culpa
2021-05-24 15:23:13+00:00,Main CLP 🇨🇱,Expense,Groceries,5060.0,CLP,5060.0,,verduleria,2021-05-24,2021-W21,2021-05,2021,Gastos fijos
2021-05-24 17:35:03+00:00,Main CLP 🇨🇱,Expense,Groceries,4800.0,CLP,4800.0,,,2021-05-24,2021-W21,2021-05,2021,Gastos fijos
2021-05-24 17:56:49+00:00,Main CLP 🇨🇱,Expense,Shopping,25500.0,CLP,25500.0,Garuga estuches,,2021-05-24,2021-W21,2021-05,2021,Chao culpa
2021-05-24 21:57:38+00:00,Main CLP 🇨🇱,Expense,Groceries,14900.0,CLP,14900.0,,,2021-05-24,2021-W21,2021-05,2021,Gastos fijos
2021-05-25 21:37:08+00:00,Main CLP 🇨🇱,Expense,Shopping,15000.0,CLP,15000.0,Tea puka x3,,2021-05-25,2021-W21,2021-05,2021,Chao culpa
2021-05-25 22:26:54+00:00,Main CLP 🇨🇱,Expense,Snacks & Coffee,2980.0,CLP,2980.0,,,2021-05-25,2021-W21,2021-05,2021,Chao culpa
2021-05-26 00:42:15+00:00,Main CLP 🇨🇱,Expense,Groceries,31253.0,CLP,31253.0,,,2021-05-26,2021-W21,2021-05,2021,Gastos fijos
2021-05-28 16:09:38+00:00,Main CLP 🇨🇱,Expense,Shopping,7246.3768116,CLP,7246.0,Hacia nuevo pacto oscar l,books,2021-05-28,2021-W21,2021-05,2021,Chao culpa
2021-05-30 15:35:29+00:00,Main CLP 🇨🇱,Expense,Snacks & Coffee,5490.0,CLP,5490.0,,,2021-05-30,2021-W21,2021-05,2021,Chao culpa
2021-05-30 23:58:19+00:00,Main CLP 🇨🇱,Expense,Shopping,8695.65217392,CLP,8696.0,CuriosityStream ,,2021-05-30,2021-W21,2021-05,2021,Chao culpa
2021-05-31 00:22:12+00:00,Main CLP 🇨🇱,Expense,Shopping,7971.01449276,CLP,7971.0,"Male time , jake knapp",books,2021-05-31,2021-W22,2021-05,2021,Chao culpa
2021-05-31 22:12:59+00:00,Main CLP 🇨🇱,Expense,Snacks & Coffee,3970.0,CLP,3970.0,,,2021-05-31,2021-W22,2021-05,2021,Chao culpa
2021-05-31 22:13:41+00:00,Main CLP 🇨🇱,Expense,Restaurant,9190.0,CLP,9190.0,Burger King ,,2021-05-31,2021-W22,2021-05,2021,Chao culpa
2021-05-31 23:54:58+00:00,Main CLP 🇨🇱,Expense,Shopping,36980.0,CLP,36980.0,Zapatillas running rebook energylux,,2021-05-31,2021-W22,2021-05,2021,Chao culpa
2021-06-01 02:36:29+00:00,Main CLP 🇨🇱,Expense,Shopping,118990.0,CLP,118990.0,Kindle paper white ,,2021-06-01,2021-W22,2021-06,2021,Chao culpa
2021-06-01 16:00:10+00:00,Main CLP 🇨🇱,Income,Salary,1800000.0,CLP,1800000.0,,,2021-06-01,2021-W22,2021-06,2021,Otros
2021-06-01 16:05:18+00:00,Main CLP 🇨🇱,Expense,Utilities,9990.0,CLP,9990.0,Entel movil,,2021-06-01,2021-W22,2021-06,2021,Gastos fijos
2021-06-03 03:49:43+00:00,Main CLP 🇨🇱,Expense,Subscriptions,2877.69784172,CLP,2878.0,Patreon la caden,,2021-06-03,2021-W22,2021-06,2021,Gastos fijos
2021-06-05 12:55:23+00:00,Main CLP 🇨🇱,Expense,Acommodation,260000.0,CLP,260000.0,Arriendo Marigen ,,2021-06-05,2021-W22,2021-06,2021,Gastos fijos
2021-06-07 16:54:42+00:00,Main CLP 🇨🇱,Expense,Shopping,7194.2446043,CLP,7194.0,How to do nothing ,,2021-06-07,2021-W23,2021-06,2021,Chao culpa
2021-06-08 20:49:04+00:00,Main CLP 🇨🇱,Expense,Gifts,7000.0,CLP,7000.0,Trufa marigen,,2021-06-08,2021-W23,2021-06,2021,Chao culpa
2021-06-11 16:00:37+00:00,Main CLP 🇨🇱,Expense,Groceries,10620.0,CLP,10620.0,,,2021-06-11,2021-W23,2021-06,2021,Gastos fijos
2021-06-11 16:17:49+00:00,Main CLP 🇨🇱,Expense,Snacks & Coffee,3280.0,CLP,3280.0,,,2021-06-11,2021-W23,2021-06,2021,Chao culpa
2021-06-11 20:24:36+00:00,Main CLP 🇨🇱,Expense,Alcohol,11140.0,CLP,11140.0,,,2021-06-11,2021-W23,2021-06,2021,Chao culpa
2021-06-12 14:48:37+00:00,Main CLP 🇨🇱,Expense,Healthcare,5000.0,CLP,5000.0,Examen pcr,,2021-06-12,2021-W23,2021-06,2021,Gastos fijos
2021-06-12 20:06:12+00:00,Main CLP 🇨🇱,Expense,Utilities,15500.0,CLP,15500.0,Movistar fibra,internet,2021-06-12,2021-W23,2021-06,2021,Gastos fijos
2021-06-13 00:58:40+00:00,Main CLP 🇨🇱,Expense,Groceries,52000.0,CLP,52000.0,,,2021-06-13,2021-W23,2021-06,2021,Gastos fijos
2021-06-13 17:27:58+00:00,Main CLP 🇨🇱,Expense,Utilities,3680.0,CLP,3680.0,Agua,,2021-06-13,2021-W23,2021-06,2021,Gastos fijos
2021-06-13 17:28:11+00:00,Main CLP 🇨🇱,Expense,Utilities,10430.0,CLP,10430.0,Electricidad ,,2021-06-13,2021-W23,2021-06,2021,Gastos fijos
2021-06-15 18:07:08+00:00,Main CLP 🇨🇱,Income,Sale,70000.0,CLP,70000.0,Sillon,,2021-06-15,2021-W24,2021-06,2021,Otros
2021-06-16 04:06:50+00:00,Main CLP 🇨🇱,Expense,Education,10869.5652174,CLP,10870.0,Saifdean course,,2021-06-16,2021-W24,2021-06,2021,Secundarios
2021-06-16 04:07:12+00:00,Main CLP 🇨🇱,Expense,Shopping,3623.1884058,CLP,3623.0,Save time bitcoin book,,2021-06-16,2021-W24,2021-06,2021,Chao culpa
2021-06-16 12:53:27+00:00,Main CLP 🇨🇱,Expense,Shopping,159420.2898552,CLP,159420.0,Amazon order ssd funda lapto term,,2021-06-16,2021-W24,2021-06,2021,Chao culpa
2021-06-16 12:54:10+00:00,Main CLP 🇨🇱,Expense,Shopping,15144.92753624,CLP,15145.0,Funda kindle por amazon,,2021-06-16,2021-W24,2021-06,2021,Chao culpa
2021-06-16 23:57:21+00:00,Main CLP 🇨🇱,Expense,Shopping,3623.1884058,CLP,3623.0,Book bitcoin sovereignty,,2021-06-16,2021-W24,2021-06,2021,Chao culpa
2021-06-17 15:34:44+00:00,Main CLP 🇨🇱,Expense,Shopping,21293.0,CLP,21293.0,Pijama largo,,2021-06-17,2021-W24,2021-06,2021,Chao culpa
2021-06-17 22:12:16+00:00,Main CLP 🇨🇱,Expense,Shopping,17739.0,CLP,17739.0,Cajas mudanza,,2021-06-17,2021-W24,2021-06,2021,Chao culpa
2021-06-18 16:15:55+00:00,Main CLP 🇨🇱,Expense,Utilities,15742.0,CLP,15742.0,Internet ,,2021-06-18,2021-W24,2021-06,2021,Gastos fijos
2021-06-18 18:38:52+00:00,Main CLP 🇨🇱,Income,Sale,60000.0,CLP,60000.0,Kindle Paperwhite 6ta gen 2013,,2021-06-18,2021-W24,2021-06,2021,Otros
2021-06-18 22:01:22+00:00,Main CLP 🇨🇱,Expense,Groceries,12180.0,CLP,12180.0,,,2021-06-18,2021-W24,2021-06,2021,Gastos fijos
2021-06-20 16:25:42+00:00,Main CLP 🇨🇱,Expense,Gifts,10000.0,CLP,10000.0,Chocolate dia padre,,2021-06-20,2021-W24,2021-06,2021,Chao culpa
2021-06-20 16:25:53+00:00,Main CLP 🇨🇱,Expense,Groceries,37139.0,CLP,37139.0,Jumbo,,2021-06-20,2021-W24,2021-06,2021,Gastos fijos
2021-06-21 16:24:23+00:00,Main CLP 🇨🇱,Expense,Snacks & Coffee,7000.0,CLP,7000.0,Chocolate volka ,,2021-06-21,2021-W25,2021-06,2021,Chao culpa
2021-06-21 16:24:32+00:00,Main CLP 🇨🇱,Expense,Groceries,10000.0,CLP,10000.0,Tunquen,,2021-06-21,2021-W25,2021-06,2021,Gastos fijos
2021-06-22 05:57:00+00:00,Main CLP 🇨🇱,Expense,Groceries,12960.0,CLP,12960.0,Cafe aguila MercadoLibre ,,2021-06-22,2021-W25,2021-06,2021,Gastos fijos
2021-06-22 06:13:02+00:00,Main CLP 🇨🇱,Expense,Education,8955.22388064,CLP,8955.0,Self taugh programmer,,2021-06-22,2021-W25,2021-06,2021,Secundarios
2021-06-22 16:09:37+00:00,Main CLP 🇨🇱,Income,Sale,20000.0,CLP,20000.0,Oyster licuadora,,2021-06-22,2021-W25,2021-06,2021,Otros
2021-06-22 17:49:01+00:00,Main CLP 🇨🇱,Income,Sale,45000.0,CLP,45000.0,Paragonia sweater,,2021-06-22,2021-W25,2021-06,2021,Otros
2021-06-23 02:06:51+00:00,Main CLP 🇨🇱,Expense,Pharmacy ,10400.0,CLP,10400.0,Condones,,2021-06-23,2021-W25,2021-06,2021,Gastos fijos
2021-06-23 14:55:43+00:00,Main CLP 🇨🇱,Expense,Restaurant,10885.0,CLP,10885.0,Bao bar,,2021-06-23,2021-W25,2021-06,2021,Chao culpa
2021-06-24 20:33:59+00:00,Main CLP 🇨🇱,Expense,Acommodation,109186.0,CLP,109186.0,Gastos comunes mayo,,2021-06-24,2021-W25,2021-06,2021,Gastos fijos
2021-06-24 21:35:12+00:00,Main CLP 🇨🇱,Expense,Groceries,10330.0,CLP,10330.0,,,2021-06-24,2021-W25,2021-06,2021,Gastos fijos
2021-06-24 21:47:48+00:00,Main CLP 🇨🇱,Expense,Groceries,7150.0,CLP,7150.0,,verduleria,2021-06-24,2021-W25,2021-06,2021,Gastos fijos
2021-06-24 23:09:32+00:00,Main CLP 🇨🇱,Income,Sale,30000.0,CLP,30000.0,Microondas ,,2021-06-24,2021-W25,2021-06,2021,Otros
2021-06-25 22:35:10+00:00,Main CLP 🇨🇱,Expense,Shopping,9940.0,CLP,9940.0,Guantes,ropa,2021-06-25,2021-W25,2021-06,2021,Chao culpa
2021-06-26 00:10:52+00:00,Main CLP 🇨🇱,Income,Sale,45000.0,CLP,45000.0,Mesa cuadrada,,2021-06-26,2021-W25,2021-06,2021,Otros
2021-06-26 00:11:26+00:00,Main CLP 🇨🇱,Expense,Shopping,55990.0,CLP,55990.0,Poleron marmot,ropa,2021-06-26,2021-W25,2021-06,2021,Chao culpa
2021-06-26 19:24:06+00:00,Main CLP 🇨🇱,Expense,Pharmacy ,4500.0,CLP,4500.0,Cepillo varios,,2021-06-26,2021-W25,2021-06,2021,Gastos fijos
2021-06-26 21:04:23+00:00,Main CLP 🇨🇱,Expense,Snacks & Coffee,6500.0,CLP,6500.0,,,2021-06-26,2021-W25,2021-06,2021,Chao culpa
2021-06-28 21:49:36+00:00,Main CLP 🇨🇱,Expense,Restaurant,14500.0,CLP,14500.0,Pizza,,2021-06-28,2021-W26,2021-06,2021,Chao culpa
2021-06-28 21:50:09+00:00,Main CLP 🇨🇱,Expense,Restaurant,9000.0,CLP,9000.0,Waffles ,,2021-06-28,2021-W26,2021-06,2021,Chao culpa
2021-06-29 01:22:21+00:00,Main CLP 🇨🇱,Expense,Education,75000.0,CLP,75000.0,Clases guitarra  julio matias macan,,2021-06-29,2021-W26,2021-06,2021,Secundarios
2021-06-29 05:35:01+00:00,Main CLP 🇨🇱,Expense,Shopping,7352.9411765,CLP,7353.0,Bitcoin knut independence reimagined ,books,2021-06-29,2021-W26,2021-06,2021,Chao culpa
2021-06-29 21:43:29+00:00,Main CLP 🇨🇱,Expense,Snacks & Coffee,8160.0,CLP,8160.0,,,2021-06-29,2021-W26,2021-06,2021,Chao culpa
2021-06-30 02:14:20+00:00,Main CLP 🇨🇱,Expense,Gifts,7560.0,CLP,7560.0,Chocolate Victo ,,2021-06-30,2021-W26,2021-06,2021,Chao culpa
2021-06-30 19:56:16+00:00,Main CLP 🇨🇱,Income,Sale,15000.0,CLP,15000.0,Chaleco levis,,2021-06-30,2021-W26,2021-06,2021,Otros
2021-07-01 00:40:09+00:00,Main CLP 🇨🇱,Expense,Alcohol,6000.0,CLP,6000.0,,,2021-07-01,2021-W26,2021-07,2021,Chao culpa
2021-07-01 05:04:05+00:00,Main CLP 🇨🇱,Expense,Shopping,5547.44525548,CLP,5547.0,Steal like an artist’,books,2021-07-01,2021-W26,2021-07,2021,Chao culpa
2021-07-01 16:00:10+00:00,Main CLP 🇨🇱,Income,Salary,1800000.0,CLP,1800000.0,,,2021-07-01,2021-W26,2021-07,2021,Otros
2021-07-01 16:05:18+00:00,Main CLP 🇨🇱,Expense,Utilities,9990.0,CLP,9990.0,Entel movil,,2021-07-01,2021-W26,2021-07,2021,Gastos fijos
2021-07-01 23:07:37+00:00,Main CLP 🇨🇱,Expense,Snacks & Coffee,3770.0,CLP,3770.0,,,2021-07-01,2021-W26,2021-07,2021,Chao culpa
2021-07-02 01:51:01+00:00,Main CLP 🇨🇱,Expense,Utilities,1900.0,CLP,1900.0,Apple cloud 200 Gb,,2021-07-02,2021-W26,2021-07,2021,Gastos fijos
2021-07-02 19:35:25+00:00,Main CLP 🇨🇱,Expense,Restaurant,6895.0,CLP,6895.0,Puzza,,2021-07-02,2021-W26,2021-07,2021,Chao culpa
2021-07-02 21:48:03+00:00,Main CLP 🇨🇱,Expense,Alcohol,5780.0,CLP,5780.0,,,2021-07-02,2021-W26,2021-07,2021,Chao culpa
2021-07-04 15:19:27+00:00,Main CLP 🇨🇱,Expense,Snacks & Coffee,13000.0,CLP,13000.0,Cafw mallen donuts,,2021-07-04,2021-W26,2021-07,2021,Chao culpa
2021-07-05 23:32:55+00:00,Main CLP 🇨🇱,Expense,Groceries,36072.0,CLP,36072.0,,,2021-07-05,2021-W27,2021-07,2021,Gastos fijos
2021-07-05 23:33:05+00:00,Main CLP 🇨🇱,Expense,Snacks & Coffee,3700.0,CLP,3700.0,,,2021-07-05,2021-W27,2021-07,2021,Chao culpa
2021-07-05 23:33:28+00:00,Main CLP 🇨🇱,Income,Sale,20000.0,CLP,20000.0,Sarten eléctrico ,,2021-07-05,2021-W27,2021-07,2021,Otros
2021-07-06 04:42:49+00:00,Main CLP 🇨🇱,Expense,Gifts,39705.8823531,CLP,39706.0,Hotel aniversario ,,2021-07-06,2021-W27,2021-07,2021,Chao culpa
2021-07-06 20:39:37+00:00,Main CLP 🇨🇱,Expense,Groceries,36072.0,CLP,36072.0,,,2021-07-06,2021-W27,2021-07,2021,Gastos fijos
2021-07-07 20:37:41+00:00,Main CLP 🇨🇱,Expense,Gifts,7300.0,CLP,7300.0,Regalo Vicho ,,2021-07-07,2021-W27,2021-07,2021,Chao culpa
2021-07-08 15:21:00+00:00,Main CLP 🇨🇱,Expense,Shopping,40000.0,CLP,40000.0,Case guitarra electroacústica ,,2021-07-08,2021-W27,2021-07,2021,Chao culpa
2021-07-08 15:52:09+00:00,Main CLP 🇨🇱,Expense,Utilities,15700.0,CLP,15700.0,,internet,2021-07-08,2021-W27,2021-07,2021,Gastos fijos
2021-07-08 17:09:37+00:00,Main CLP 🇨🇱,Expense,Restaurant,9850.0,CLP,9850.0,Sushi rosario,,2021-07-08,2021-W27,2021-07,2021,Chao culpa
2021-07-08 17:45:17+00:00,Main CLP 🇨🇱,Expense,Shopping,141470.0,CLP,141470.0,Raqueta yonex ezone,,2021-07-08,2021-W27,2021-07,2021,Chao culpa
2021-07-08 22:29:17+00:00,Main CLP 🇨🇱,Expense,Shopping,49990.0,CLP,49990.0,Zapatilas nike recolution running,,2021-07-08,2021-W27,2021-07,2021,Chao culpa
2021-07-08 22:36:29+00:00,Main CLP 🇨🇱,Expense,Restaurant,1598.0,CLP,1598.0,,,2021-07-08,2021-W27,2021-07,2021,Chao culpa
2021-07-10 03:17:17+00:00,Main CLP 🇨🇱,Expense,Transport,12000.0,CLP,12000.0,,,2021-07-10,2021-W27,2021-07,2021,Gastos fijos
2021-07-12 15:57:49+00:00,Main CLP 🇨🇱,Expense,Snacks & Coffee,2990.0,CLP,2990.0,,,2021-07-12,2021-W28,2021-07,2021,Chao culpa
2021-07-12 17:54:33+00:00,Main CLP 🇨🇱,Expense,Restaurant,23485.0,CLP,23485.0,Bravo,,2021-07-12,2021-W28,2021-07,2021,Chao culpa
2021-07-12 20:06:12+00:00,Main CLP 🇨🇱,Expense,Utilities,15500.0,CLP,15500.0,Movistar fibra,internet,2021-07-12,2021-W28,2021-07,2021,Gastos fijos
2021-07-12 20:38:02+00:00,Main CLP 🇨🇱,Expense,Transport,3000.0,CLP,3000.0,,,2021-07-12,2021-W28,2021-07,2021,Gastos fijos
2021-07-12 21:58:34+00:00,Main CLP 🇨🇱,Expense,Gifts,23100.0,CLP,23100.0,Masaje pareja,,2021-07-12,2021-W28,2021-07,2021,Chao culpa
2021-07-14 17:10:56+00:00,Main CLP 🇨🇱,Expense,Groceries,3100.0,CLP,3100.0,,,2021-07-14,2021-W28,2021-07,2021,Gastos fijos
2021-07-14 23:15:16+00:00,Main CLP 🇨🇱,Expense,Snacks & Coffee,3150.0,CLP,3150.0,,,2021-07-14,2021-W28,2021-07,2021,Chao culpa
2021-07-15 16:25:31+00:00,Main CLP 🇨🇱,Expense,Acommodation,55010.0,CLP,55010.0,Pintura ,,2021-07-15,2021-W28,2021-07,2021,Gastos fijos
2021-07-16 15:39:00+00:00,Main CLP 🇨🇱,Expense,Groceries,3770.0,CLP,3770.0,,,2021-07-16,2021-W28,2021-07,2021,Gastos fijos
2021-07-17 02:14:54+00:00,Main CLP 🇨🇱,Expense,Education,11900.0,CLP,11900.0,Udemy tennis,,2021-07-17,2021-W28,2021-07,2021,Secundarios
2021-07-17 20:02:30+00:00,Main CLP 🇨🇱,Expense,Gifts,83300.0,CLP,83300.0,Curso cata metodo sintotermico,,2021-07-17,2021-W28,2021-07,2021,Chao culpa
2021-07-18 00:25:42+00:00,Main CLP 🇨🇱,Expense,Acommodation,28132.0,CLP,28132.0,Cuentaa depto,,2021-07-18,2021-W28,2021-07,2021,Gastos fijos
2021-07-18 01:56:53+00:00,Main CLP 🇨🇱,Expense,Acommodation,60000.0,CLP,60000.0,Salvador pintura depto,,2021-07-18,2021-W28,2021-07,2021,Gastos fijos
2021-07-18 19:27:41+00:00,Main CLP 🇨🇱,Expense,Groceries,8870.0,CLP,8870.0,,,2021-07-18,2021-W28,2021-07,2021,Gastos fijos
2021-07-19 15:18:23+00:00,Main CLP 🇨🇱,Expense,Snacks & Coffee,8800.0,CLP,8800.0,,,2021-07-19,2021-W29,2021-07,2021,Chao culpa
2021-07-20 01:17:34+00:00,Main CLP 🇨🇱,Expense,Other,32000.0,CLP,32000.0,Mantencion bici JC Bikes,,2021-07-20,2021-W29,2021-07,2021,Gastos fijos
2021-07-20 18:49:54+00:00,Main CLP 🇨🇱,Expense,Restaurant,13700.0,CLP,13700.0,Almuerzo dietee,,2021-07-20,2021-W29,2021-07,2021,Chao culpa
2021-07-22 16:39:51+00:00,Main CLP 🇨🇱,Expense,Snacks & Coffee,1800.0,CLP,1800.0,,,2021-07-22,2021-W29,2021-07,2021,Chao culpa
2021-07-22 16:40:27+00:00,Main CLP 🇨🇱,Expense,Shopping,7990.0,CLP,7990.0,,,2021-07-22,2021-W29,2021-07,2021,Chao culpa
2021-07-22 17:55:51+00:00,Main CLP 🇨🇱,Expense,Restaurant,18450.0,CLP,18450.0,,,2021-07-22,2021-W29,2021-07,2021,Chao culpa
2021-07-22 20:10:52+00:00,Main CLP 🇨🇱,Expense,Transport,2500.0,CLP,2500.0,,,2021-07-22,2021-W29,2021-07,2021,Gastos fijos
2021-07-22 20:10:59+00:00,Main CLP 🇨🇱,Expense,Transport,1200.0,CLP,1200.0,,,2021-07-22,2021-W29,2021-07,2021,Gastos fijos
2021-07-22 22:49:49+00:00,Main CLP 🇨🇱,Expense,Snacks & Coffee,9147.0,CLP,9147.0,,,2021-07-22,2021-W29,2021-07,2021,Chao culpa
2021-07-25 01:48:18+00:00,Main CLP 🇨🇱,Expense,Alcohol,13000.0,CLP,13000.0,,,2021-07-25,2021-W29,2021-07,2021,Chao culpa
2021-07-26 22:00:20+00:00,Main CLP 🇨🇱,Expense,Snacks & Coffee,2770.0,CLP,2770.0,,,2021-07-26,2021-W30,2021-07,2021,Chao culpa
2021-07-27 18:33:20+00:00,Main CLP 🇨🇱,Expense,Restaurant,11080.0,CLP,11080.0,8 empanadas,,2021-07-27,2021-W30,2021-07,2021,Chao culpa
2021-08-01 16:00:10+00:00,Main CLP 🇨🇱,Income,Salary,1800000.0,CLP,1800000.0,,,2021-08-01,2021-W30,2021-08,2021,Otros
2021-08-01 16:05:18+00:00,Main CLP 🇨🇱,Expense,Utilities,9990.0,CLP,9990.0,Entel movil,,2021-08-01,2021-W30,2021-08,2021,Gastos fijos
2021-08-01 21:03:25+00:00,Main CLP 🇨🇱,Expense,Restaurant,50298.0,CLP,50298.0,Miranar almuerzo quintay,,2021-08-01,2021-W30,2021-08,2021,Chao culpa
2021-08-02 01:51:01+00:00,Main CLP 🇨🇱,Expense,Utilities,1900.0,CLP,1900.0,Apple cloud 200 Gb,,2021-08-02,2021-W31,2021-08,2021,Gastos fijos
2021-08-03 13:42:33+00:00,Main CLP 🇨🇱,Expense,Restaurant,11880.0,CLP,11880.0,Baos dani damir,,2021-08-03,2021-W31,2021-08,2021,Chao culpa
2021-08-04 03:16:13+00:00,Main CLP 🇨🇱,Expense,Groceries,7868.0,CLP,7868.0,,,2021-08-04,2021-W31,2021-08,2021,Gastos fijos
2021-08-04 15:58:02+00:00,Main CLP 🇨🇱,Expense,Education,45000.0,CLP,45000.0,Guitarra macan ,,2021-08-04,2021-W31,2021-08,2021,Secundarios
2021-08-05 15:43:34+00:00,Main CLP 🇨🇱,Expense,Acommodation,4723.0,CLP,4723.0,,,2021-08-05,2021-W31,2021-08,2021,Gastos fijos
2021-08-05 19:54:20+00:00,Main CLP 🇨🇱,Expense,Restaurant,21569.0,CLP,21569.0,Pizza con jaime invitation ,,2021-08-05,2021-W31,2021-08,2021,Chao culpa
2021-08-08 21:38:09+00:00,Main CLP 🇨🇱,Expense,Shopping,47890.0,CLP,47890.0,Pantalones marmot convertibles,ropa,2021-08-08,2021-W31,2021-08,2021,Chao culpa
2021-08-12 20:06:12+00:00,Main CLP 🇨🇱,Expense,Utilities,15500.0,CLP,15500.0,Movistar fibra,internet,2021-08-12,2021-W32,2021-08,2021,Gastos fijos
2021-08-13 17:34:38+00:00,Main CLP 🇨🇱,Expense,Pharmacy ,3900.0,CLP,3900.0,,,2021-08-13,2021-W32,2021-08,2021,Gastos fijos
2021-08-13 17:49:02+00:00,Main CLP 🇨🇱,Expense,Groceries,53700.0,CLP,53700.0,,verduleria,2021-08-13,2021-W32,2021-08,2021,Gastos fijos
2021-08-13 18:10:14+00:00,Main CLP 🇨🇱,Expense,Pharmacy ,3600.0,CLP,3600.0,,,2021-08-13,2021-W32,2021-08,2021,Gastos fijos
2021-08-13 19:09:35+00:00,Main CLP 🇨🇱,Expense,Restaurant,23790.0,CLP,23790.0,Fork varios,,2021-08-13,2021-W32,2021-08,2021,Chao culpa
2021-08-13 23:57:04+00:00,Main CLP 🇨🇱,Expense,Healthcare,1.0,CLP,1.0,Excedentes 81260,,2021-08-13,2021-W32,2021-08,2021,Gastos fijos
2021-08-17 22:51:50+00:00,Main CLP 🇨🇱,Expense,Groceries,8660.0,CLP,8660.0,,,2021-08-17,2021-W33,2021-08,2021,Gastos fijos
2021-08-18 14:15:23+00:00,Main CLP 🇨🇱,Expense,Healthcare,5500.0,CLP,5500.0,Dermatologist ,,2021-08-18,2021-W33,2021-08,2021,Gastos fijos
2021-08-18 15:34:13+00:00,Main CLP 🇨🇱,Expense,Healthcare,6987.0,CLP,6987.0,Ecotomagrafia,,2021-08-18,2021-W33,2021-08,2021,Gastos fijos
2021-08-21 00:18:19+00:00,Main CLP 🇨🇱,Expense,Snacks & Coffee,6050.0,CLP,6050.0,,,2021-08-21,2021-W33,2021-08,2021,Chao culpa
2021-08-21 01:55:59+00:00,Main CLP 🇨🇱,Expense,Snacks & Coffee,11540.0,CLP,11540.0,,,2021-08-21,2021-W33,2021-08,2021,Chao culpa
2021-08-21 02:43:51+00:00,Main CLP 🇨🇱,Expense,Restaurant,9750.0,CLP,9750.0,,,2021-08-21,2021-W33,2021-08,2021,Chao culpa
2021-08-22 17:49:38+00:00,Main CLP 🇨🇱,Expense,Gifts,13500.0,CLP,13500.0,Kuchen,,2021-08-22,2021-W33,2021-08,2021,Chao culpa
2021-08-24 01:11:05+00:00,Main CLP 🇨🇱,Expense,Restaurant,24000.0,CLP,24000.0,Arabe victo,,2021-08-24,2021-W34,2021-08,2021,Chao culpa
2021-08-25 15:28:36+00:00,Main CLP 🇨🇱,Expense,Groceries,12640.0,CLP,12640.0,,,2021-08-25,2021-W34,2021-08,2021,Gastos fijos
2021-08-26 21:17:25+00:00,Main CLP 🇨🇱,Expense,Snacks & Coffee,1580.0,CLP,1580.0,,,2021-08-26,2021-W34,2021-08,2021,Chao culpa
2021-08-27 16:22:53+00:00,Main CLP 🇨🇱,Expense,Restaurant,8650.0,CLP,8650.0,,,2021-08-27,2021-W34,2021-08,2021,Chao culpa
2021-08-27 23:26:40+00:00,Main CLP 🇨🇱,Expense,Restaurant,14375.0,CLP,14375.0,,,2021-08-27,2021-W34,2021-08,2021,Chao culpa
2021-08-29 17:46:22+00:00,Main CLP 🇨🇱,Expense,Restaurant,4690.0,CLP,4690.0,,,2021-08-29,2021-W34,2021-08,2021,Chao culpa
2021-08-29 17:46:35+00:00,Main CLP 🇨🇱,Expense,Snacks & Coffee,3500.0,CLP,3500.0,,,2021-08-29,2021-W34,2021-08,2021,Chao culpa
2021-08-29 20:39:38+00:00,Main CLP 🇨🇱,Expense,Transport,3000.0,CLP,3000.0,,,2021-08-29,2021-W34,2021-08,2021,Gastos fijos
2021-09-01 13:04:07+00:00,Main CLP 🇨🇱,Expense,Education,60000.0,CLP,60000.0,Guitarra macan,,2021-09-01,2021-W35,2021-09,2021,Secundarios
2021-09-01 16:00:10+00:00,Main CLP 🇨🇱,Income,Salary,1800000.0,CLP,1800000.0,,,2021-09-01,2021-W35,2021-09,2021,Otros
2021-09-01 16:05:18+00:00,Main CLP 🇨🇱,Expense,Utilities,9990.0,CLP,9990.0,Entel movil,,2021-09-01,2021-W35,2021-09,2021,Gastos fijos
2021-09-02 01:51:01+00:00,Main CLP 🇨🇱,Expense,Utilities,1900.0,CLP,1900.0,Apple cloud 200 Gb,,2021-09-02,2021-W35,2021-09,2021,Gastos fijos
2021-09-10 16:39:14+00:00,Main CLP 🇨🇱,Expense,Snacks & Coffee,3000.0,CLP,3000.0,,,2021-09-10,2021-W36,2021-09,2021,Chao culpa
2021-09-10 19:46:19+00:00,Main CLP 🇨🇱,Expense,Transport,5500.0,CLP,5500.0,,,2021-09-10,2021-W36,2021-09,2021,Gastos fijos
2021-09-10 19:46:28+00:00,Main CLP 🇨🇱,Expense,Transport,9000.0,CLP,9000.0,,,2021-09-10,2021-W36,2021-09,2021,Gastos fijos
2021-09-10 19:46:35+00:00,Main CLP 🇨🇱,Expense,Restaurant,2000.0,CLP,2000.0,,,2021-09-10,2021-W36,2021-09,2021,Chao culpa
2021-09-11 02:26:04+00:00,Main CLP 🇨🇱,Expense,Transport,6000.0,CLP,6000.0,,,2021-09-11,2021-W36,2021-09,2021,Gastos fijos
2021-09-14 13:20:47+00:00,Main CLP 🇨🇱,Expense,Groceries,42600.0,CLP,42600.0,,,2021-09-14,2021-W37,2021-09,2021,Gastos fijos
2021-09-14 14:30:02+00:00,Main CLP 🇨🇱,Expense,Restaurant,12900.0,CLP,12900.0,Huerto con rod,,2021-09-14,2021-W37,2021-09,2021,Chao culpa
2021-09-15 16:09:48+00:00,Main CLP 🇨🇱,Expense,Gifts,42800.0,CLP,42800.0,Regalo Andrés matri helicoptero,,2021-09-15,2021-W37,2021-09,2021,Chao culpa
2021-09-15 16:36:43+00:00,Main CLP 🇨🇱,Expense,Transport,13200.0,CLP,13200.0,,gas,2021-09-15,2021-W37,2021-09,2021,Gastos fijos
2021-09-15 17:39:28+00:00,Main CLP 🇨🇱,Expense,Groceries,37800.0,CLP,37800.0,Cafe dos kilos,,2021-09-15,2021-W37,2021-09,2021,Gastos fijos
2021-09-15 23:55:20+00:00,Main CLP 🇨🇱,Expense,Restaurant,11900.0,CLP,11900.0,,,2021-09-15,2021-W37,2021-09,2021,Chao culpa
2021-09-17 13:00:47+00:00,Main CLP 🇨🇱,Expense,Gifts,15500.0,CLP,15500.0,Chocolates victo,,2021-09-17,2021-W37,2021-09,2021,Chao culpa
2021-09-24 18:12:25+00:00,Main CLP 🇨🇱,Expense,Restaurant,8476.0,CLP,8476.0,Burger,,2021-09-24,2021-W38,2021-09,2021,Chao culpa
2021-09-26 10:49:37+00:00,Main CLP 🇨🇱,Expense,Snacks & Coffee,6500.0,CLP,6500.0,,,2021-09-26,2021-W38,2021-09,2021,Chao culpa
2021-09-29 18:27:27+00:00,Main CLP 🇨🇱,Income,Sale,480000.0,CLP,480000.0,Venta canon 200mm 2.8,,2021-09-29,2021-W39,2021-09,2021,Otros
2021-09-29 18:27:44+00:00,Main CLP 🇨🇱,Income,Sale,440000.0,CLP,440000.0,Canon 17-40mm,,2021-09-29,2021-W39,2021-09,2021,Otros
2021-10-01 15:00:10+00:00,Main CLP 🇨🇱,Income,Salary,1800000.0,CLP,1800000.0,,,2021-10-01,2021-W39,2021-10,2021,Otros
2021-10-01 15:05:18+00:00,Main CLP 🇨🇱,Expense,Utilities,9990.0,CLP,9990.0,Entel movil,,2021-10-01,2021-W39,2021-10,2021,Gastos fijos
2021-10-01 19:26:53+00:00,Main CLP 🇨🇱,Expense,Alcohol,10000.0,CLP,10000.0,,,2021-10-01,2021-W39,2021-10,2021,Chao culpa
2021-10-01 20:35:55+00:00,Main CLP 🇨🇱,Expense,Restaurant,10560.0,CLP,10560.0,Sándwich salmón tunquen ,,2021-10-01,2021-W39,2021-10,2021,Chao culpa
2021-10-02 00:43:24+00:00,Main CLP 🇨🇱,Expense,Groceries,38000.0,CLP,38000.0,,,2021-10-02,2021-W39,2021-10,2021,Gastos fijos
2021-10-02 00:51:01+00:00,Main CLP 🇨🇱,Expense,Utilities,1900.0,CLP,1900.0,Apple cloud 200 Gb,,2021-10-02,2021-W39,2021-10,2021,Gastos fijos
2021-10-03 20:37:20+00:00,Main CLP 🇨🇱,Expense,Gifts,14339.0,CLP,14339.0,,,2021-10-03,2021-W39,2021-10,2021,Chao culpa
2021-10-10 17:46:08+00:00,Main CLP 🇨🇱,Expense,Groceries,9230.0,CLP,9230.0,,,2021-10-10,2021-W40,2021-10,2021,Gastos fijos
2021-10-11 00:11:25+00:00,Main CLP 🇨🇱,Expense,Groceries,11533.0,CLP,11533.0,,,2021-10-11,2021-W41,2021-10,2021,Gastos fijos
2021-10-11 00:11:37+00:00,Main CLP 🇨🇱,Expense,Alcohol,5800.0,CLP,5800.0,,,2021-10-11,2021-W41,2021-10,2021,Chao culpa
2021-10-12 19:06:12+00:00,Main CLP 🇨🇱,Expense,Utilities,15500.0,CLP,15500.0,Movistar fibra,internet,2021-10-12,2021-W41,2021-10,2021,Gastos fijos
2021-10-13 15:03:39+00:00,Main CLP 🇨🇱,Expense,Other,89710.0,CLP,89710.0,Pasaporte cl,,2021-10-13,2021-W41,2021-10,2021,Gastos fijos
2021-10-13 19:46:15+00:00,Main CLP 🇨🇱,Expense,Snacks & Coffee,5600.0,CLP,5600.0,,,2021-10-13,2021-W41,2021-10,2021,Chao culpa
2021-10-13 19:46:26+00:00,Main CLP 🇨🇱,Expense,Restaurant,14500.0,CLP,14500.0,,,2021-10-13,2021-W41,2021-10,2021,Chao culpa
2021-10-15 12:39:56+00:00,Main CLP 🇨🇱,Expense,Restaurant,8944.0,CLP,8944.0,,,2021-10-15,2021-W41,2021-10,2021,Chao culpa
2021-10-15 12:40:16+00:00,Main CLP 🇨🇱,Expense,Gifts,8000.0,CLP,8000.0,Cafe isi,,2021-10-15,2021-W41,2021-10,2021,Chao culpa
2021-10-15 12:40:31+00:00,Main CLP 🇨🇱,Expense,Groceries,24000.0,CLP,24000.0,Cafe,,2021-10-15,2021-W41,2021-10,2021,Gastos fijos
2021-10-15 15:14:41+00:00,Main CLP 🇨🇱,Expense,Gifts,30000.0,CLP,30000.0,Juego arena dami,,2021-10-15,2021-W41,2021-10,2021,Chao culpa
2021-10-15 15:57:22+00:00,Main CLP 🇨🇱,Expense,Snacks & Coffee,1950.0,CLP,1950.0,,,2021-10-15,2021-W41,2021-10,2021,Chao culpa
2021-10-18 22:09:15+00:00,Main CLP 🇨🇱,Expense,Flights,61291.0,CLP,61291.0,Pasaje lan scl mad,,2021-10-18,2021-W42,2021-10,2021,Otros
2021-10-21 20:12:31+00:00,Main CLP 🇨🇱,Expense,Healthcare,1.0,CLP,1.0,Dentista excedentes 72.980,,2021-10-21,2021-W42,2021-10,2021,Gastos fijos
2021-10-25 00:33:09+00:00,Main CLP 🇨🇱,Expense,Restaurant,15000.0,CLP,15000.0,Bagels,,2021-10-25,2021-W43,2021-10,2021,Chao culpa
2021-10-25 00:33:17+00:00,Main CLP 🇨🇱,Expense,Snacks & Coffee,2400.0,CLP,2400.0,,,2021-10-25,2021-W43,2021-10,2021,Chao culpa
2021-10-25 01:58:56+00:00,Main CLP 🇨🇱,Expense,Education,14000.0,CLP,14000.0,React course,,2021-10-25,2021-W43,2021-10,2021,Secundarios
2021-10-25 17:46:05+00:00,Main CLP 🇨🇱,Expense,Shopping,77000.0,CLP,77000.0,Mochila 55 lts decathlon,,2021-10-25,2021-W43,2021-10,2021,Chao culpa
2021-10-27 23:21:48+00:00,Main CLP 🇨🇱,Expense,Groceries,15000.0,CLP,15000.0,,,2021-10-27,2021-W43,2021-10,2021,Gastos fijos
2021-10-27 23:25:59+00:00,Main CLP 🇨🇱,Expense,Restaurant,14700.0,CLP,14700.0,Bao bar,,2021-10-27,2021-W43,2021-10,2021,Chao culpa
2021-10-27 23:35:10+00:00,Main CLP 🇨🇱,Expense,Restaurant,3100.0,CLP,3100.0,Taco,,2021-10-27,2021-W43,2021-10,2021,Chao culpa
2021-10-28 15:50:26+00:00,Main CLP 🇨🇱,Expense,Alcohol,10900.0,CLP,10900.0,Salida bi ,,2021-10-28,2021-W43,2021-10,2021,Chao culpa
2021-10-29 18:00:55+00:00,Main CLP 🇨🇱,Expense,Groceries,46100.0,CLP,46100.0,Cumple cata cosas,,2021-10-29,2021-W43,2021-10,2021,Gastos fijos
2021-10-31 22:52:54+00:00,Main CLP 🇨🇱,Expense,Gifts,29990.0,CLP,29990.0,Regalo cata funda,,2021-10-31,2021-W43,2021-10,2021,Chao culpa
2021-10-31 22:53:21+00:00,Main CLP 🇨🇱,Expense,Shopping,12990.0,CLP,12990.0,Carcasa iphonr,,2021-10-31,2021-W43,2021-10,2021,Chao culpa
2021-11-01 15:00:10+00:00,Main CLP 🇨🇱,Income,Salary,1800000.0,CLP,1800000.0,,,2021-11-01,2021-W44,2021-11,2021,Otros
2021-11-01 15:05:18+00:00,Main CLP 🇨🇱,Expense,Utilities,9990.0,CLP,9990.0,Entel movil,,2021-11-01,2021-W44,2021-11,2021,Gastos fijos
2021-11-02 00:43:33+00:00,Main CLP 🇨🇱,Expense,Restaurant,10600.0,CLP,10600.0,,,2021-11-02,2021-W44,2021-11,2021,Chao culpa
2021-11-02 00:51:01+00:00,Main CLP 🇨🇱,Expense,Utilities,1900.0,CLP,1900.0,Apple cloud 200 Gb,,2021-11-02,2021-W44,2021-11,2021,Gastos fijos
2021-11-03 12:33:54+00:00,Main CLP 🇨🇱,Expense,Education,30000.0,CLP,30000.0,"Clases guitarra
Nov 2 clases",,2021-11-03,2021-W44,2021-11,2021,Secundarios
2021-11-03 15:33:30+00:00,Main CLP 🇨🇱,Outgoing Transfer,,200000.0,CLP,200000.0,Bitcoin abono buda,,2021-11-03,2021-W44,2021-11,2021,Otros
2021-11-03 15:33:53+00:00,Main CLP 🇨🇱,Outgoing Transfer,,100000.0,CLP,100000.0,Fintual,,2021-11-03,2021-W44,2021-11,2021,Otros
2021-11-03 15:34:55+00:00,Main CLP 🇨🇱,Outgoing Transfer,,1610000.0,CLP,1610000.0,Dolares 2000,,2021-11-03,2021-W44,2021-11,2021,Otros
2021-11-04 15:50:57+00:00,Main CLP 🇨🇱,Expense,Snacks & Coffee,1950.0,CLP,1950.0,,,2021-11-04,2021-W44,2021-11,2021,Chao culpa
2021-11-05 17:56:32+00:00,Main CLP 🇨🇱,Expense,Restaurant,11366.0,CLP,11366.0,,,2021-11-05,2021-W44,2021-11,2021,Chao culpa
2021-11-05 18:33:33+00:00,Main CLP 🇨🇱,Expense,Snacks & Coffee,2400.0,CLP,2400.0,,,2021-11-05,2021-W44,2021-11,2021,Chao culpa
2021-11-08 14:57:19+00:00,Main CLP 🇨🇱,Expense,Restaurant,16000.0,CLP,16000.0,Pizzas papas cata,,2021-11-08,2021-W45,2021-11,2021,Chao culpa
2021-11-10 23:04:10+00:00,Main CLP 🇨🇱,Expense,Groceries,19800.0,CLP,19800.0,,,2021-11-10,2021-W45,2021-11,2021,Gastos fijos
2021-11-11 18:48:58+00:00,Main CLP 🇨🇱,Expense,Pharmacy ,17000.0,CLP,17000.0,Super floss,,2021-11-11,2021-W45,2021-11,2021,Gastos fijos
2021-11-11 22:14:15+00:00,Main CLP 🇨🇱,Expense,Activities,35000.0,CLP,35000.0,Masaje bow spa,,2021-11-11,2021-W45,2021-11,2021,Chao culpa
2021-11-12 19:06:12+00:00,Main CLP 🇨🇱,Expense,Utilities,15500.0,CLP,15500.0,Movistar fibra,internet,2021-11-12,2021-W45,2021-11,2021,Gastos fijos
2021-11-17 20:31:19+00:00,Main CLP 🇨🇱,Expense,Restaurant,23500.0,CLP,23500.0,,,2021-11-17,2021-W46,2021-11,2021,Chao culpa
2021-11-19 10:54:04+00:00,Main CLP 🇨🇱,Income,Extra Income,16619.0,CLP,16619.0,"Stock options Cornershop primer ejercicio. Monto exacto 16,619,658
",,2021-11-19,2021-W46,2021-11,2021,Otros
2021-11-19 19:10:58+00:00,Main CLP 🇨🇱,Expense,Pharmacy ,18000.0,CLP,18000.0,Corte de pelo le moustache,,2021-11-19,2021-W46,2021-11,2021,Gastos fijos
2021-11-21 21:40:29+00:00,Main CLP 🇨🇱,Expense,Gifts,5600.0,CLP,5600.0,,,2021-11-21,2021-W46,2021-11,2021,Chao culpa
2021-11-22 23:39:00+00:00,Main CLP 🇨🇱,Expense,Restaurant,5400.0,CLP,5400.0,,,2021-11-22,2021-W47,2021-11,2021,Chao culpa
2021-11-26 13:37:58+00:00,Main CLP 🇨🇱,Expense,Restaurant,3000.0,CLP,3000.0,Pizzas,,2021-11-26,2021-W47,2021-11,2021,Chao culpa
2021-11-26 13:37:59+00:00,Main CLP 🇨🇱,Expense,Restaurant,3000.0,CLP,3000.0,Pizzas,,2021-11-26,2021-W47,2021-11,2021,Chao culpa
2021-11-27 14:23:18+00:00,Main CLP 🇨🇱,Expense,Restaurant,10000.0,CLP,10000.0,,,2021-11-27,2021-W47,2021-11,2021,Chao culpa
2021-11-29 22:36:29+00:00,Main CLP 🇨🇱,Expense,Snacks & Coffee,5000.0,CLP,5000.0,,,2021-11-29,2021-W48,2021-11,2021,Chao culpa
2021-11-30 18:01:18+00:00,Main CLP 🇨🇱,Outgoing Transfer,,1610000.0,CLP,1610000.0,Compra 2000 usd,,2021-11-30,2021-W48,2021-11,2021,Otros
2021-11-30 19:07:42+00:00,Main CLP 🇨🇱,Expense,Education,8200.0,CLP,8200.0,Udemy django,,2021-11-30,2021-W48,2021-11,2021,Secundarios
2021-11-30 19:44:31+00:00,Main CLP 🇨🇱,Expense,Groceries,22793.0,CLP,22793.0,,,2021-11-30,2021-W48,2021-11,2021,Gastos fijos
2021-11-30 20:42:50+00:00,Main CLP 🇨🇱,Expense,Shopping,7230.0,CLP,7230.0,Lamina iphone 11,,2021-11-30,2021-W48,2021-11,2021,Chao culpa
2021-12-01 15:00:10+00:00,Main CLP 🇨🇱,Income,Salary,1800000.0,CLP,1800000.0,,,2021-12-01,2021-W48,2021-12,2021,Otros
2021-12-01 15:05:18+00:00,Main CLP 🇨🇱,Expense,Utilities,9990.0,CLP,9990.0,Entel movil,,2021-12-01,2021-W48,2021-12,2021,Gastos fijos
2021-12-02 00:51:01+00:00,Main CLP 🇨🇱,Expense,Utilities,1900.0,CLP,1900.0,Apple cloud 200 Gb,,2021-12-02,2021-W48,2021-12,2021,Gastos fijos
2021-12-02 19:00:09+00:00,Main CLP 🇨🇱,Expense,Other,44000.0,CLP,44000.0,Notaria mandato general ,,2021-12-02,2021-W48,2021-12,2021,Gastos fijos
2021-12-05 19:00:45+00:00,Main CLP 🇨🇱,Expense,Restaurant,49260.0,CLP,49260.0,Pizzas guela,,2021-12-05,2021-W48,2021-12,2021,Chao culpa
2021-12-05 23:43:15+00:00,Main CLP 🇨🇱,Expense,Alcohol,4200.0,CLP,4200.0,,,2021-12-05,2021-W48,2021-12,2021,Chao culpa
2021-12-06 23:38:25+00:00,Main CLP 🇨🇱,Expense,Restaurant,10430.0,CLP,10430.0,,,2021-12-06,2021-W49,2021-12,2021,Chao culpa
2021-12-11 12:58:10+00:00,Main CLP 🇨🇱,Expense,Alcohol,9086.0,CLP,9086.0,,,2021-12-11,2021-W49,2021-12,2021,Chao culpa
2021-12-12 19:06:12+00:00,Main CLP 🇨🇱,Expense,Utilities,15500.0,CLP,15500.0,Movistar fibra,internet,2021-12-12,2021-W49,2021-12,2021,Gastos fijos
2021-12-14 16:30:13+00:00,Main CLP 🇨🇱,Expense,Restaurant,8400.0,CLP,8400.0,,,2021-12-14,2021-W50,2021-12,2021,Chao culpa
2021-12-14 16:30:42+00:00,Main CLP 🇨🇱,Expense,Restaurant,8857.14285713,CLP,8857.0,,,2021-12-14,2021-W50,2021-12,2021,Chao culpa
2021-12-14 22:57:46+00:00,Main CLP 🇨🇱,Expense,Groceries,4095.23809523,CLP,4095.0,,,2021-12-14,2021-W50,2021-12,2021,Gastos fijos
2021-12-15 12:58:52+00:00,Main CLP 🇨🇱,Expense,Restaurant,14217.02942,CLP,14217.0,,,2021-12-15,2021-W50,2021-12,2021,Chao culpa
2021-12-15 12:59:06+00:00,Main CLP 🇨🇱,Expense,Groceries,1292.45722,CLP,1292.0,,,2021-12-15,2021-W50,2021-12,2021,Gastos fijos
2021-12-15 19:47:43+00:00,Main CLP 🇨🇱,Expense,Other,21971.77274,CLP,21972.0,Plan 15gb,,2021-12-15,2021-W50,2021-12,2021,Gastos fijos
2021-12-17 14:34:09+00:00,Main CLP 🇨🇱,Expense,Groceries,3360.388772,CLP,3360.0,,,2021-12-17,2021-W50,2021-12,2021,Gastos fijos
2021-12-17 14:34:22+00:00,Main CLP 🇨🇱,Expense,Alcohol,775.474332,CLP,775.0,,,2021-12-17,2021-W50,2021-12,2021,Chao culpa
2021-12-17 19:23:34+00:00,Main CLP 🇨🇱,Expense,Restaurant,4006.617382,CLP,4007.0,,,2021-12-17,2021-W50,2021-12,2021,Chao culpa
2021-12-17 23:42:51+00:00,Main CLP 🇨🇱,Expense,Activities,13700.046532,CLP,13700.0,Thermal,,2021-12-17,2021-W50,2021-12,2021,Chao culpa
2021-12-18 10:35:45+00:00,Main CLP 🇨🇱,Expense,Alcohol,1494.08054632,CLP,1494.0,,,2021-12-18,2021-W50,2021-12,2021,Chao culpa
2021-12-18 12:49:30+00:00,Main CLP 🇨🇱,Expense,Restaurant,7754.74332,CLP,7755.0,,,2021-12-18,2021-W50,2021-12,2021,Chao culpa
2021-12-18 12:50:17+00:00,Main CLP 🇨🇱,Expense,Activities,2584.91444,CLP,2585.0,,,2021-12-18,2021-W50,2021-12,2021,Chao culpa
2021-12-18 14:18:40+00:00,Main CLP 🇨🇱,Expense,Alcohol,2326.422996,CLP,2326.0,,,2021-12-18,2021-W50,2021-12,2021,Chao culpa
2021-12-18 14:52:20+00:00,Main CLP 🇨🇱,Expense,Shopping,3877.37166,CLP,3877.0,Monedero,,2021-12-18,2021-W50,2021-12,2021,Chao culpa
2021-12-20 21:32:06+00:00,Main CLP 🇨🇱,Expense,Alcohol,2584.91444,CLP,2585.0,,,2021-12-20,2021-W51,2021-12,2021,Chao culpa
2021-12-21 12:13:27+00:00,Main CLP 🇨🇱,Expense,Snacks & Coffee,1525.0995196,CLP,1525.0,,,2021-12-21,2021-W51,2021-12,2021,Chao culpa
2021-12-21 18:35:33+00:00,Main CLP 🇨🇱,Expense,Alcohol,2042.0824076,CLP,2042.0,,,2021-12-21,2021-W51,2021-12,2021,Chao culpa
2021-12-21 18:35:44+00:00,Main CLP 🇨🇱,Expense,Restaurant,4337.48643032,CLP,4337.0,,,2021-12-21,2021-W51,2021-12,2021,Chao culpa
2021-12-22 14:16:46+00:00,Main CLP 🇨🇱,Expense,Transport,9047.20054,CLP,9047.0,Buke donkey,,2021-12-22,2021-W51,2021-12,2021,Gastos fijos
2021-12-22 14:55:21+00:00,Main CLP 🇨🇱,Expense,Snacks & Coffee,2197.177274,CLP,2197.0,,,2021-12-22,2021-W51,2021-12,2021,Chao culpa
2021-12-22 16:58:53+00:00,Main CLP 🇨🇱,Expense,Restaurant,2300.5738516,CLP,2301.0,,,2021-12-22,2021-W51,2021-12,2021,Chao culpa
2021-12-23 09:27:20+00:00,Main CLP 🇨🇱,Expense,Restaurant,2584.91444,CLP,2585.0,,,2021-12-23,2021-W51,2021-12,2021,Chao culpa
2021-12-23 16:03:36+00:00,Main CLP 🇨🇱,Expense,Snacks & Coffee,1862.74509803,CLP,1863.0,,,2021-12-23,2021-W51,2021-12,2021,Chao culpa
2021-12-23 16:03:42+00:00,Main CLP 🇨🇱,Expense,Restaurant,2549.01960784,CLP,2549.0,,,2021-12-23,2021-W51,2021-12,2021,Chao culpa
2021-12-23 20:25:33+00:00,Main CLP 🇨🇱,Expense,Restaurant,4901.9607843,CLP,4902.0,,,2021-12-23,2021-W51,2021-12,2021,Chao culpa
2021-12-25 14:48:36+00:00,Main CLP 🇨🇱,Expense,Alcohol,3431.37254901,CLP,3431.0,,,2021-12-25,2021-W51,2021-12,2021,Chao culpa
2021-12-25 14:48:47+00:00,Main CLP 🇨🇱,Expense,Alcohol,4411.76470587,CLP,4412.0,,,2021-12-25,2021-W51,2021-12,2021,Chao culpa
2021-12-26 16:25:12+00:00,Main CLP 🇨🇱,Expense,Snacks & Coffee,5882.35294116,CLP,5882.0,Cafe mcdobalds,,2021-12-26,2021-W51,2021-12,2021,Chao culpa
2021-12-27 10:12:26+00:00,Main CLP 🇨🇱,Expense,Shopping,3911.76470587,CLP,3912.0,Mozart bombones,,2021-12-27,2021-W52,2021-12,2021,Chao culpa
2021-12-27 20:15:39+00:00,Main CLP 🇨🇱,Expense,Alcohol,2308.29420953,CLP,2308.0,,,2021-12-27,2021-W52,2021-12,2021,Chao culpa
2021-12-28 13:49:28+00:00,Main CLP 🇨🇱,Expense,Snacks & Coffee,4694.8356804,CLP,4695.0,Chimney cake,,2021-12-28,2021-W52,2021-12,2021,Chao culpa
2021-12-29 10:48:11+00:00,Main CLP 🇨🇱,Expense,Snacks & Coffee,1917.05790283,CLP,1917.0,,,2021-12-29,2021-W52,2021-12,2021,Chao culpa
2021-12-29 14:05:23+00:00,Main CLP 🇨🇱,Expense,Alcohol,2699.53051623,CLP,2700.0,,,2021-12-29,2021-W52,2021-12,2021,Chao culpa
2021-12-29 18:20:22+00:00,Main CLP 🇨🇱,Expense,Snacks & Coffee,2934.27230025,CLP,2934.0,,,2021-12-29,2021-W52,2021-12,2021,Chao culpa
2021-12-29 20:18:10+00:00,Main CLP 🇨🇱,Expense,Alcohol,2269.17057886,CLP,2269.0,,,2021-12-29,2021-W52,2021-12,2021,Chao culpa
2021-12-29 20:54:04+00:00,Main CLP 🇨🇱,Expense,Alcohol,2308.29420953,CLP,2308.0,,,2021-12-29,2021-W52,2021-12,2021,Chao culpa
2021-12-30 10:07:28+00:00,Main CLP 🇨🇱,Expense,Flights,48904.5383375,CLP,48905.0,Pcr test praga,,2021-12-30,2021-W52,2021-12,2021,Otros
2021-12-31 13:58:46+00:00,Main CLP 🇨🇱,Expense,Snacks & Coffee,4812.20657241,CLP,4812.0,,,2021-12-31,2021-W52,2021-12,2021,Chao culpa
2021-12-31 14:38:23+00:00,Main CLP 🇨🇱,Expense,Activities,4807.6923077,CLP,4808.0,Castle tour,,2021-12-31,2021-W52,2021-12,2021,Chao culpa
2021-12-31 22:06:07+00:00,Main CLP 🇨🇱,Expense,Restaurant,5477.3082938,CLP,5477.0,Strudel ,,2021-12-31,2021-W52,2021-12,2021,Chao culpa
2022-01-01 07:55:35+00:00,Main CLP 🇨🇱,Expense,Restaurant,7211.53846155,CLP,7212.0,,,2022-01-01,2021-W52,2022-01,2022,Chao culpa
2022-01-01 15:00:10+00:00,Main CLP 🇨🇱,Income,Salary,1800000.0,CLP,1800000.0,,,2022-01-01,2021-W52,2022-01,2022,Otros
2022-01-01 15:05:18+00:00,Main CLP 🇨🇱,Expense,Utilities,9990.0,CLP,9990.0,Entel movil,,2022-01-01,2021-W52,2022-01,2022,Gastos fijos
2022-01-01 16:51:26+00:00,Main CLP 🇨🇱,Expense,Transport,43678.16091968,CLP,43678.0,,,2022-01-01,2021-W52,2022-01,2022,Gastos fijos
2022-01-01 16:51:42+00:00,Main CLP 🇨🇱,Expense,Snacks & Coffee,3965.51724139,CLP,3966.0,,,2022-01-01,2021-W52,2022-01,2022,Chao culpa
2022-01-01 16:52:30+00:00,Main CLP 🇨🇱,Expense,Restaurant,4310.3448276,CLP,4310.0,,,2022-01-01,2021-W52,2022-01,2022,Chao culpa
2022-01-02 00:51:01+00:00,Main CLP 🇨🇱,Expense,Utilities,1900.0,CLP,1900.0,Apple cloud 200 Gb,,2022-01-02,2021-W52,2022-01,2022,Gastos fijos
2022-01-02 11:48:51+00:00,Main CLP 🇨🇱,Expense,Alcohol,2298.85057472,CLP,2299.0,,,2022-01-02,2021-W52,2022-01,2022,Chao culpa
2022-01-04 19:25:27+00:00,Main CLP 🇨🇱,Expense,Acommodation,693162.3931617,CLP,693162.0,Rent airbnb,,2022-01-04,2022-W01,2022-01,2022,Gastos fijos
2022-01-05 16:19:37+00:00,Main CLP 🇨🇱,Expense,Restaurant,3448.27586208,CLP,3448.0,Tea pukka,,2022-01-05,2022-W01,2022-01,2022,Chao culpa
2022-01-05 16:19:52+00:00,Main CLP 🇨🇱,Expense,Pharmacy ,12632.18390809,CLP,12632.0,Vitamin D,,2022-01-05,2022-W01,2022-01,2022,Gastos fijos
2022-01-05 22:00:43+00:00,Main CLP 🇨🇱,Expense,Alcohol,2413.79310346,CLP,2414.0,,,2022-01-05,2022-W01,2022-01,2022,Chao culpa
2022-01-06 11:19:36+00:00,Main CLP 🇨🇱,Expense,Snacks & Coffee,2873.5632184,CLP,2874.0,,,2022-01-06,2022-W01,2022-01,2022,Chao culpa
2022-01-06 11:19:53+00:00,Main CLP 🇨🇱,Expense,Shopping,14931.03448281,CLP,14931.0,Matt,,2022-01-06,2022-W01,2022-01,2022,Chao culpa
2022-01-06 14:21:18+00:00,Main CLP 🇨🇱,Expense,Shopping,6896.55172416,CLP,6897.0,Splippers,,2022-01-06,2022-W01,2022-01,2022,Chao culpa
2022-01-07 15:13:39+00:00,Main CLP 🇨🇱,Expense,Savings,200000.0,CLP,200000.0,Ahorro fintual,,2022-01-07,2022-W01,2022-01,2022,Pasivos
2022-01-07 15:14:03+00:00,Main CLP 🇨🇱,Expense,Savings,400000.0,CLP,400000.0,Ahorro btc,btc-stacking,2022-01-07,2022-W01,2022-01,2022,Pasivos
2022-01-07 15:17:42+00:00,Main CLP 🇨🇱,Expense,Utilities,17045.4545454,CLP,17045.0,Mobile 25GB,,2022-01-07,2022-W01,2022-01,2022,Gastos fijos
2022-01-08 16:28:41+00:00,Main CLP 🇨🇱,Expense,Shopping,12818.18181814,CLP,12818.0,,,2022-01-08,2022-W01,2022-01,2022,Chao culpa
2022-01-09 11:44:04+00:00,Main CLP 🇨🇱,Expense,Subscriptions,10900.0,CLP,10900.0,Simple fasting app annual,,2022-01-09,2022-W01,2022-01,2022,Gastos fijos
2022-01-09 11:59:21+00:00,Main CLP 🇨🇱,Expense,Shopping,11797.75280901,CLP,11798.0,,,2022-01-09,2022-W01,2022-01,2022,Chao culpa
2022-01-12 19:06:12+00:00,Main CLP 🇨🇱,Expense,Utilities,15500.0,CLP,15500.0,Movistar fibra,internet,2022-01-12,2022-W02,2022-01,2022,Gastos fijos
2022-01-15 01:16:36+00:00,Main CLP 🇨🇱,Expense,Education,73770.4918035,CLP,73770.0,Algoexpert code prep,,2022-01-15,2022-W02,2022-01,2022,Secundarios
2022-01-15 12:26:16+00:00,Main CLP 🇨🇱,Expense,Shopping,12295.08196725,CLP,12295.0,Book lost valley of death,books,2022-01-15,2022-W02,2022-01,2022,Chao culpa
2022-01-15 16:57:40+00:00,Main CLP 🇨🇱,Expense,Groceries,5561.79775282,CLP,5562.0,,,2022-01-15,2022-W02,2022-01,2022,Gastos fijos
2022-01-19 21:45:07+00:00,Main CLP 🇨🇱,Expense,Restaurant,5955.05617979,CLP,5955.0,,,2022-01-19,2022-W03,2022-01,2022,Chao culpa
2022-01-20 10:55:20+00:00,Main CLP 🇨🇱,Expense,Snacks & Coffee,3483.14606742,CLP,3483.0,,,2022-01-20,2022-W03,2022-01,2022,Chao culpa
2022-01-20 12:31:24+00:00,Main CLP 🇨🇱,Expense,Shopping,5617.9775281,CLP,5618.0,Mug coffee,,2022-01-20,2022-W03,2022-01,2022,Chao culpa
2022-01-20 20:29:19+00:00,Main CLP 🇨🇱,Expense,Shopping,67415.7303372,CLP,67416.0,Bicicleta,,2022-01-20,2022-W03,2022-01,2022,Chao culpa
2022-01-20 20:30:31+00:00,Main CLP 🇨🇱,Expense,Savings,400000.0,CLP,400000.0,Btc,btc-stacking,2022-01-20,2022-W03,2022-01,2022,Pasivos
2022-01-22 00:45:38+00:00,Main CLP 🇨🇱,Expense,Utilities,33046.0,CLP,33046.0,Entel diciembre y pago extra cancelar ,,2022-01-22,2022-W03,2022-01,2022,Gastos fijos
2022-01-22 00:45:57+00:00,Main CLP 🇨🇱,Expense,Subscriptions,24500.0,CLP,24500.0,Day one anual journal,,2022-01-22,2022-W03,2022-01,2022,Gastos fijos
2022-01-22 12:12:26+00:00,Main CLP 🇨🇱,Expense,Restaurant,6956.52173914,CLP,6957.0,,,2022-01-22,2022-W03,2022-01,2022,Chao culpa
2022-01-22 18:54:45+00:00,Main CLP 🇨🇱,Expense,Restaurant,4891.30434783,CLP,4891.0,,,2022-01-22,2022-W03,2022-01,2022,Chao culpa
2022-01-22 19:47:12+00:00,Main CLP 🇨🇱,Expense,Activities,111413.04347835,CLP,111413.0,Lion King Musical,,2022-01-22,2022-W03,2022-01,2022,Chao culpa
2022-01-25 01:04:47+00:00,Main CLP 🇨🇱,Expense,Savings,200000.0,CLP,200000.0,,,2022-01-25,2022-W04,2022-01,2022,Pasivos
2022-01-25 23:19:02+00:00,Main CLP 🇨🇱,Expense,Education,28225.8064515,CLP,28226.0,Esucative io,,2022-01-25,2022-W04,2022-01,2022,Secundarios
2022-01-26 20:59:31+00:00,Main CLP 🇨🇱,Expense,Restaurant,5806.45161288,CLP,5806.0,,,2022-01-26,2022-W04,2022-01,2022,Chao culpa
2022-01-28 16:11:01+00:00,Main CLP 🇨🇱,Expense,Shopping,4032.2580645,CLP,4032.0,Filosofía bitcoin alvaro maria,books,2022-01-28,2022-W04,2022-01,2022,Chao culpa
2022-01-29 17:58:11+00:00,Main CLP 🇨🇱,Expense,Snacks & Coffee,1358.69565218,CLP,1359.0,,,2022-01-29,2022-W04,2022-01,2022,Chao culpa
2022-01-29 17:58:28+00:00,Main CLP 🇨🇱,Expense,Activities,21739.1304348,CLP,21739.0,Exeter football match,,2022-01-29,2022-W04,2022-01,2022,Chao culpa
2022-01-30 00:40:56+00:00,Main CLP 🇨🇱,Expense,Groceries,192991.86991839,CLP,192992.0,Gastos enero cerrado,,2022-01-30,2022-W04,2022-01,2022,Gastos fijos
2022-01-30 00:42:08+00:00,Main CLP 🇨🇱,Expense,Groceries,53130.08130073,CLP,53130.0,Cerrado enero,,2022-01-30,2022-W04,2022-01,2022,Gastos fijos
2022-01-30 00:43:27+00:00,Main CLP 🇨🇱,Expense,Transport,37016.26016254,CLP,37016.0,Cerrado enero,,2022-01-30,2022-W04,2022-01,2022,Gastos fijos
2022-01-30 00:53:31+00:00,Main CLP 🇨🇱,Expense,Sport,16304.3478261,CLP,16304.0,Exeter leisure,,2022-01-30,2022-W04,2022-01,2022,Secundarios
2022-01-30 13:29:38+00:00,Main CLP 🇨🇱,Expense,Snacks & Coffee,2663.04347826,CLP,2663.0,,,2022-01-30,2022-W04,2022-01,2022,Chao culpa
2022-02-01 15:00:10+00:00,Main CLP 🇨🇱,Income,Salary,1800000.0,CLP,1800000.0,,,2022-02-01,2022-W05,2022-02,2022,Otros
2022-02-01 15:05:18+00:00,Main CLP 🇨🇱,Expense,Utilities,9990.0,CLP,9990.0,Entel movil,,2022-02-01,2022-W05,2022-02,2022,Gastos fijos
2022-02-02 00:51:01+00:00,Main CLP 🇨🇱,Expense,Utilities,1900.0,CLP,1900.0,Apple cloud 200 Gb,,2022-02-02,2022-W05,2022-02,2022,Gastos fijos
2022-02-02 15:54:30+00:00,Main CLP 🇨🇱,Expense,Snacks & Coffee,1956.52173913,CLP,1957.0,,,2022-02-02,2022-W05,2022-02,2022,Chao culpa
2022-02-02 21:34:17+00:00,Main CLP 🇨🇱,Expense,Alcohol,4347.82608696,CLP,4348.0,,,2022-02-02,2022-W05,2022-02,2022,Chao culpa
2022-02-02 22:19:13+00:00,Main CLP 🇨🇱,Expense,Snacks & Coffee,3423.91304348,CLP,3424.0,,,2022-02-02,2022-W05,2022-02,2022,Chao culpa
2022-02-03 10:34:24+00:00,Main CLP 🇨🇱,Expense,Savings,100000.0,CLP,100000.0,,,2022-02-03,2022-W05,2022-02,2022,Pasivos
2022-02-05 16:16:15+00:00,Main CLP 🇨🇱,Expense,Restaurant,1606.74157304,CLP,1607.0,,,2022-02-05,2022-W05,2022-02,2022,Chao culpa
2022-02-07 16:28:32+00:00,Main CLP 🇨🇱,Expense,Pharmacy ,1966.29213484,CLP,1966.0,Muscle rub,,2022-02-07,2022-W06,2022-02,2022,Gastos fijos
2022-02-10 14:44:23+00:00,Main CLP 🇨🇱,Expense,Shopping,14494.3820225,CLP,14494.0,,,2022-02-10,2022-W06,2022-02,2022,Chao culpa
2022-02-10 19:33:21+00:00,Main CLP 🇨🇱,Expense,Transport,16853.9325843,CLP,16854.0,Oyater + 10 debit,,2022-02-10,2022-W06,2022-02,2022,Gastos fijos
2022-02-10 22:26:31+00:00,Main CLP 🇨🇱,Expense,Shopping,11235.9550562,CLP,11236.0,Lion ling keychain llavero,,2022-02-10,2022-W06,2022-02,2022,Chao culpa
2022-02-11 12:57:59+00:00,Main CLP 🇨🇱,Expense,Restaurant,7561.79775282,CLP,7562.0,Brekfast,,2022-02-11,2022-W06,2022-02,2022,Chao culpa
2022-02-11 15:05:02+00:00,Main CLP 🇨🇱,Expense,Snacks & Coffee,3258.4269663,CLP,3258.0,,,2022-02-11,2022-W06,2022-02,2022,Chao culpa
2022-02-11 18:11:18+00:00,Main CLP 🇨🇱,Expense,Alcohol,6011.23595507,CLP,6011.0,,,2022-02-11,2022-W06,2022-02,2022,Chao culpa
2022-02-12 15:40:09+00:00,Main CLP 🇨🇱,Expense,Snacks & Coffee,3595.50561798,CLP,3596.0,Calufas,,2022-02-12,2022-W06,2022-02,2022,Chao culpa
2022-02-12 15:58:55+00:00,Main CLP 🇨🇱,Expense,Snacks & Coffee,3707.86516855,CLP,3708.0,,,2022-02-12,2022-W06,2022-02,2022,Chao culpa
2022-02-12 19:06:12+00:00,Main CLP 🇨🇱,Expense,Utilities,15500.0,CLP,15500.0,Movistar fibra,internet,2022-02-12,2022-W06,2022-02,2022,Gastos fijos
2022-02-12 19:33:14+00:00,Main CLP 🇨🇱,Expense,Transport,5617.9775281,CLP,5618.0,Day tube,,2022-02-12,2022-W06,2022-02,2022,Gastos fijos
2022-02-13 15:29:02+00:00,Main CLP 🇨🇱,Expense,Activities,10112.35955058,CLP,10112.0,Salgado amazonia photo exhibition ,,2022-02-13,2022-W06,2022-02,2022,Chao culpa
2022-02-16 21:29:53+00:00,Main CLP 🇨🇱,Expense,Snacks & Coffee,3370.78651686,CLP,3371.0,,,2022-02-16,2022-W07,2022-02,2022,Chao culpa
2022-02-18 22:40:38+00:00,Main CLP 🇨🇱,Expense,Restaurant,68539.32584282,CLP,68539.0,Goa,,2022-02-18,2022-W07,2022-02,2022,Chao culpa
2022-02-19 18:19:03+00:00,Main CLP 🇨🇱,Expense,Snacks & Coffee,4213.48314608,CLP,4213.0,,,2022-02-19,2022-W07,2022-02,2022,Chao culpa
2022-02-20 20:12:13+00:00,Main CLP 🇨🇱,Expense,Snacks & Coffee,2584.26966293,CLP,2584.0,,,2022-02-20,2022-W07,2022-02,2022,Chao culpa
2022-02-20 20:12:27+00:00,Main CLP 🇨🇱,Expense,Alcohol,2471.91011236,CLP,2472.0,,,2022-02-20,2022-W07,2022-02,2022,Chao culpa
2022-02-20 20:12:47+00:00,Main CLP 🇨🇱,Expense,Alcohol,5617.9775281,CLP,5618.0,,,2022-02-20,2022-W07,2022-02,2022,Chao culpa
2022-02-22 12:33:03+00:00,Main CLP 🇨🇱,Expense,Shopping,1515079.36507785,CLP,1515079.0,MacBook air m1,,2022-02-22,2022-W08,2022-02,2022,Chao culpa
2022-02-23 17:22:45+00:00,Main CLP 🇨🇱,Expense,Restaurant,3370.78651686,CLP,3371.0,,,2022-02-23,2022-W08,2022-02,2022,Chao culpa
2022-02-24 22:49:44+00:00,Main CLP 🇨🇱,Expense,Subscriptions,51900.0,CLP,51900.0,Knowable anual,,2022-02-24,2022-W08,2022-02,2022,Gastos fijos
2022-02-27 02:36:25+00:00,Main CLP 🇨🇱,Expense,Shopping,7200.0,CLP,7200.0,Cheapest travel destinations ,books,2022-02-27,2022-W08,2022-02,2022,Chao culpa
2022-03-01 12:31:10+00:00,Main CLP 🇨🇱,Expense,Flights,142063.49206335,CLP,142063.0,London dubroknik,,2022-03-01,2022-W09,2022-03,2022,Otros
2022-03-01 12:31:37+00:00,Main CLP 🇨🇱,Expense,Flights,40476.19047615,CLP,40476.0,Bus exeter london,,2022-03-01,2022-W09,2022-03,2022,Otros
2022-03-01 15:00:10+00:00,Main CLP 🇨🇱,Income,Salary,1800000.0,CLP,1800000.0,,,2022-03-01,2022-W09,2022-03,2022,Otros
2022-03-01 15:05:18+00:00,Main CLP 🇨🇱,Expense,Utilities,9990.0,CLP,9990.0,Entel movil,,2022-03-01,2022-W09,2022-03,2022,Gastos fijos
2022-03-02 00:51:01+00:00,Main CLP 🇨🇱,Expense,Utilities,1900.0,CLP,1900.0,Apple cloud 200 Gb,,2022-03-02,2022-W09,2022-03,2022,Gastos fijos
2022-03-04 17:21:09+00:00,Main CLP 🇨🇱,Expense,Alcohol,7712.76595742,CLP,7713.0,Despedida beers,,2022-03-04,2022-W09,2022-03,2022,Chao culpa
2022-03-04 17:29:49+00:00,Main CLP 🇨🇱,Expense,Flights,54548.38709656,CLP,54548.0,Bus exeter liverpool,,2022-03-04,2022-W09,2022-03,2022,Otros
2022-03-04 17:35:02+00:00,Main CLP 🇨🇱,Expense,Flights,49741.93548367,CLP,49742.0,Train liverpool exeter,,2022-03-04,2022-W09,2022-03,2022,Otros
2022-03-04 17:41:59+00:00,Main CLP 🇨🇱,Expense,Flights,50870.96774173,CLP,50871.0,Train oxford to exeter,,2022-03-04,2022-W09,2022-03,2022,Otros
2022-03-05 12:18:25+00:00,Main CLP 🇨🇱,Expense,Shopping,43919.35483853,CLP,43919.0,Case tomtoc macbook premium,,2022-03-05,2022-W09,2022-03,2022,Chao culpa
2022-03-07 14:57:02+00:00,Main CLP 🇨🇱,Expense,Alcohol,3617.02127658,CLP,3617.0,,,2022-03-07,2022-W10,2022-03,2022,Chao culpa
2022-03-08 11:20:36+00:00,Main CLP 🇨🇱,Expense,Flights,17925.53191483,CLP,17926.0,Bus exeter london jueves i,,2022-03-08,2022-W10,2022-03,2022,Otros
2022-03-08 12:20:12+00:00,Main CLP 🇨🇱,Expense,Acommodation,87234.04255286,CLP,87234.0,Wombats hostel london 3 nights ,,2022-03-08,2022-W10,2022-03,2022,Gastos fijos
2022-03-09 09:49:56+00:00,Main CLP 🇨🇱,Expense,Acommodation,96800.0,CLP,96800.0,Selina 4 nights liverpool ,,2022-03-09,2022-W10,2022-03,2022,Gastos fijos
2022-03-09 11:06:05+00:00,Main CLP 🇨🇱,Expense,Snacks & Coffee,2925.53191488,CLP,2926.0,,,2022-03-09,2022-W10,2022-03,2022,Chao culpa
2022-03-09 11:55:48+00:00,Main CLP 🇨🇱,Expense,Restaurant,5106.3829787,CLP,5106.0,,,2022-03-09,2022-W10,2022-03,2022,Chao culpa
2022-03-09 16:26:27+00:00,Main CLP 🇨🇱,Expense,Restaurant,4787.23404254,CLP,4787.0,,,2022-03-09,2022-W10,2022-03,2022,Chao culpa
2022-03-10 12:51:17+00:00,Main CLP 🇨🇱,Expense,Groceries,7978.72340423,CLP,7979.0,,,2022-03-10,2022-W10,2022-03,2022,Gastos fijos
2022-03-10 12:51:30+00:00,Main CLP 🇨🇱,Expense,Activities,18085.10638291,CLP,18085.0,Beatles story ,,2022-03-10,2022-W10,2022-03,2022,Chao culpa
2022-03-10 14:17:51+00:00,Main CLP 🇨🇱,Expense,Snacks & Coffee,2819.14893616,CLP,2819.0,,,2022-03-10,2022-W10,2022-03,2022,Chao culpa
2022-03-10 16:31:24+00:00,Main CLP 🇨🇱,Expense,Shopping,7446.80851061,CLP,7447.0,Beatles merch,,2022-03-10,2022-W10,2022-03,2022,Chao culpa
2022-03-10 16:31:34+00:00,Main CLP 🇨🇱,Expense,Restaurant,8776.59574465,CLP,8777.0,,,2022-03-10,2022-W10,2022-03,2022,Chao culpa
2022-03-10 22:23:25+00:00,Main CLP 🇨🇱,Expense,Alcohol,5851.06382977,CLP,5851.0,,,2022-03-10,2022-W10,2022-03,2022,Chao culpa
2022-03-11 13:24:45+00:00,Main CLP 🇨🇱,Expense,Shopping,10585.10638294,CLP,10585.0,Bandana cavern,,2022-03-11,2022-W10,2022-03,2022,Chao culpa
2022-03-11 14:31:58+00:00,Main CLP 🇨🇱,Expense,Restaurant,15957.44680845,CLP,15957.0,Bundpbust indian,,2022-03-11,2022-W10,2022-03,2022,Chao culpa
2022-03-11 14:48:10+00:00,Main CLP 🇨🇱,Expense,Snacks & Coffee,7234.04255316,CLP,7234.0,,,2022-03-11,2022-W10,2022-03,2022,Chao culpa
2022-03-11 17:20:15+00:00,Main CLP 🇨🇱,Expense,Activities,21223.40425524,CLP,21223.0,Magical mystery tour,,2022-03-11,2022-W10,2022-03,2022,Chao culpa
2022-03-11 21:04:03+00:00,Main CLP 🇨🇱,Expense,Alcohol,5425.53191487,CLP,5426.0,,,2022-03-11,2022-W10,2022-03,2022,Chao culpa
2022-03-11 23:24:05+00:00,Main CLP 🇨🇱,Expense,Restaurant,5851.06382977,CLP,5851.0,,,2022-03-11,2022-W10,2022-03,2022,Chao culpa
2022-03-12 13:32:47+00:00,Main CLP 🇨🇱,Expense,Snacks & Coffee,3085.10638297,CLP,3085.0,,,2022-03-12,2022-W10,2022-03,2022,Chao culpa
2022-03-12 13:56:29+00:00,Main CLP 🇨🇱,Expense,Subscriptions,13161.29032253,CLP,13161.0,Typora license editor,,2022-03-12,2022-W10,2022-03,2022,Gastos fijos
2022-03-12 20:18:57+00:00,Main CLP 🇨🇱,Expense,Restaurant,21276.5957446,CLP,21277.0,Bunda,,2022-03-12,2022-W10,2022-03,2022,Chao culpa
2022-03-13 10:14:12+00:00,Main CLP 🇨🇱,Expense,Acommodation,24468.08510629,CLP,24468.0,,,2022-03-13,2022-W10,2022-03,2022,Gastos fijos
2022-03-13 11:20:15+00:00,Main CLP 🇨🇱,Expense,Transport,2446.80851063,CLP,2447.0,,,2022-03-13,2022-W10,2022-03,2022,Gastos fijos
2022-03-13 12:49:43+00:00,Main CLP 🇨🇱,Expense,Transport,2446.80851063,CLP,2447.0,,,2022-03-13,2022-W10,2022-03,2022,Gastos fijos
2022-03-13 14:05:41+00:00,Main CLP 🇨🇱,Expense,Snacks & Coffee,2446.80851063,CLP,2447.0,,,2022-03-13,2022-W10,2022-03,2022,Chao culpa
2022-03-13 20:19:04+00:00,Main CLP 🇨🇱,Expense,Restaurant,3191.48936169,CLP,3191.0,,,2022-03-13,2022-W10,2022-03,2022,Chao culpa
2022-03-13 21:53:37+00:00,Main CLP 🇨🇱,Expense,Restaurant,3191.48936169,CLP,3191.0,,,2022-03-13,2022-W10,2022-03,2022,Chao culpa
2022-03-13 22:20:03+00:00,Main CLP 🇨🇱,Expense,Shopping,31914.8936169,CLP,31915.0,Powerbank anker,,2022-03-13,2022-W10,2022-03,2022,Chao culpa
2022-03-14 13:57:12+00:00,Main CLP 🇨🇱,Expense,Restaurant,12287.23404251,CLP,12287.0,Noodles,,2022-03-14,2022-W11,2022-03,2022,Chao culpa
2022-03-14 15:13:17+00:00,Main CLP 🇨🇱,Expense,Subscriptions,29268.29268288,CLP,29268.0,1Password annual subscription individual ,,2022-03-14,2022-W11,2022-03,2022,Gastos fijos
2022-03-14 16:31:18+00:00,Main CLP 🇨🇱,Expense,Acommodation,68617.02127634,CLP,68617.0,Hostel oxford backpackers 3 nights,,2022-03-14,2022-W11,2022-03,2022,Gastos fijos
2022-03-14 20:26:17+00:00,Main CLP 🇨🇱,Expense,Restaurant,5319.14893615,CLP,5319.0,,,2022-03-14,2022-W11,2022-03,2022,Chao culpa
2022-03-15 11:02:31+00:00,Main CLP 🇨🇱,Expense,Restaurant,3191.48936169,CLP,3191.0,,,2022-03-15,2022-W11,2022-03,2022,Chao culpa
2022-03-15 14:23:05+00:00,Main CLP 🇨🇱,Expense,Transport,3191.48936169,CLP,3191.0,Bike donkey,,2022-03-15,2022-W11,2022-03,2022,Gastos fijos
2022-03-15 14:23:32+00:00,Main CLP 🇨🇱,Expense,Activities,10638.2978723,CLP,10638.0,Walking tour oxford - Trevor,,2022-03-15,2022-W11,2022-03,2022,Chao culpa
2022-03-15 14:29:12+00:00,Main CLP 🇨🇱,Expense,Restaurant,8776.59574465,CLP,8777.0,Burger tree artisan cafe,,2022-03-15,2022-W11,2022-03,2022,Chao culpa
2022-03-15 21:03:27+00:00,Main CLP 🇨🇱,Expense,Restaurant,10106.38297869,CLP,10106.0,Five guys,,2022-03-15,2022-W11,2022-03,2022,Chao culpa
2022-03-15 21:03:48+00:00,Main CLP 🇨🇱,Expense,Alcohol,5531.9148936,CLP,5532.0,Bear inn oxford,,2022-03-15,2022-W11,2022-03,2022,Chao culpa
2022-03-16 10:40:26+00:00,Main CLP 🇨🇱,Expense,Restaurant,4840.4255319,CLP,4840.0,,,2022-03-16,2022-W11,2022-03,2022,Chao culpa
2022-03-16 10:50:31+00:00,Main CLP 🇨🇱,Income,Extra Income,2303.0,CLP,2303.0,"Stock option segundo ejercicio.
Monto exacto 2,303,600",,2022-03-16,2022-W11,2022-03,2022,Otros
2022-03-16 10:57:24+00:00,Main CLP 🇨🇱,Expense,Subscriptions,20900.0,CLP,20900.0,Komoot maps bike app,,2022-03-16,2022-W11,2022-03,2022,Gastos fijos
2022-03-16 13:26:31+00:00,Main CLP 🇨🇱,Expense,Transport,7368.42105265,CLP,7368.0,Bile,,2022-03-16,2022-W11,2022-03,2022,Gastos fijos
2022-03-16 13:26:54+00:00,Main CLP 🇨🇱,Expense,Snacks & Coffee,5473.68421054,CLP,5474.0,,,2022-03-16,2022-W11,2022-03,2022,Chao culpa
2022-03-16 19:03:06+00:00,Main CLP 🇨🇱,Expense,Restaurant,7000.00000002,CLP,7000.0,,,2022-03-16,2022-W11,2022-03,2022,Chao culpa
2022-03-17 10:21:32+00:00,Main CLP 🇨🇱,Expense,Snacks & Coffee,4526.31578949,CLP,4526.0,,,2022-03-17,2022-W11,2022-03,2022,Chao culpa
2022-03-18 13:17:37+00:00,Main CLP 🇨🇱,Expense,Snacks & Coffee,2736.84210527,CLP,2737.0,,,2022-03-18,2022-W11,2022-03,2022,Chao culpa
2022-03-18 13:35:12+00:00,Main CLP 🇨🇱,Expense,Shopping,98526.31578972,CLP,98526.0,Osprey porter 30 backpack,,2022-03-18,2022-W11,2022-03,2022,Chao culpa
2022-03-18 16:24:57+00:00,Main CLP 🇨🇱,Expense,Restaurant,40410.52631589,CLP,40411.0,Lebanese restaurant ,,2022-03-18,2022-W11,2022-03,2022,Chao culpa
2022-03-18 16:25:14+00:00,Main CLP 🇨🇱,Income,Sale,28421.05263165,CLP,28421.0,Marmot poleron,,2022-03-18,2022-W11,2022-03,2022,Otros
2022-03-20 11:50:31+00:00,Main CLP 🇨🇱,Expense,Alcohol,5578.94736844,CLP,5579.0,,,2022-03-20,2022-W11,2022-03,2022,Chao culpa
2022-03-21 20:48:39+00:00,Main CLP 🇨🇱,Income,Salary,1823230.0,CLP,1823230.0,Buda.com ,,2022-03-21,2022-W12,2022-03,2022,Otros
2022-03-23 10:57:49+00:00,Main CLP 🇨🇱,Expense,Restaurant,9278.35051545,CLP,9278.0,Ibounce smothies ,,2022-03-23,2022-W12,2022-03,2022,Chao culpa
2022-03-25 20:39:33+00:00,Main CLP 🇨🇱,Expense,Pharmacy ,80000.0,CLP,80000.0,Revolución ano 2022 adela,,2022-03-25,2022-W12,2022-03,2022,Gastos fijos
2022-03-25 21:11:50+00:00,Main CLP 🇨🇱,Expense,Alcohol,3917.52577319,CLP,3918.0,,,2022-03-25,2022-W12,2022-03,2022,Chao culpa
2022-03-25 21:41:51+00:00,Main CLP 🇨🇱,Expense,Restaurant,3711.34020618,CLP,3711.0,,,2022-03-25,2022-W12,2022-03,2022,Chao culpa
2022-03-26 13:00:57+00:00,Main CLP 🇨🇱,Expense,Restaurant,5773.19587628,CLP,5773.0,,,2022-03-26,2022-W12,2022-03,2022,Chao culpa
2022-03-26 13:02:26+00:00,Main CLP 🇨🇱,Expense,Groceries,13298.96907215,CLP,13299.0,,,2022-03-26,2022-W12,2022-03,2022,Gastos fijos
2022-03-26 14:40:57+00:00,Main CLP 🇨🇱,Expense,Restaurant,7206.185567,CLP,7206.0,Mcdonalda carne tasty,,2022-03-26,2022-W12,2022-03,2022,Chao culpa
2022-03-26 17:53:17+00:00,Main CLP 🇨🇱,Expense,Snacks & Coffee,3092.78350515,CLP,3093.0,,,2022-03-26,2022-W12,2022-03,2022,Chao culpa
2022-03-28 09:57:11+00:00,Main CLP 🇨🇱,Income,Extra Income,32989.6907216,CLP,32990.0,Refund bus london national express,,2022-03-28,2022-W13,2022-03,2022,Otros
2022-03-31 14:03:01+00:00,Main CLP 🇨🇱,Expense,Healthcare,40000.0,CLP,40000.0,Terapia sesion 1,,2022-03-31,2022-W13,2022-03,2022,Gastos fijos
2022-03-31 14:07:23+00:00,Main CLP 🇨🇱,Expense,Groceries,175325.20325175,CLP,175325.0,Gastos comunes marzo,,2022-03-31,2022-W13,2022-03,2022,Gastos fijos
2022-03-31 14:09:41+00:00,Main CLP 🇨🇱,Expense,Acommodation,646260.16260059,CLP,646260.0,Exeter airbnb marzo,,2022-03-31,2022-W13,2022-03,2022,Gastos fijos
2022-03-31 21:17:45+00:00,Main CLP 🇨🇱,Expense,Restaurant,5969.07216494,CLP,5969.0,"Mc donalds
",,2022-03-31,2022-W13,2022-03,2022,Chao culpa
2022-04-01 08:48:51+00:00,Main CLP 🇨🇱,Expense,Restaurant,5154.63917525,CLP,5155.0,,,2022-04-01,2022-W13,2022-04,2022,Chao culpa
2022-04-01 15:00:10+00:00,Main CLP 🇨🇱,Income,Salary,1800000.0,CLP,1800000.0,,,2022-04-01,2022-W13,2022-04,2022,Otros
2022-04-01 20:35:30+00:00,Main CLP 🇨🇱,Expense,Restaurant,12762.88659792,CLP,12763.0,Bao,,2022-04-01,2022-W13,2022-04,2022,Chao culpa
2022-04-02 00:51:01+00:00,Main CLP 🇨🇱,Expense,Utilities,1900.0,CLP,1900.0,Apple cloud 200 Gb,,2022-04-02,2022-W13,2022-04,2022,Gastos fijos
2022-04-02 14:11:32+00:00,Main CLP 🇨🇱,Expense,Restaurant,15175.25773194,CLP,15175.0,Leon,,2022-04-02,2022-W13,2022-04,2022,Chao culpa
2022-04-03 10:33:45+00:00,Main CLP 🇨🇱,Expense,Restaurant,4845.36082474,CLP,4845.0,,,2022-04-03,2022-W13,2022-04,2022,Chao culpa
2022-04-03 13:28:07+00:00,Main CLP 🇨🇱,Expense,Restaurant,17113.40206183,CLP,17113.0,Leon airport ,,2022-04-03,2022-W13,2022-04,2022,Chao culpa
2022-04-03 18:21:57+00:00,Main CLP 🇨🇱,Expense,Transport,6314.58094135,CLP,6315.0,Dubrovnik shuttle airport ,,2022-04-03,2022-W13,2022-04,2022,Gastos fijos
2022-04-04 10:45:30+00:00,Main CLP 🇨🇱,Expense,Subscriptions,25500.0,CLP,25500.0,Fabolous app year,,2022-04-04,2022-W14,2022-04,2022,Gastos fijos
2022-04-04 11:51:04+00:00,Main CLP 🇨🇱,Expense,Shopping,18150.68493126,CLP,18151.0,Power strip enchufe usb,,2022-04-04,2022-W14,2022-04,2022,Chao culpa
2022-04-04 12:06:16+00:00,Main CLP 🇨🇱,Expense,Pharmacy ,2968.03652964,CLP,2968.0,Deodorants ,,2022-04-04,2022-W14,2022-04,2022,Gastos fijos
2022-04-04 13:32:33+00:00,Main CLP 🇨🇱,Expense,Gifts,6800.0,CLP,6800.0,Regalo lucat grupal,,2022-04-04,2022-W14,2022-04,2022,Chao culpa
2022-04-04 20:51:24+00:00,Main CLP 🇨🇱,Expense,Savings,400000.0,CLP,400000.0,Fintual abril,,2022-04-04,2022-W14,2022-04,2022,Pasivos
2022-04-04 20:51:41+00:00,Main CLP 🇨🇱,Expense,Savings,60000.0,CLP,60000.0,Buda,,2022-04-04,2022-W14,2022-04,2022,Pasivos
2022-04-05 08:37:00+00:00,Main CLP 🇨🇱,Expense,Transport,3066.0,CLP,3066.0,,,2022-04-05,2022-W14,2022-04,2022,Gastos fijos
2022-04-05 11:08:57+00:00,Main CLP 🇨🇱,Expense,Sport,20.0,CLP,20.0,,,2022-04-05,2022-W14,2022-04,2022,Secundarios
2022-04-05 20:23:30+00:00,Main CLP 🇨🇱,Expense,Snacks & Coffee,1706.4846417,CLP,1706.0,,,2022-04-05,2022-W14,2022-04,2022,Chao culpa
2022-04-06 08:21:05+00:00,Main CLP 🇨🇱,Expense,Sport,2275.3128556,CLP,2275.0,,,2022-04-06,2022-W14,2022-04,2022,Secundarios
2022-04-07 10:41:14+00:00,Main CLP 🇨🇱,Expense,Sport,2275.3128556,CLP,2275.0,,,2022-04-07,2022-W14,2022-04,2022,Secundarios
2022-04-07 14:03:32+00:00,Main CLP 🇨🇱,Expense,Healthcare,40000.0,CLP,40000.0,Terapia s2,,2022-04-07,2022-W14,2022-04,2022,Gastos fijos
2022-04-07 17:34:19+00:00,Main CLP 🇨🇱,Expense,Snacks & Coffee,1820.25028448,CLP,1820.0,,,2022-04-07,2022-W14,2022-04,2022,Chao culpa
2022-04-08 15:53:22+00:00,Main CLP 🇨🇱,Income,Refund,99574.46808473,CLP,99574.0,Osprey porter ,,2022-04-08,2022-W14,2022-04,2022,Otros
2022-04-10 16:06:36+00:00,Main CLP 🇨🇱,Expense,Snacks & Coffee,1478.95335614,CLP,1479.0,,,2022-04-10,2022-W14,2022-04,2022,Chao culpa
2022-04-11 11:17:43+00:00,Main CLP 🇨🇱,Expense,Sport,2275.3128556,CLP,2275.0,,,2022-04-11,2022-W15,2022-04,2022,Secundarios
2022-04-12 19:47:19+00:00,Main CLP 🇨🇱,Expense,Snacks & Coffee,1728.11059905,CLP,1728.0,,,2022-04-12,2022-W15,2022-04,2022,Chao culpa
2022-04-13 09:25:42+00:00,Main CLP 🇨🇱,Expense,Healthcare,25840.0,CLP,25840.0,Video consulta Traumatologo integra médica ,,2022-04-13,2022-W15,2022-04,2022,Gastos fijos
2022-04-13 11:23:49+00:00,Main CLP 🇨🇱,Expense,Sport,2312.1387284,CLP,2312.0,,,2022-04-13,2022-W15,2022-04,2022,Secundarios
2022-04-13 18:36:19+00:00,Main CLP 🇨🇱,Expense,Other,139353.0,CLP,139353.0,Declaración impuestos 2022,,2022-04-13,2022-W15,2022-04,2022,Gastos fijos
2022-04-14 12:15:35+00:00,Main CLP 🇨🇱,Expense,Snacks & Coffee,2790.69767448,CLP,2791.0,,,2022-04-14,2022-W15,2022-04,2022,Chao culpa
2022-04-15 20:12:16+00:00,Main CLP 🇨🇱,Expense,Alcohol,1162.7906977,CLP,1163.0,,,2022-04-15,2022-W15,2022-04,2022,Chao culpa
2022-04-16 10:13:37+00:00,Main CLP 🇨🇱,Expense,Shopping,11046.51162815,CLP,11047.0,Googles,,2022-04-16,2022-W15,2022-04,2022,Chao culpa
2022-04-17 18:02:50+00:00,Main CLP 🇨🇱,Expense,Snacks & Coffee,2564.1025641,CLP,2564.0,,,2022-04-17,2022-W15,2022-04,2022,Chao culpa
2022-04-18 11:29:08+00:00,Main CLP 🇨🇱,Expense,Snacks & Coffee,1864.8018648,CLP,1865.0,Almond dessert ,,2022-04-18,2022-W16,2022-04,2022,Chao culpa
2022-04-20 12:04:48+00:00,Main CLP 🇨🇱,Expense,Snacks & Coffee,1781.2560891,CLP,1781.0,,,2022-04-20,2022-W16,2022-04,2022,Chao culpa
2022-04-20 14:55:08+00:00,Main CLP 🇨🇱,Income,Refund,28000.0,CLP,28000.0,,,2022-04-20,2022-W16,2022-04,2022,Otros
2022-04-21 12:04:58+00:00,Main CLP 🇨🇱,Expense,Snacks & Coffee,1543.75527722,CLP,1544.0,,,2022-04-21,2022-W16,2022-04,2022,Chao culpa
2022-04-23 12:04:19+00:00,Main CLP 🇨🇱,Expense,Acommodation,560293.89612984,CLP,560294.0,Airbnb Dubrovnik april,,2022-04-23,2022-W16,2022-04,2022,Gastos fijos
2022-04-23 12:04:37+00:00,Main CLP 🇨🇱,Expense,Restaurant,38950.13314832,CLP,38950.0,Vegan restaurant invitada cata,,2022-04-23,2022-W16,2022-04,2022,Chao culpa
2022-04-25 12:03:53+00:00,Main CLP 🇨🇱,Expense,Shopping,20084.01814248,CLP,20084.0,Learn enough css book,,2022-04-25,2022-W17,2022-04,2022,Chao culpa
2022-04-25 12:04:07+00:00,Main CLP 🇨🇱,Expense,Sport,2375.0081188,CLP,2375.0,,,2022-04-25,2022-W17,2022-04,2022,Secundarios
2022-04-26 12:05:22+00:00,Main CLP 🇨🇱,Expense,Snacks & Coffee,1073.98568016,CLP,1074.0,,,2022-04-26,2022-W17,2022-04,2022,Chao culpa
2022-04-27 11:09:19+00:00,Main CLP 🇨🇱,Expense,Sport,2375.2969122,CLP,2375.0,,,2022-04-27,2022-W17,2022-04,2022,Secundarios
2022-04-28 12:02:47+00:00,Main CLP 🇨🇱,Expense,Snacks & Coffee,1781.47268415,CLP,1781.0,,,2022-04-28,2022-W17,2022-04,2022,Chao culpa
2022-04-29 10:53:35+00:00,Main CLP 🇨🇱,Expense,Sport,2375.2969122,CLP,2375.0,,,2022-04-29,2022-W17,2022-04,2022,Secundarios
2022-04-30 15:53:26+00:00,Main CLP 🇨🇱,Expense,Flights,143041.17243582,CLP,143041.0,Dub a lisboa,,2022-04-30,2022-W17,2022-04,2022,Otros
2022-04-30 15:55:01+00:00,Main CLP 🇨🇱,Expense,Transport,8574.10536531,CLP,8574.0,Gastos comunes,,2022-04-30,2022-W17,2022-04,2022,Gastos fijos
2022-04-30 15:56:50+00:00,Main CLP 🇨🇱,Expense,Restaurant,24383.91916084,CLP,24384.0,,gastos-comunes,2022-04-30,2022-W17,2022-04,2022,Chao culpa
2022-04-30 15:58:01+00:00,Main CLP 🇨🇱,Expense,Snacks & Coffee,12463.82145786,CLP,12464.0,,gastos-comunes,2022-04-30,2022-W17,2022-04,2022,Chao culpa
2022-04-30 16:00:25+00:00,Main CLP 🇨🇱,Expense,Transport,8574.10536531,CLP,8574.0,,gastos-comunes,2022-04-30,2022-W17,2022-04,2022,Gastos fijos
2022-04-30 16:05:50+00:00,Main CLP 🇨🇱,Expense,Activities,144630.51879622,CLP,144631.0,"mostar, boat islands",gastos-comunes,2022-04-30,2022-W17,2022-04,2022,Chao culpa
2022-04-30 20:55:00+00:00,Main CLP 🇨🇱,Expense,Savings,400000.0,CLP,400000.0,Fintual abril,,2022-04-30,2022-W17,2022-04,2022,Pasivos
2022-04-30 21:04:42+00:00,Main CLP 🇨🇱,Expense,Groceries,186490.49209897,CLP,186490.0,Gasto comun abril cerrado ,gastos-comunes,2022-04-30,2022-W17,2022-04,2022,Gastos fijos
2022-05-01 14:44:44+00:00,Main CLP 🇨🇱,Expense,Activities,8313.5391927,CLP,8314.0,War photo museums ,,2022-05-01,2022-W17,2022-05,2022,Chao culpa
2022-05-01 15:38:41+00:00,Main CLP 🇨🇱,Expense,Snacks & Coffee,2850.35629464,CLP,2850.0,,,2022-05-01,2022-W17,2022-05,2022,Chao culpa
2022-05-01 16:00:10+00:00,Main CLP 🇨🇱,Income,Salary,1800000.0,CLP,1800000.0,,,2022-05-01,2022-W17,2022-05,2022,Otros
2022-05-01 18:33:50+00:00,Main CLP 🇨🇱,Expense,Snacks & Coffee,2612.82660342,CLP,2613.0,,,2022-05-01,2022-W17,2022-05,2022,Chao culpa
2022-05-02 01:51:01+00:00,Main CLP 🇨🇱,Expense,Utilities,1900.0,CLP,1900.0,Apple cloud 200 Gb,,2022-05-02,2022-W18,2022-05,2022,Gastos fijos
2022-05-02 14:52:17+00:00,Main CLP 🇨🇱,Expense,Restaurant,8243.24324324,CLP,8243.0,Burger king,,2022-05-02,2022-W18,2022-05,2022,Chao culpa
2022-05-02 20:59:55+00:00,Main CLP 🇨🇱,Expense,Acommodation,712569.18451968,CLP,712569.0,Colisbon month,,2022-05-02,2022-W18,2022-05,2022,Gastos fijos
2022-05-02 21:35:46+00:00,Main CLP 🇨🇱,Expense,Restaurant,6126.12612612,CLP,6126.0,,,2022-05-02,2022-W18,2022-05,2022,Chao culpa
2022-05-03 19:00:42+00:00,Main CLP 🇨🇱,Expense,Activities,196069.0,CLP,196069.0,Primavera fauna arctic monkeys,,2022-05-03,2022-W18,2022-05,2022,Chao culpa
2022-05-04 09:11:41+00:00,Main CLP 🇨🇱,Expense,Shopping,9.00900901,CLP,9.0,Socks,,2022-05-04,2022-W18,2022-05,2022,Chao culpa
2022-05-04 20:47:46+00:00,Main CLP 🇨🇱,Expense,Restaurant,12232.14285718,CLP,12232.0,Sushi invitada cata,,2022-05-04,2022-W18,2022-05,2022,Chao culpa
2022-05-05 12:36:45+00:00,Main CLP 🇨🇱,Expense,Sport,97207.20720711,CLP,97207.0,Gym fit it 2 months,,2022-05-05,2022-W18,2022-05,2022,Secundarios
2022-05-07 11:58:25+00:00,Main CLP 🇨🇱,Expense,Alcohol,2522.52252252,CLP,2523.0,,,2022-05-07,2022-W18,2022-05,2022,Chao culpa
2022-05-07 19:53:04+00:00,Main CLP 🇨🇱,Expense,Shopping,113333.33333322,CLP,113333.0,Decathlon mochila lentes y mas,,2022-05-07,2022-W18,2022-05,2022,Chao culpa
2022-05-07 19:54:23+00:00,Main CLP 🇨🇱,Expense,Pharmacy ,40261.26126122,CLP,40261.0,Cremas piel,,2022-05-07,2022-W18,2022-05,2022,Gastos fijos
2022-05-08 11:58:10+00:00,Main CLP 🇨🇱,Expense,Snacks & Coffee,720.72072072,CLP,721.0,,,2022-05-08,2022-W18,2022-05,2022,Chao culpa
2022-05-08 14:49:19+00:00,Main CLP 🇨🇱,Expense,Shopping,64972.97297291,CLP,64973.0,Ropa poleron  y panta pull and bear,,2022-05-08,2022-W18,2022-05,2022,Chao culpa
2022-05-08 17:55:05+00:00,Main CLP 🇨🇱,Expense,Utilities,10638.2978723,CLP,10638.0,Three 8gb,mobile,2022-05-08,2022-W18,2022-05,2022,Gastos fijos
2022-05-09 13:27:13+00:00,Main CLP 🇨🇱,Expense,Pharmacy ,8558.55855855,CLP,8559.0,,peluqueria,2022-05-09,2022-W19,2022-05,2022,Gastos fijos
2022-05-09 14:42:54+00:00,Main CLP 🇨🇱,Expense,Savings,50000.0,CLP,50000.0,,btc-stacking,2022-05-09,2022-W19,2022-05,2022,Pasivos
2022-05-10 14:42:10+00:00,Main CLP 🇨🇱,Expense,Savings,50000.0,CLP,50000.0,,btc-stacking,2022-05-10,2022-W19,2022-05,2022,Pasivos
2022-05-11 14:40:47+00:00,Main CLP 🇨🇱,Expense,Savings,250000.0,CLP,250000.0,,btc-stacking,2022-05-11,2022-W19,2022-05,2022,Pasivos
2022-05-15 17:18:38+00:00,Main CLP 🇨🇱,Expense,Snacks & Coffee,1517.85714286,CLP,1518.0,,,2022-05-15,2022-W19,2022-05,2022,Chao culpa
2022-05-16 08:50:06+00:00,Main CLP 🇨🇱,Expense,Flights,190810.3448282,CLP,190810.0,Vueling paris lisboa,,2022-05-16,2022-W20,2022-05,2022,Otros
2022-05-16 09:16:23+00:00,Main CLP 🇨🇱,Expense,Flights,38793.1034484,CLP,38793.0,Flight Tap lisboa madrid,,2022-05-16,2022-W20,2022-05,2022,Otros
2022-05-17 20:28:23+00:00,Main CLP 🇨🇱,Expense,Education,15071.96865024,CLP,15072.0,Firehsip pro month,,2022-05-17,2022-W20,2022-05,2022,Secundarios
2022-05-18 10:03:15+00:00,Main CLP 🇨🇱,Expense,Activities,77684.21052651,CLP,77684.0,Nos alive lisboa the strokes,,2022-05-18,2022-W20,2022-05,2022,Chao culpa
2022-05-18 17:10:20+00:00,Main CLP 🇨🇱,Expense,Shopping,57142.85714304,CLP,57143.0,Audifonos Soundcore Q30,,2022-05-18,2022-W20,2022-05,2022,Chao culpa
2022-05-22 15:40:37+00:00,Main CLP 🇨🇱,Expense,Snacks & Coffee,4153.96173051,CLP,4154.0,,,2022-05-22,2022-W20,2022-05,2022,Chao culpa
2022-05-22 19:43:19+00:00,Main CLP 🇨🇱,Expense,Pharmacy ,6761.23558264,CLP,6761.0,Paracetamol vit c,,2022-05-22,2022-W20,2022-05,2022,Gastos fijos
2022-05-22 19:43:34+00:00,Main CLP 🇨🇱,Expense,Snacks & Coffee,3093.37575677,CLP,3093.0,Kombucha ,,2022-05-22,2022-W20,2022-05,2022,Chao culpa
2022-05-24 10:38:42+00:00,Main CLP 🇨🇱,Expense,Healthcare,84709.16519952,CLP,84709.0,Safety wing insurance travel 66 days,,2022-05-24,2022-W21,2022-05,2022,Gastos fijos
2022-05-24 17:35:40+00:00,Main CLP 🇨🇱,Expense,Groceries,1830.17090567,CLP,1830.0,,,2022-05-24,2022-W21,2022-05,2022,Gastos fijos
2022-05-26 20:28:10+00:00,Main CLP 🇨🇱,Expense,Transport,8971.4260082,CLP,8971.0,Recarga viagem,,2022-05-26,2022-W21,2022-05,2022,Gastos fijos
2022-05-29 15:49:58+00:00,Main CLP 🇨🇱,Expense,Shopping,35391.79336151,CLP,35392.0,Decathlon estuche ,,2022-05-29,2022-W21,2022-05,2022,Chao culpa
2022-05-29 15:50:45+00:00,Main CLP 🇨🇱,Expense,Snacks & Coffee,6076.03469991,CLP,6076.0,,,2022-05-29,2022-W21,2022-05,2022,Chao culpa
2022-05-30 09:10:27+00:00,Main CLP 🇨🇱,Expense,Savings,300000.0,CLP,300000.0,"Automatizado diario de 20k , L a V",,2022-05-30,2022-W22,2022-05,2022,Pasivos
2022-05-30 09:11:08+00:00,Main CLP 🇨🇱,Expense,Savings,60000.0,CLP,60000.0,Automatizado semanal de 15k Buda,btc-stacking,2022-05-30,2022-W22,2022-05,2022,Pasivos
2022-05-30 11:17:03+00:00,Main CLP 🇨🇱,Expense,Healthcare,113000.0,CLP,113000.0,Gasto neto 4 sesiones ,terapia,2022-05-30,2022-W22,2022-05,2022,Gastos fijos
2022-05-30 13:55:12+00:00,Main CLP 🇨🇱,Expense,Savings,100000.0,CLP,100000.0,Automarizado de 25% semanal Fintual ,,2022-05-30,2022-W22,2022-05,2022,Pasivos
2022-05-30 21:55:25+00:00,Main CLP 🇨🇱,Expense,Groceries,183330.31107226,CLP,183330.0,,gastos-comunes,2022-05-30,2022-W22,2022-05,2022,Gastos fijos
2022-05-30 21:55:43+00:00,Main CLP 🇨🇱,Expense,Activities,39069.58342247,CLP,39070.0,,gastos-comunes,2022-05-30,2022-W22,2022-05,2022,Chao culpa
2022-05-30 21:56:04+00:00,Main CLP 🇨🇱,Expense,Other,18298.412489,CLP,18298.0,,gastos-comunes,2022-05-30,2022-W22,2022-05,2022,Gastos fijos
2022-05-30 21:57:14+00:00,Main CLP 🇨🇱,Expense,Restaurant,86216.84443017,CLP,86217.0,,gastos-comunes,2022-05-30,2022-W22,2022-05,2022,Chao culpa
2022-05-30 21:57:25+00:00,Main CLP 🇨🇱,Expense,Snacks & Coffee,3049.73541483,CLP,3050.0,,gastos-comunes,2022-05-30,2022-W22,2022-05,2022,Chao culpa
2022-05-30 21:57:56+00:00,Main CLP 🇨🇱,Expense,Transport,29508.25077056,CLP,29508.0,,gastos-comunes,2022-05-30,2022-W22,2022-05,2022,Gastos fijos
2022-05-31 20:03:21+00:00,Main CLP 🇨🇱,Income,Refund,45500.0,CLP,45500.0,Excedentes,,2022-05-31,2022-W22,2022-05,2022,Otros
2022-06-01 16:00:10+00:00,Main CLP 🇨🇱,Income,Salary,1800000.0,CLP,1800000.0,,,2022-06-01,2022-W22,2022-06,2022,Otros
2022-06-01 16:46:23+00:00,Main CLP 🇨🇱,Income,Refund,363393.16317786,CLP,363393.0,Pasaje traveltobe bali-paris,,2022-06-01,2022-W22,2022-06,2022,Otros
2022-06-02 01:51:01+00:00,Main CLP 🇨🇱,Expense,Utilities,1900.0,CLP,1900.0,Apple cloud 200 Gb,,2022-06-02,2022-W22,2022-06,2022,Gastos fijos
2022-06-04 16:37:30+00:00,Main CLP 🇨🇱,Expense,Snacks & Coffee,6526.33594095,CLP,6526.0,,,2022-06-04,2022-W22,2022-06,2022,Chao culpa
2022-06-04 16:39:04+00:00,Main CLP 🇨🇱,Expense,Acommodation,703024.79258144,CLP,703025.0,Colisbon,,2022-06-04,2022-W22,2022-06,2022,Gastos fijos
2022-06-04 20:42:49+00:00,Main CLP 🇨🇱,Expense,Snacks & Coffee,3045.62343911,CLP,3046.0,Kombucha,,2022-06-04,2022-W22,2022-06,2022,Chao culpa
2022-06-04 20:50:08+00:00,Main CLP 🇨🇱,Expense,Transport,13052.6718819,CLP,13053.0,Viagem recarga,,2022-06-04,2022-W22,2022-06,2022,Gastos fijos
2022-06-05 14:26:03+00:00,Main CLP 🇨🇱,Expense,Restaurant,2915.09672029,CLP,2915.0,Crissaint,,2022-06-05,2022-W22,2022-06,2022,Chao culpa
2022-06-05 18:28:19+00:00,Main CLP 🇨🇱,Expense,Snacks & Coffee,1305.26718819,CLP,1305.0,Helado,,2022-06-05,2022-W22,2022-06,2022,Chao culpa
2022-06-06 21:00:21+00:00,Main CLP 🇨🇱,Expense,Gifts,57038.0,CLP,57038.0,Regalo tewi concierto bjork,,2022-06-06,2022-W23,2022-06,2022,Chao culpa
2022-06-08 11:48:25+00:00,Main CLP 🇨🇱,Expense,Utilities,10338.3750142,CLP,10338.0,,mobile,2022-06-08,2022-W23,2022-06,2022,Gastos fijos
2022-06-08 13:45:23+00:00,Main CLP 🇨🇱,Income,Insurance Payout,99000.0,CLP,99000.0,Excedentes por  3 consultas ,terapia,2022-06-08,2022-W23,2022-06,2022,Otros
2022-06-08 13:46:07+00:00,Main CLP 🇨🇱,Income,Insurance Payout,21000.0,CLP,21000.0,Copago 3 sesiones ,terapia,2022-06-08,2022-W23,2022-06,2022,Otros
2022-06-08 21:14:43+00:00,Main CLP 🇨🇱,Expense,Activities,61640.337437,CLP,61640.0,Massage x2 invitada a cata,,2022-06-08,2022-W23,2022-06,2022,Chao culpa
2022-06-10 08:26:41+00:00,Main CLP 🇨🇱,Expense,Gifts,40000.0,CLP,40000.0,Donacion camara damir,,2022-06-10,2022-W23,2022-06,2022,Chao culpa
2022-06-11 19:58:03+00:00,Main CLP 🇨🇱,Expense,Snacks & Coffee,4159.62449538,CLP,4160.0,,,2022-06-11,2022-W23,2022-06,2022,Chao culpa
2022-06-11 22:13:14+00:00,Main CLP 🇨🇱,Expense,Transport,1217.23748391,CLP,1217.0,Bolt scooter,,2022-06-11,2022-W23,2022-06,2022,Gastos fijos
2022-06-12 00:19:27+00:00,Main CLP 🇨🇱,Expense,Shopping,25745.88635035,CLP,25746.0,Decathlon poleras chalas,,2022-06-12,2022-W23,2022-06,2022,Chao culpa
2022-06-12 09:38:25+00:00,Main CLP 🇨🇱,Expense,Transport,13135.6563012,CLP,13136.0,Viagem,,2022-06-12,2022-W23,2022-06,2022,Gastos fijos
2022-06-12 23:37:48+00:00,Main CLP 🇨🇱,Income,Insurance Payout,26400.0,CLP,26400.0,Banco bice ,"seguro-bice,terapia",2022-06-12,2022-W23,2022-06,2022,Otros
2022-06-13 17:29:39+00:00,Main CLP 🇨🇱,Expense,Savings,43104.563049,CLP,43105.0,Gemini ,btc-stacking,2022-06-13,2022-W24,2022-06,2022,Pasivos
2022-06-13 20:08:05+00:00,Main CLP 🇨🇱,Expense,Savings,60000.0,CLP,60000.0,,btc-stacking,2022-06-13,2022-W24,2022-06,2022,Pasivos
2022-06-13 23:22:42+00:00,Main CLP 🇨🇱,Expense,Savings,400000.0,CLP,400000.0,,btc-stacking,2022-06-13,2022-W24,2022-06,2022,Pasivos
2022-06-14 20:30:18+00:00,Main CLP 🇨🇱,Expense,Snacks & Coffee,2631.19823502,CLP,2631.0,,,2022-06-14,2022-W24,2022-06,2022,Chao culpa
2022-06-15 22:49:21+00:00,Main CLP 🇨🇱,Expense,Savings,200000.0,CLP,200000.0,,btc-stacking,2022-06-15,2022-W24,2022-06,2022,Pasivos
2022-06-16 23:48:17+00:00,Main CLP 🇨🇱,Expense,Transport,1298.61816053,CLP,1299.0,,,2022-06-16,2022-W24,2022-06,2022,Gastos fijos
2022-06-17 11:20:08+00:00,Main CLP 🇨🇱,Income,Insurance Payout,25840.0,CLP,25840.0,Consulta traumatólogo ,,2022-06-17,2022-W24,2022-06,2022,Otros
2022-06-17 18:48:49+00:00,Main CLP 🇨🇱,Expense,Shopping,7523.47798634,CLP,7523.0,Leon cook,books,2022-06-17,2022-W24,2022-06,2022,Chao culpa
2022-06-19 12:57:27+00:00,Main CLP 🇨🇱,Expense,Snacks & Coffee,2416.69250551,CLP,2417.0,,,2022-06-19,2022-W24,2022-06,2022,Chao culpa
2022-06-19 12:59:04+00:00,Main CLP 🇨🇱,Expense,Transport,1760.08171156,CLP,1760.0,,,2022-06-19,2022-W24,2022-06,2022,Gastos fijos
2022-06-19 13:01:37+00:00,Main CLP 🇨🇱,Expense,Education,21721.56430025,CLP,21722.0,Fireship.io month july,,2022-06-19,2022-W24,2022-06,2022,Secundarios
2022-06-19 16:52:07+00:00,Main CLP 🇨🇱,Expense,Transport,1076.11213453,CLP,1076.0,,,2022-06-19,2022-W24,2022-06,2022,Gastos fijos
2022-06-21 14:26:21+00:00,Main CLP 🇨🇱,Expense,Transport,9119.5943604,CLP,9120.0,Viagem,,2022-06-21,2022-W25,2022-06,2022,Gastos fijos
2022-06-21 17:24:53+00:00,Main CLP 🇨🇱,Expense,Snacks & Coffee,3374.24991335,CLP,3374.0,,,2022-06-21,2022-W25,2022-06,2022,Chao culpa
2022-06-21 17:24:59+00:00,Main CLP 🇨🇱,Expense,Snacks & Coffee,2735.87830812,CLP,2736.0,,,2022-06-21,2022-W25,2022-06,2022,Chao culpa
2022-06-21 20:17:09+00:00,Main CLP 🇨🇱,Expense,Savings,200000.0,CLP,200000.0,,btc-stacking,2022-06-21,2022-W25,2022-06,2022,Pasivos
2022-06-22 08:35:28+00:00,Main CLP 🇨🇱,Income,Insurance Payout,26400.0,CLP,26400.0,,seguro-bice,2022-06-22,2022-W25,2022-06,2022,Otros
2022-06-22 13:24:26+00:00,Main CLP 🇨🇱,Expense,Subscriptions,19990.0,CLP,19990.0,Lose it annual subscription ,,2022-06-22,2022-W25,2022-06,2022,Gastos fijos
2022-06-25 11:36:51+00:00,Main CLP 🇨🇱,Expense,Snacks & Coffee,2228.46623389,CLP,2228.0,,,2022-06-25,2022-W25,2022-06,2022,Chao culpa
2022-06-25 12:29:42+00:00,Main CLP 🇨🇱,Expense,Snacks & Coffee,4069.37312275,CLP,4069.0,,,2022-06-25,2022-W25,2022-06,2022,Chao culpa
2022-06-25 13:12:57+00:00,Main CLP 🇨🇱,Expense,Gifts,6297.83935664,CLP,6298.0,Sofia cuadrrno frida,,2022-06-25,2022-W25,2022-06,2022,Chao culpa
2022-06-25 18:56:43+00:00,Main CLP 🇨🇱,Expense,Snacks & Coffee,2519.13574266,CLP,2519.0,,,2022-06-25,2022-W25,2022-06,2022,Chao culpa
2022-06-26 15:46:40+00:00,Main CLP 🇨🇱,Expense,Snacks & Coffee,2131.57639763,CLP,2132.0,,,2022-06-26,2022-W25,2022-06,2022,Chao culpa
2022-06-27 16:19:01+00:00,Main CLP 🇨🇱,Expense,Transport,4088.75109,CLP,4089.0,,,2022-06-27,2022-W26,2022-06,2022,Gastos fijos
2022-06-28 21:29:18+00:00,Main CLP 🇨🇱,Income,Sale,19452.0361418,CLP,19452.0,Mochila north face recon,,2022-06-28,2022-W26,2022-06,2022,Otros
2022-06-29 10:45:49+00:00,Main CLP 🇨🇱,Expense,Other,14052.0,CLP,14052.0,Mantencion tarjeta santander,comision,2022-06-29,2022-W26,2022-06,2022,Gastos fijos
2022-06-30 09:10:27+00:00,Main CLP 🇨🇱,Expense,Savings,300000.0,CLP,300000.0,"Automatizado , L a V",,2022-06-30,2022-W26,2022-06,2022,Pasivos
2022-06-30 11:47:50+00:00,Main CLP 🇨🇱,Income,Insurance Payout,26400.0,CLP,26400.0,,seguro-bice,2022-06-30,2022-W26,2022-06,2022,Otros
2022-06-30 17:39:29+00:00,Main CLP 🇨🇱,Expense,Activities,39075.25016552,CLP,39075.0,,gastos-comunes,2022-06-30,2022-W26,2022-06,2022,Chao culpa
2022-06-30 17:41:48+00:00,Main CLP 🇨🇱,Expense,Groceries,89117.68271641,CLP,89118.0,,gastos-comunes,2022-06-30,2022-W26,2022-06,2022,Gastos fijos
2022-06-30 17:42:06+00:00,Main CLP 🇨🇱,Expense,Acommodation,211230.17094251,CLP,211230.0,,gastos-comunes,2022-06-30,2022-W26,2022-06,2022,Gastos fijos
2022-06-30 17:42:29+00:00,Main CLP 🇨🇱,Expense,Restaurant,260778.33421922,CLP,260778.0,,gastos-comunes,2022-06-30,2022-W26,2022-06,2022,Chao culpa
2022-06-30 17:42:39+00:00,Main CLP 🇨🇱,Expense,Snacks & Coffee,20796.61285659,CLP,20797.0,,gastos-comunes,2022-06-30,2022-W26,2022-06,2022,Chao culpa
2022-06-30 17:42:53+00:00,Main CLP 🇨🇱,Expense,Transport,99320.14660211,CLP,99320.0,,gastos-comunes,2022-06-30,2022-W26,2022-06,2022,Gastos fijos
2022-07-01 08:26:33+00:00,Main CLP 🇨🇱,Expense,Snacks & Coffee,3639.18443962,CLP,3639.0,,,2022-07-01,2022-W26,2022-07,2022,Chao culpa
2022-07-01 16:00:10+00:00,Main CLP 🇨🇱,Income,Salary,1800000.0,CLP,1800000.0,,,2022-07-01,2022-W26,2022-07,2022,Otros
2022-07-02 01:51:01+00:00,Main CLP 🇨🇱,Expense,Utilities,1900.0,CLP,1900.0,Apple cloud 200 Gb,,2022-07-02,2022-W26,2022-07,2022,Gastos fijos
2022-07-04 16:42:27+00:00,Main CLP 🇨🇱,Expense,Snacks & Coffee,4279.4479512,CLP,4279.0,,,2022-07-04,2022-W27,2022-07,2022,Chao culpa
2022-07-04 16:42:42+00:00,Main CLP 🇨🇱,Expense,Snacks & Coffee,972.60180709,CLP,973.0,,,2022-07-04,2022-W27,2022-07,2022,Chao culpa
2022-07-05 11:01:46+00:00,Main CLP 🇨🇱,Expense,Flights,60952.95525033,CLP,60953.0,Lis - madrid easyjet,,2022-07-05,2022-W27,2022-07,2022,Otros
2022-07-05 11:53:15+00:00,Main CLP 🇨🇱,Expense,Restaurant,10893.14023941,CLP,10893.0,,,2022-07-05,2022-W27,2022-07,2022,Chao culpa
2022-07-05 13:33:25+00:00,Main CLP 🇨🇱,Expense,Snacks & Coffee,1750.68325276,CLP,1751.0,,,2022-07-05,2022-W27,2022-07,2022,Chao culpa
2022-07-05 21:37:05+00:00,Main CLP 🇨🇱,Expense,Groceries,9025.7447698,CLP,9026.0,,,2022-07-05,2022-W27,2022-07,2022,Gastos fijos
2022-07-06 10:00:36+00:00,Main CLP 🇨🇱,Income,Refund,10532.07218523,CLP,10532.0,Kiwi refund cancel flight,,2022-07-06,2022-W27,2022-07,2022,Otros
2022-07-06 10:05:54+00:00,Main CLP 🇨🇱,Expense,Utilities,9726.0180709,CLP,9726.0,Prepago 4g 5gb,,2022-07-06,2022-W27,2022-07,2022,Gastos fijos
2022-07-06 10:06:15+00:00,Main CLP 🇨🇱,Expense,Shopping,2042.46379489,CLP,2042.0,Candado,,2022-07-06,2022-W27,2022-07,2022,Chao culpa
2022-07-06 17:25:55+00:00,Main CLP 🇨🇱,Expense,Transport,3433.28437903,CLP,3433.0,Bird,,2022-07-06,2022-W27,2022-07,2022,Gastos fijos
2022-07-06 18:57:58+00:00,Main CLP 🇨🇱,Expense,Restaurant,11671.22168508,CLP,11671.0,Poke bowl,,2022-07-06,2022-W27,2022-07,2022,Chao culpa
2022-07-06 19:12:55+00:00,Main CLP 🇨🇱,Expense,Snacks & Coffee,5349.309939,CLP,5349.0,Bebida y papas,,2022-07-06,2022-W27,2022-07,2022,Chao culpa
2022-07-06 19:59:32+00:00,Main CLP 🇨🇱,Expense,Snacks & Coffee,1945.20361418,CLP,1945.0,Pasteis nata,,2022-07-06,2022-W27,2022-07,2022,Chao culpa
2022-07-06 23:52:55+00:00,Main CLP 🇨🇱,Expense,Restaurant,4863.00903545,CLP,4863.0,,,2022-07-06,2022-W27,2022-07,2022,Chao culpa
2022-07-07 05:55:46+00:00,Main CLP 🇨🇱,Expense,Restaurant,5349.309939,CLP,5349.0,,,2022-07-07,2022-W27,2022-07,2022,Chao culpa
2022-07-07 08:34:57+00:00,Main CLP 🇨🇱,Expense,Transport,17506.83252762,CLP,17507.0,Bus bva a paris,,2022-07-07,2022-W27,2022-07,2022,Gastos fijos
2022-07-07 11:48:17+00:00,Main CLP 🇨🇱,Income,Insurance Payout,26400.0,CLP,26400.0,,seguro-bice,2022-07-07,2022-W27,2022-07,2022,Otros
2022-07-07 12:24:24+00:00,Main CLP 🇨🇱,Expense,Transport,5503.0991137,CLP,5503.0,,,2022-07-07,2022-W27,2022-07,2022,Gastos fijos
2022-07-07 18:40:39+00:00,Main CLP 🇨🇱,Expense,Snacks & Coffee,6383.59609246,CLP,6384.0,Cafe work,,2022-07-07,2022-W27,2022-07,2022,Chao culpa
2022-07-07 18:41:06+00:00,Main CLP 🇨🇱,Expense,Groceries,10465.22874551,CLP,10465.0,,,2022-07-07,2022-W27,2022-07,2022,Gastos fijos
2022-07-07 18:42:32+00:00,Main CLP 🇨🇱,Expense,Restaurant,14798.33639615,CLP,14798.0,Lasagna,,2022-07-07,2022-W27,2022-07,2022,Chao culpa
2022-07-08 11:16:01+00:00,Main CLP 🇨🇱,Expense,Snacks & Coffee,2224.58651707,CLP,2225.0,,,2022-07-08,2022-W27,2022-07,2022,Chao culpa
2022-07-08 11:16:19+00:00,Main CLP 🇨🇱,Expense,Groceries,6016.05571138,CLP,6016.0,,,2022-07-08,2022-W27,2022-07,2022,Gastos fijos
2022-07-08 11:51:03+00:00,Main CLP 🇨🇱,Expense,Transport,2708.19228165,CLP,2708.0,,,2022-07-08,2022-W27,2022-07,2022,Gastos fijos
2022-07-08 13:04:59+00:00,Main CLP 🇨🇱,Expense,Acommodation,76028.0,CLP,76028.0,Ibis paris 2 noches,,2022-07-08,2022-W27,2022-07,2022,Gastos fijos
2022-07-09 10:03:05+00:00,Main CLP 🇨🇱,Expense,Flights,77248.69868168,CLP,77249.0,Lis madrid third flight attempt iberia,,2022-07-09,2022-W27,2022-07,2022,Otros
2022-07-09 11:51:48+00:00,Main CLP 🇨🇱,Expense,Transport,4971.46725988,CLP,4971.0,,,2022-07-09,2022-W27,2022-07,2022,Gastos fijos
2022-07-09 11:56:50+00:00,Main CLP 🇨🇱,Expense,Activities,17409.80752488,CLP,17410.0,Cartier bresson invitar a rod,,2022-07-09,2022-W27,2022-07,2022,Chao culpa
2022-07-09 13:31:52+00:00,Main CLP 🇨🇱,Expense,Restaurant,24663.89399358,CLP,24664.0,,,2022-07-09,2022-W27,2022-07,2022,Chao culpa
2022-07-09 18:02:12+00:00,Main CLP 🇨🇱,Expense,Snacks & Coffee,23213.07669984,CLP,23213.0,Stade de france,,2022-07-09,2022-W27,2022-07,2022,Chao culpa
2022-07-10 09:11:23+00:00,Main CLP 🇨🇱,Expense,Transport,2708.19228165,CLP,2708.0,,,2022-07-10,2022-W27,2022-07,2022,Gastos fijos
2022-07-10 15:30:56+00:00,Main CLP 🇨🇱,Expense,Restaurant,23125.0,CLP,23125.0,Picnic y cena chatou,,2022-07-10,2022-W27,2022-07,2022,Chao culpa
2022-07-10 17:06:50+00:00,Main CLP 🇨🇱,Expense,Transport,8592.55826525,CLP,8593.0,,,2022-07-10,2022-W27,2022-07,2022,Gastos fijos
2022-07-11 08:32:19+00:00,Main CLP 🇨🇱,Expense,Snacks & Coffee,2896.36795458,CLP,2896.0,,,2022-07-11,2022-W28,2022-07,2022,Chao culpa
2022-07-11 12:12:00+00:00,Main CLP 🇨🇱,Expense,Groceries,3861.82393944,CLP,3862.0,,,2022-07-11,2022-W28,2022-07,2022,Gastos fijos
2022-07-11 16:07:12+00:00,Main CLP 🇨🇱,Expense,Snacks & Coffee,1998.90060466,CLP,1999.0,,,2022-07-11,2022-W28,2022-07,2022,Chao culpa
2022-07-11 18:30:14+00:00,Main CLP 🇨🇱,Expense,Groceries,6746.28954073,CLP,6746.0,,,2022-07-11,2022-W28,2022-07,2022,Gastos fijos
2022-07-11 22:41:36+00:00,Main CLP 🇨🇱,Expense,Transport,1898.95557443,CLP,1899.0,,,2022-07-11,2022-W28,2022-07,2022,Gastos fijos
2022-07-11 22:44:20+00:00,Main CLP 🇨🇱,Expense,Restaurant,8195.49247911,CLP,8195.0,,,2022-07-11,2022-W28,2022-07,2022,Chao culpa
2022-07-12 09:01:36+00:00,Main CLP 🇨🇱,Expense,Groceries,4697.41642095,CLP,4697.0,,,2022-07-12,2022-W28,2022-07,2022,Gastos fijos
2022-07-12 09:01:53+00:00,Main CLP 🇨🇱,Expense,Transport,6396.48193491,CLP,6396.0,Bus lisbon Ericeira ,,2022-07-12,2022-W28,2022-07,2022,Gastos fijos
2022-07-12 11:03:52+00:00,Main CLP 🇨🇱,Expense,Transport,3248.21348257,CLP,3248.0,,,2022-07-12,2022-W28,2022-07,2022,Gastos fijos
2022-07-13 09:36:35+00:00,Main CLP 🇨🇱,Expense,Acommodation,23013.46955834,CLP,23013.0,Madrid hostel,,2022-07-13,2022-W28,2022-07,2022,Gastos fijos
2022-07-13 10:22:03+00:00,Main CLP 🇨🇱,Expense,Groceries,43476.08815136,CLP,43476.0,,,2022-07-13,2022-W28,2022-07,2022,Gastos fijos
2022-07-13 10:57:18+00:00,Main CLP 🇨🇱,Expense,Acommodation,303333.16675716,CLP,303333.0,Sunago coliving ericeira 16 nights,,2022-07-13,2022-W28,2022-07,2022,Gastos fijos
2022-07-13 11:33:12+00:00,Main CLP 🇨🇱,Expense,Other,14132.22727495,CLP,14132.0,Tourism tax sunago,,2022-07-13,2022-W28,2022-07,2022,Gastos fijos
2022-07-14 19:16:58+00:00,Main CLP 🇨🇱,Expense,Restaurant,7495.87726748,CLP,7496.0,Burger King ,,2022-07-14,2022-W28,2022-07,2022,Chao culpa
2022-07-15 17:52:06+00:00,Main CLP 🇨🇱,Expense,Snacks & Coffee,1898.95557443,CLP,1899.0,,,2022-07-15,2022-W28,2022-07,2022,Chao culpa
2022-07-15 21:08:06+00:00,Main CLP 🇨🇱,Expense,Groceries,10983.95882261,CLP,10984.0,,,2022-07-15,2022-W28,2022-07,2022,Gastos fijos
2022-07-16 14:31:30+00:00,Main CLP 🇨🇱,Expense,Restaurant,13892.35920239,CLP,13892.0,Poke bowl Ericeira ,,2022-07-16,2022-W28,2022-07,2022,Chao culpa
2022-07-16 14:31:36+00:00,Main CLP 🇨🇱,Expense,Snacks & Coffee,2698.51581629,CLP,2699.0,,,2022-07-16,2022-W28,2022-07,2022,Chao culpa
2022-07-16 19:51:29+00:00,Main CLP 🇨🇱,Expense,Activities,19989.0060466,CLP,19989.0,Surf rental,,2022-07-16,2022-W28,2022-07,2022,Chao culpa
2022-07-17 17:26:50+00:00,Main CLP 🇨🇱,Expense,Snacks & Coffee,4297.63630002,CLP,4298.0,,,2022-07-17,2022-W28,2022-07,2022,Chao culpa
2022-07-17 18:58:10+00:00,Main CLP 🇨🇱,Expense,Snacks & Coffee,2498.62575583,CLP,2499.0,,,2022-07-17,2022-W28,2022-07,2022,Chao culpa
2022-07-17 18:58:18+00:00,Main CLP 🇨🇱,Expense,Groceries,5966.71830491,CLP,5967.0,,,2022-07-17,2022-W28,2022-07,2022,Gastos fijos
2022-07-17 21:54:15+00:00,Main CLP 🇨🇱,Expense,Restaurant,21509.5394808,CLP,21510.0,Asado sunago y comida infonedia,,2022-07-17,2022-W28,2022-07,2022,Chao culpa
2022-07-19 09:59:46+00:00,Main CLP 🇨🇱,Expense,Savings,100000.0,CLP,100000.0,,btc-stacking,2022-07-19,2022-W29,2022-07,2022,Pasivos
2022-07-19 19:26:28+00:00,Main CLP 🇨🇱,Expense,Restaurant,18283.10855868,CLP,18283.0,,,2022-07-19,2022-W29,2022-07,2022,Chao culpa
2022-07-20 16:24:00+00:00,Main CLP 🇨🇱,Expense,Shopping,68337.0,CLP,68337.0,Soundcore sport x10 headphones ,,2022-07-20,2022-W29,2022-07,2022,Chao culpa
2022-07-21 23:11:24+00:00,Main CLP 🇨🇱,Expense,Groceries,22805.2338012,CLP,22805.0,,,2022-07-21,2022-W29,2022-07,2022,Gastos fijos
2022-07-21 23:11:48+00:00,Main CLP 🇨🇱,Expense,Restaurant,2850.65422515,CLP,2851.0,,,2022-07-21,2022-W29,2022-07,2022,Chao culpa
2022-07-23 23:17:01+00:00,Main CLP 🇨🇱,Expense,Activities,9502.1807505,CLP,9502.0,Club ericeira,,2022-07-23,2022-W29,2022-07,2022,Chao culpa
2022-07-23 23:17:08+00:00,Main CLP 🇨🇱,Expense,Snacks & Coffee,1900.4361501,CLP,1900.0,,,2022-07-23,2022-W29,2022-07,2022,Chao culpa
2022-07-24 16:59:25+00:00,Main CLP 🇨🇱,Expense,Activities,28506.5422515,CLP,28507.0,Surf lesson,,2022-07-24,2022-W29,2022-07,2022,Chao culpa
2022-07-24 16:59:32+00:00,Main CLP 🇨🇱,Expense,Snacks & Coffee,3325.76326268,CLP,3326.0,,,2022-07-24,2022-W29,2022-07,2022,Chao culpa
2022-07-24 18:16:24+00:00,Main CLP 🇨🇱,Expense,Restaurant,6651.52652535,CLP,6652.0,,,2022-07-24,2022-W29,2022-07,2022,Chao culpa
2022-07-24 19:23:05+00:00,Main CLP 🇨🇱,Expense,Transport,5739.3171733,CLP,5739.0,,,2022-07-24,2022-W29,2022-07,2022,Gastos fijos
2022-07-26 13:40:56+00:00,Main CLP 🇨🇱,Expense,Groceries,12637.90039817,CLP,12638.0,,,2022-07-26,2022-W30,2022-07,2022,Gastos fijos
2022-07-26 20:37:09+00:00,Main CLP 🇨🇱,Expense,Restaurant,19954.57957605,CLP,19955.0,Canico ericeira pulpo,,2022-07-26,2022-W30,2022-07,2022,Chao culpa
2022-07-28 09:14:53+00:00,Main CLP 🇨🇱,Expense,Utilities,11090.5320128,CLP,11091.0,Three data pack 16gb,,2022-07-28,2022-W30,2022-07,2022,Gastos fijos
2022-07-28 15:11:07+00:00,Main CLP 🇨🇱,Expense,Transport,6081.39568032,CLP,6081.0,Bus Ericeira to Lisboa ,,2022-07-28,2022-W30,2022-07,2022,Gastos fijos
2022-07-28 15:11:16+00:00,Main CLP 🇨🇱,Expense,Groceries,25655.88802635,CLP,25656.0,Pastel de choclo comida,,2022-07-28,2022-W30,2022-07,2022,Gastos fijos
2022-07-28 16:52:46+00:00,Main CLP 🇨🇱,Expense,Snacks & Coffee,1805.4143426,CLP,1805.0,,,2022-07-28,2022-W30,2022-07,2022,Chao culpa
2022-07-28 16:56:24+00:00,Main CLP 🇨🇱,Expense,Snacks & Coffee,5416.24302779,CLP,5416.0,Frapuccino matcha,,2022-07-28,2022-W30,2022-07,2022,Chao culpa
2022-07-28 20:52:05+00:00,Main CLP 🇨🇱,Expense,Snacks & Coffee,2850.65422515,CLP,2851.0,,,2022-07-28,2022-W30,2022-07,2022,Chao culpa
2022-07-28 23:13:41+00:00,Main CLP 🇨🇱,Expense,Transport,7126.63556288,CLP,7127.0,,,2022-07-28,2022-W30,2022-07,2022,Gastos fijos
2022-07-28 23:13:47+00:00,Main CLP 🇨🇱,Expense,Snacks & Coffee,2850.65422515,CLP,2851.0,,,2022-07-28,2022-W30,2022-07,2022,Chao culpa
2022-07-29 09:59:54+00:00,Main CLP 🇨🇱,Expense,Snacks & Coffee,3442.50093042,CLP,3443.0,,,2022-07-29,2022-W30,2022-07,2022,Chao culpa
2022-07-29 10:45:49+00:00,Main CLP 🇨🇱,Expense,Other,14052.0,CLP,14052.0,Mantencion tarjeta santander,comision,2022-07-29,2022-W30,2022-07,2022,Gastos fijos
2022-07-29 11:22:06+00:00,Main CLP 🇨🇱,Income,Insurance Payout,26400.0,CLP,26400.0,,seguro-bice,2022-07-29,2022-W30,2022-07,2022,Otros
2022-07-29 11:53:37+00:00,Main CLP 🇨🇱,Expense,Shopping,815733.15966077,CLP,815733.0,Yamaha Silent Guitar slg200s,,2022-07-29,2022-W30,2022-07,2022,Chao culpa
2022-07-29 13:30:46+00:00,Main CLP 🇨🇱,Expense,Restaurant,9490.13770007,CLP,9490.0,Mcdonalds,,2022-07-29,2022-W30,2022-07,2022,Chao culpa
2022-07-29 13:37:39+00:00,Main CLP 🇨🇱,Expense,Transport,46129.51246761,CLP,46130.0,Uber hazen y airport ,,2022-07-29,2022-W30,2022-07,2022,Gastos fijos
2022-07-29 13:37:52+00:00,Main CLP 🇨🇱,Expense,Transport,4652.02828435,CLP,4652.0,Tip uber,,2022-07-29,2022-W30,2022-07,2022,Gastos fijos
2022-07-29 16:29:03+00:00,Main CLP 🇨🇱,Income,Refund,86015.66390545,CLP,86016.0,Vat refund spain Yamaha silent guitar,,2022-07-29,2022-W30,2022-07,2022,Otros
2022-07-29 17:42:46+00:00,Main CLP 🇨🇱,Expense,Restaurant,9164.49572017,CLP,9164.0,Burger king,,2022-07-29,2022-W30,2022-07,2022,Chao culpa
2022-07-30 09:10:27+00:00,Main CLP 🇨🇱,Expense,Savings,300000.0,CLP,300000.0,"Automatizado , L a V",,2022-07-30,2022-W30,2022-07,2022,Pasivos
2022-07-30 17:43:07+00:00,Main CLP 🇨🇱,Expense,Pharmacy ,106674.0,CLP,106674.0,Cremas skin care,,2022-07-30,2022-W30,2022-07,2022,Gastos fijos
2022-08-01 14:14:03+00:00,Main CLP 🇨🇱,Expense,Healthcare,12363.0,CLP,12363.0,Resonancia magnética columna lumbar,,2022-08-01,2022-W31,2022-08,2022,Gastos fijos
2022-08-01 16:00:10+00:00,Main CLP 🇨🇱,Income,Salary,1800000.0,CLP,1800000.0,,,2022-08-01,2022-W31,2022-08,2022,Otros
2022-08-01 19:25:19+00:00,Main CLP 🇨🇱,Expense,Utilities,12826.0,CLP,12826.0,Deuda entel,,2022-08-01,2022-W31,2022-08,2022,Gastos fijos
2022-08-02 01:51:01+00:00,Main CLP 🇨🇱,Expense,Utilities,1900.0,CLP,1900.0,Apple cloud 200 Gb,,2022-08-02,2022-W31,2022-08,2022,Gastos fijos
2022-08-03 12:40:28+00:00,Main CLP 🇨🇱,Expense,Shopping,13326.32266022,CLP,13326.0,Kindle passionate programmer ,books,2022-08-03,2022-W31,2022-08,2022,Chao culpa
2022-08-03 13:46:05+00:00,Main CLP 🇨🇱,Expense,Education,181310.512384,CLP,181311.0,Paul Davids Next Level Playing Guitar Course,,2022-08-03,2022-W31,2022-08,2022,Secundarios
2022-08-03 23:47:26+00:00,Main CLP 🇨🇱,Expense,Shopping,131000.0,CLP,131000.0,Decathlon ,,2022-08-03,2022-W31,2022-08,2022,Chao culpa
2022-08-04 12:39:10+00:00,Main CLP 🇨🇱,Expense,Groceries,36792.0,CLP,36792.0,Proteina chefprotein,,2022-08-04,2022-W31,2022-08,2022,Gastos fijos
2022-08-04 20:05:02+00:00,Main CLP 🇨🇱,Expense,Healthcare,40000.0,CLP,40000.0,Sesion aug 4,terapia,2022-08-04,2022-W31,2022-08,2022,Gastos fijos
2022-08-05 22:37:21+00:00,Main CLP 🇨🇱,Expense,Shopping,44000.0,CLP,44000.0,Decathlon ,,2022-08-05,2022-W31,2022-08,2022,Chao culpa
2022-08-05 22:44:51+00:00,Main CLP 🇨🇱,Expense,Shopping,55980.0,CLP,55980.0,Zapatillas reebok hiit tr,,2022-08-05,2022-W31,2022-08,2022,Chao culpa
2022-08-06 15:52:59+00:00,Main CLP 🇨🇱,Expense,Groceries,10800.0,CLP,10800.0,Yogurt ,,2022-08-06,2022-W31,2022-08,2022,Gastos fijos
2022-08-06 19:04:15+00:00,Main CLP 🇨🇱,Expense,Restaurant,26219.0,CLP,26219.0,Cafe puelo con cata,,2022-08-06,2022-W31,2022-08,2022,Chao culpa
2022-08-07 17:07:24+00:00,Main CLP 🇨🇱,Expense,Groceries,28958.0,CLP,28958.0,,,2022-08-07,2022-W31,2022-08,2022,Gastos fijos
2022-08-07 19:39:15+00:00,Main CLP 🇨🇱,Expense,Groceries,1680.0,CLP,1680.0,,,2022-08-07,2022-W31,2022-08,2022,Gastos fijos
2022-08-09 16:05:13+00:00,Main CLP 🇨🇱,Expense,Healthcare,63500.0,CLP,63500.0,Higiene dental ultrasonido 38k + radiografía ,,2022-08-09,2022-W32,2022-08,2022,Gastos fijos
2022-08-09 16:51:59+00:00,Main CLP 🇨🇱,Expense,Pharmacy ,20497.0,CLP,20497.0,Farmacia ,,2022-08-09,2022-W32,2022-08,2022,Gastos fijos
2022-08-10 20:31:14+00:00,Main CLP 🇨🇱,Expense,Restaurant,12980.0,CLP,12980.0,Juicy burger buda almuerzo ,,2022-08-10,2022-W32,2022-08,2022,Chao culpa
2022-08-11 15:07:28+00:00,Main CLP 🇨🇱,Expense,Groceries,12347.0,CLP,12347.0,Cornershop ,,2022-08-11,2022-W32,2022-08,2022,Gastos fijos
2022-08-11 15:09:07+00:00,Main CLP 🇨🇱,Expense,Gifts,9990.0,CLP,9990.0,Mama cata dulces arabes,,2022-08-11,2022-W32,2022-08,2022,Chao culpa
2022-08-11 22:35:06+00:00,Main CLP 🇨🇱,Expense,Healthcare,3791.0,CLP,3791.0,Consulta traumatólogo alemana,,2022-08-11,2022-W32,2022-08,2022,Gastos fijos
2022-08-12 03:44:44+00:00,Main CLP 🇨🇱,Expense,Restaurant,12980.0,CLP,12980.0,Casa en el aire,,2022-08-12,2022-W32,2022-08,2022,Chao culpa
2022-08-12 12:50:49+00:00,Main CLP 🇨🇱,Expense,Shopping,17487.0,CLP,17487.0,Soporte iphone auto,,2022-08-12,2022-W32,2022-08,2022,Chao culpa
2022-08-12 16:21:23+00:00,Main CLP 🇨🇱,Income,Insurance Payout,22525.0,CLP,22525.0,Dental higiene,seguro-bice,2022-08-12,2022-W32,2022-08,2022,Otros
2022-08-15 00:31:22+00:00,Main CLP 🇨🇱,Expense,Utilities,26272.6930386,CLP,26273.0,freedom 1 year,,2022-08-15,2022-W33,2022-08,2022,Gastos fijos
2022-08-15 00:36:46+00:00,Main CLP 🇨🇱,Expense,Savings,1.0,CLP,1.0,,,2022-08-15,2022-W33,2022-08,2022,Pasivos
2022-08-16 01:49:17+00:00,Main CLP 🇨🇱,Expense,Restaurant,11140.0,CLP,11140.0,Pizza hermanos y ginger beer,,2022-08-16,2022-W33,2022-08,2022,Chao culpa
2022-08-16 12:52:27+00:00,Main CLP 🇨🇱,Income,Insurance Payout,7000.0,CLP,7000.0,,terapia,2022-08-16,2022-W33,2022-08,2022,Otros
2022-08-17 15:53:40+00:00,Main CLP 🇨🇱,Expense,Restaurant,9420.0,CLP,9420.0,Sushi erick nico,,2022-08-17,2022-W33,2022-08,2022,Chao culpa
2022-08-17 19:14:01+00:00,Main CLP 🇨🇱,Expense,Transport,5645.0,CLP,5645.0,,taxi,2022-08-17,2022-W33,2022-08,2022,Gastos fijos
2022-08-17 19:36:14+00:00,Main CLP 🇨🇱,Expense,Transport,4314.0,CLP,4314.0,,taxi,2022-08-17,2022-W33,2022-08,2022,Gastos fijos
2022-08-17 19:55:18+00:00,Main CLP 🇨🇱,Expense,Healthcare,40000.0,CLP,40000.0,,terapia,2022-08-17,2022-W33,2022-08,2022,Gastos fijos
2022-08-18 12:54:01+00:00,Main CLP 🇨🇱,Income,Insurance Payout,26400.0,CLP,26400.0,,"seguro-bice,terapia",2022-08-18,2022-W33,2022-08,2022,Otros
2022-08-18 12:54:31+00:00,Main CLP 🇨🇱,Income,Insurance Payout,26337.0,CLP,26337.0,,excedentes,2022-08-18,2022-W33,2022-08,2022,Otros
2022-08-18 17:28:04+00:00,Main CLP 🇨🇱,Expense,Gifts,16600.0,CLP,16600.0,Barquillo marigen cumple,,2022-08-18,2022-W33,2022-08,2022,Chao culpa
2022-08-20 14:36:09+00:00,Main CLP 🇨🇱,Expense,Groceries,17352.0,CLP,17352.0,Tunquen los 8 ,,2022-08-20,2022-W33,2022-08,2022,Gastos fijos
2022-08-23 02:55:32+00:00,Main CLP 🇨🇱,Income,Insurance Payout,26400.0,CLP,26400.0,,"seguro-bice,terapia",2022-08-23,2022-W34,2022-08,2022,Otros
2022-08-23 17:50:22+00:00,Main CLP 🇨🇱,Expense,Restaurant,6700.0,CLP,6700.0,Subway,,2022-08-23,2022-W34,2022-08,2022,Chao culpa
2022-08-23 23:04:41+00:00,Main CLP 🇨🇱,Expense,Groceries,7990.0,CLP,7990.0,Ginger beer x8,,2022-08-23,2022-W34,2022-08,2022,Gastos fijos
2022-08-24 16:01:49+00:00,Main CLP 🇨🇱,Expense,Other,104140.0,CLP,104140.0,"Mantencion completa bici + cadena, piñon, cables, pastillas freno . Taller RTH en caracol los leones",,2022-08-24,2022-W34,2022-08,2022,Gastos fijos
2022-08-24 19:20:54+00:00,Main CLP 🇨🇱,Expense,Other,4066.0,CLP,4066.0,Rappi envios aletas a uc,,2022-08-24,2022-W34,2022-08,2022,Gastos fijos
2022-08-25 15:14:41+00:00,Main CLP 🇨🇱,Expense,Healthcare,3700.0,CLP,3700.0,Alemana neurologo Fonck,,2022-08-25,2022-W34,2022-08,2022,Gastos fijos
2022-08-25 16:15:38+00:00,Main CLP 🇨🇱,Expense,Healthcare,5765.0,CLP,5765.0,Betaloc para jaquecas,,2022-08-25,2022-W34,2022-08,2022,Gastos fijos
2022-08-25 16:19:55+00:00,Main CLP 🇨🇱,Expense,Healthcare,2772.0,CLP,2772.0,Syndol jaquecas,,2022-08-25,2022-W34,2022-08,2022,Gastos fijos
2022-08-25 16:21:03+00:00,Main CLP 🇨🇱,Expense,Healthcare,5140.0,CLP,5140.0,Vitamina c y propoleo,,2022-08-25,2022-W34,2022-08,2022,Gastos fijos
2022-08-26 01:11:32+00:00,Main CLP 🇨🇱,Expense,Restaurant,6765.0,CLP,6765.0,Bar pipiola,,2022-08-26,2022-W34,2022-08,2022,Chao culpa
2022-08-26 03:06:37+00:00,Main CLP 🇨🇱,Expense,Education,26954.9044449,CLP,26955.0,course crazy singing marc ajax,,2022-08-26,2022-W34,2022-08,2022,Secundarios
2022-08-27 01:09:44+00:00,Main CLP 🇨🇱,Expense,Pharmacy ,20000.0,CLP,20000.0,Corte de pelo Le Moustache con Martin,,2022-08-27,2022-W34,2022-08,2022,Gastos fijos
2022-08-27 01:10:38+00:00,Main CLP 🇨🇱,Expense,Snacks & Coffee,1000.0,CLP,1000.0,,,2022-08-27,2022-W34,2022-08,2022,Chao culpa
2022-08-27 06:12:24+00:00,Main CLP 🇨🇱,Expense,Transport,5724.0,CLP,5724.0,,taxi,2022-08-27,2022-W34,2022-08,2022,Gastos fijos
2022-08-27 06:13:57+00:00,Main CLP 🇨🇱,Expense,Transport,2443.0,CLP,2443.0,,taxi,2022-08-27,2022-W34,2022-08,2022,Gastos fijos
2022-08-28 20:19:49+00:00,Main CLP 🇨🇱,Expense,Shopping,52000.0,CLP,52000.0,Decathlon futbol y mas,,2022-08-28,2022-W34,2022-08,2022,Chao culpa
2022-08-28 23:19:31+00:00,Main CLP 🇨🇱,Expense,Shopping,16490.0,CLP,16490.0,Funda electroacústica ,,2022-08-28,2022-W34,2022-08,2022,Chao culpa
2022-08-29 10:45:49+00:00,Main CLP 🇨🇱,Expense,Other,14052.0,CLP,14052.0,Mantencion tarjeta santander,comision,2022-08-29,2022-W35,2022-08,2022,Gastos fijos
2022-08-29 18:37:44+00:00,Main CLP 🇨🇱,Expense,Shopping,10840.0,CLP,10840.0,Infusor botella te,,2022-08-29,2022-W35,2022-08,2022,Chao culpa
2022-08-29 18:42:12+00:00,Main CLP 🇨🇱,Expense,Groceries,13400.0,CLP,13400.0,Te matcha japones 60g,,2022-08-29,2022-W35,2022-08,2022,Gastos fijos
2022-08-30 09:10:27+00:00,Main CLP 🇨🇱,Expense,Savings,356000.0,CLP,356000.0,"Automatizado , L a V",,2022-08-30,2022-W35,2022-08,2022,Pasivos
2022-08-30 13:02:11+00:00,Main CLP 🇨🇱,Expense,Savings,384000.0,CLP,384000.0,,,2022-08-30,2022-W35,2022-08,2022,Pasivos
2022-08-30 15:35:52+00:00,Main CLP 🇨🇱,Expense,Sport,20000.0,CLP,20000.0,Gym smart fit mensualidad ,,2022-08-30,2022-W35,2022-08,2022,Secundarios
2022-08-31 02:20:53+00:00,Main CLP 🇨🇱,Expense,Restaurant,22729.0,CLP,22729.0,Le beer,,2022-08-31,2022-W35,2022-08,2022,Chao culpa
2022-08-31 20:09:35+00:00,Main CLP 🇨🇱,Expense,Healthcare,40000.0,CLP,40000.0,,terapia,2022-08-31,2022-W35,2022-08,2022,Gastos fijos
2022-08-31 21:10:44+00:00,Main CLP 🇨🇱,Expense,Transport,5000.0,CLP,5000.0,Bip,,2022-08-31,2022-W35,2022-08,2022,Gastos fijos
2022-09-01 03:39:42+00:00,Main CLP 🇨🇱,Income,Insurance Payout,26400.0,CLP,26400.0,,"seguro-bice,terapia",2022-09-01,2022-W35,2022-09,2022,Otros
2022-09-01 04:39:47+00:00,Main CLP 🇨🇱,Expense,Shopping,18744.73084723,CLP,18745.0,Ca app book kindle,books,2022-09-01,2022-W35,2022-09,2022,Chao culpa
2022-09-01 16:00:10+00:00,Main CLP 🇨🇱,Income,Salary,1800000.0,CLP,1800000.0,,,2022-09-01,2022-W35,2022-09,2022,Otros
2022-09-01 16:47:48+00:00,Main CLP 🇨🇱,Expense,Savings,100000.0,CLP,100000.0,,btc-stacking,2022-09-01,2022-W35,2022-09,2022,Pasivos
2022-09-01 21:05:42+00:00,Main CLP 🇨🇱,Expense,Utilities,9990.0,CLP,9990.0,Entel plan,,2022-09-01,2022-W35,2022-09,2022,Gastos fijos
2022-09-02 01:51:01+00:00,Main CLP 🇨🇱,Expense,Utilities,1900.0,CLP,1900.0,Apple cloud 200 Gb,,2022-09-02,2022-W35,2022-09,2022,Gastos fijos
2022-09-03 00:59:19+00:00,Main CLP 🇨🇱,Expense,Groceries,8995.0,CLP,8995.0,,,2022-09-03,2022-W35,2022-09,2022,Gastos fijos
2022-09-03 15:14:41+00:00,Main CLP 🇨🇱,Expense,Pharmacy ,12495.0,CLP,12495.0,Condones,,2022-09-03,2022-W35,2022-09,2022,Gastos fijos
2022-09-03 16:37:23+00:00,Main CLP 🇨🇱,Expense,Groceries,37149.0,CLP,37149.0,,,2022-09-03,2022-W35,2022-09,2022,Gastos fijos
2022-09-04 02:48:01+00:00,Main CLP 🇨🇱,Expense,Transport,6399.0,CLP,6399.0,,taxi,2022-09-04,2022-W35,2022-09,2022,Gastos fijos
2022-09-04 18:02:46+00:00,Main CLP 🇨🇱,Expense,Groceries,1000.0,CLP,1000.0,,,2022-09-04,2022-W35,2022-09,2022,Gastos fijos
2022-09-05 14:33:24+00:00,Main CLP 🇨🇱,Income,Sale,12000.0,CLP,12000.0,Venta estuche think tank,,2022-09-05,2022-W36,2022-09,2022,Otros
2022-09-06 14:44:38+00:00,Main CLP 🇨🇱,Income,Insurance Payout,7000.0,CLP,7000.0,,terapia,2022-09-06,2022-W36,2022-09,2022,Otros
2022-09-07 03:07:16+00:00,Main CLP 🇨🇱,Expense,Restaurant,15648.0,CLP,15648.0,Le birra,,2022-09-07,2022-W36,2022-09,2022,Chao culpa
2022-09-07 23:08:38+00:00,Main CLP 🇨🇱,Expense,Healthcare,40000.0,CLP,40000.0,,terapia,2022-09-07,2022-W36,2022-09,2022,Gastos fijos
2022-09-07 23:58:37+00:00,Main CLP 🇨🇱,Expense,Shopping,24990.0,CLP,24990.0,Atril 3 guitarras,,2022-09-07,2022-W36,2022-09,2022,Chao culpa
2022-09-09 16:04:04+00:00,Main CLP 🇨🇱,Income,Extra Income,60000.0,CLP,60000.0,Buda aguinaldo,,2022-09-09,2022-W36,2022-09,2022,Otros
2022-09-09 16:23:27+00:00,Main CLP 🇨🇱,Income,Insurance Payout,26400.0,CLP,26400.0,,"seguro-bice,terapia",2022-09-09,2022-W36,2022-09,2022,Otros
2022-09-09 16:23:41+00:00,Main CLP 🇨🇱,Income,Insurance Payout,7000.0,CLP,7000.0,,terapia,2022-09-09,2022-W36,2022-09,2022,Otros
2022-09-11 17:04:10+00:00,Main CLP 🇨🇱,Expense,Activities,63540.0,CLP,63540.0,Despedida soltero dieter asado campo,,2022-09-11,2022-W36,2022-09,2022,Chao culpa
2022-09-12 22:57:10+00:00,Main CLP 🇨🇱,Expense,Snacks & Coffee,9550.0,CLP,9550.0,,,2022-09-12,2022-W37,2022-09,2022,Chao culpa
2022-09-13 23:13:32+00:00,Main CLP 🇨🇱,Expense,Shopping,119000.0,CLP,119000.0,Smart Googles Finis,,2022-09-13,2022-W37,2022-09,2022,Chao culpa
2022-09-13 23:13:51+00:00,Main CLP 🇨🇱,Expense,Healthcare,8500.0,CLP,8500.0,Test rapido,,2022-09-13,2022-W37,2022-09,2022,Gastos fijos
2022-09-14 11:37:58+00:00,Main CLP 🇨🇱,Expense,Healthcare,3791.0,CLP,3791.0,Inmunología,,2022-09-14,2022-W37,2022-09,2022,Gastos fijos
2022-09-14 11:38:41+00:00,Main CLP 🇨🇱,Expense,Groceries,4900.0,CLP,4900.0,Vit c,,2022-09-14,2022-W37,2022-09,2022,Gastos fijos
2022-09-14 13:59:42+00:00,Main CLP 🇨🇱,Expense,Subscriptions,58900.0,CLP,58900.0,Hbo max familia anual,,2022-09-14,2022-W37,2022-09,2022,Gastos fijos
2022-09-14 14:05:38+00:00,Main CLP 🇨🇱,Expense,Healthcare,10300.0,CLP,10300.0,Remedios alergia,,2022-09-14,2022-W37,2022-09,2022,Gastos fijos
2022-09-16 16:04:39+00:00,Main CLP 🇨🇱,Expense,Gifts,9450.0,CLP,9450.0,Regalo victo,,2022-09-16,2022-W37,2022-09,2022,Chao culpa
2022-09-16 18:26:25+00:00,Main CLP 🇨🇱,Expense,Shopping,6990.0,CLP,6990.0,Limpiador ultrasónico ,,2022-09-16,2022-W37,2022-09,2022,Chao culpa
2022-09-16 18:26:56+00:00,Main CLP 🇨🇱,Expense,Groceries,30940.0,CLP,30940.0,,,2022-09-16,2022-W37,2022-09,2022,Gastos fijos
2022-09-17 01:48:14+00:00,Main CLP 🇨🇱,Expense,Transport,4530.0,CLP,4530.0,,taxi,2022-09-17,2022-W37,2022-09,2022,Gastos fijos
2022-09-17 18:22:54+00:00,Main CLP 🇨🇱,Expense,Shopping,9223.7308146,CLP,9224.0,Network state balaji,books,2022-09-17,2022-W37,2022-09,2022,Chao culpa
2022-09-19 00:22:44+00:00,Main CLP 🇨🇱,Expense,Transport,4110.0,CLP,4110.0,,taxi,2022-09-19,2022-W38,2022-09,2022,Gastos fijos
2022-09-19 00:26:45+00:00,Main CLP 🇨🇱,Expense,Gifts,21122.0,CLP,21122.0,Ingredientes pastel choclo victo ,,2022-09-19,2022-W38,2022-09,2022,Chao culpa
2022-09-20 02:35:28+00:00,Main CLP 🇨🇱,Expense,Sport,8500.0,CLP,8500.0,Nado libre 1 sesion club providencia ,,2022-09-20,2022-W38,2022-09,2022,Secundarios
2022-09-20 03:04:25+00:00,Main CLP 🇨🇱,Expense,Subscriptions,161494.2369635,CLP,161494.0,PCloud lifetime 500GB,,2022-09-20,2022-W38,2022-09,2022,Gastos fijos
2022-09-20 14:01:39+00:00,Main CLP 🇨🇱,Income,Extra Income,37800.0,CLP,37800.0,Deposto plazo 20mm,,2022-09-20,2022-W38,2022-09,2022,Otros
2022-09-20 14:02:58+00:00,Main CLP 🇨🇱,Income,Extra Income,21600.0,CLP,21600.0,Dap 10,,2022-09-20,2022-W38,2022-09,2022,Otros
2022-09-20 15:00:35+00:00,Main CLP 🇨🇱,Expense,Pharmacy ,93990.0,CLP,93990.0,Faja ortopedica lumbar,,2022-09-20,2022-W38,2022-09,2022,Gastos fijos
2022-09-21 00:45:50+00:00,Main CLP 🇨🇱,Expense,Activities,9950.0,CLP,9950.0,Fonda mallen ,,2022-09-21,2022-W38,2022-09,2022,Chao culpa
2022-09-21 18:32:35+00:00,Main CLP 🇨🇱,Expense,Groceries,21267.0,CLP,21267.0,Veggo pistqchos y mas,,2022-09-21,2022-W38,2022-09,2022,Gastos fijos
2022-09-21 20:03:55+00:00,Main CLP 🇨🇱,Expense,Subscriptions,4698.2325249,CLP,4698.0,Loqseq backer monthly ,,2022-09-21,2022-W38,2022-09,2022,Gastos fijos
2022-09-22 00:47:05+00:00,Main CLP 🇨🇱,Expense,Other,89000.0,CLP,89000.0,Parte estacionamiento,,2022-09-22,2022-W38,2022-09,2022,Gastos fijos
2022-09-22 03:52:47+00:00,Main CLP 🇨🇱,Expense,Alcohol,35990.0,CLP,35990.0,Ginger beer x24,,2022-09-22,2022-W38,2022-09,2022,Chao culpa
2022-09-22 04:16:12+00:00,Main CLP 🇨🇱,Expense,Shopping,13105.26365093,CLP,13105.0,Rolf potts 366 travel meditations,books,2022-09-22,2022-W38,2022-09,2022,Chao culpa
2022-09-23 01:54:00+00:00,Main CLP 🇨🇱,Expense,Snacks & Coffee,1500.0,CLP,1500.0,,,2022-09-23,2022-W38,2022-09,2022,Chao culpa
2022-09-23 18:58:59+00:00,Main CLP 🇨🇱,Expense,Other,30000.0,CLP,30000.0,Notatia compriso compraventa depto,,2022-09-23,2022-W38,2022-09,2022,Gastos fijos
2022-09-24 01:13:09+00:00,Main CLP 🇨🇱,Expense,Restaurant,27860.0,CLP,27860.0,,,2022-09-24,2022-W38,2022-09,2022,Chao culpa
2022-09-24 02:40:11+00:00,Main CLP 🇨🇱,Income,Insurance Payout,9600.0,CLP,9600.0,,seguro-bice,2022-09-24,2022-W38,2022-09,2022,Otros
2022-09-24 16:27:30+00:00,Main CLP 🇨🇱,Expense,Shopping,1900.0,CLP,1900.0,,,2022-09-24,2022-W38,2022-09,2022,Chao culpa
2022-09-24 16:51:36+00:00,Main CLP 🇨🇱,Expense,Shopping,35000.0,CLP,35000.0,Bolso decathlon 40l,,2022-09-24,2022-W38,2022-09,2022,Chao culpa
2022-09-24 17:56:54+00:00,Main CLP 🇨🇱,Expense,Transport,2975.0,CLP,2975.0,,,2022-09-24,2022-W38,2022-09,2022,Gastos fijos
2022-09-24 17:57:05+00:00,Main CLP 🇨🇱,Expense,Transport,2926.0,CLP,2926.0,,,2022-09-24,2022-W38,2022-09,2022,Gastos fijos
2022-09-24 17:57:31+00:00,Main CLP 🇨🇱,Expense,Transport,4553.0,CLP,4553.0,,,2022-09-24,2022-W38,2022-09,2022,Gastos fijos
2022-09-24 17:57:40+00:00,Main CLP 🇨🇱,Expense,Transport,2557.0,CLP,2557.0,,,2022-09-24,2022-W38,2022-09,2022,Gastos fijos
2022-09-25 23:47:28+00:00,Main CLP 🇨🇱,Expense,Sport,15500.0,CLP,15500.0,2 sesiones,natacion,2022-09-25,2022-W38,2022-09,2022,Secundarios
2022-09-26 00:06:34+00:00,Main CLP 🇨🇱,Expense,Utilities,9668.0,CLP,9668.0,Entel plan,,2022-09-26,2022-W39,2022-09,2022,Gastos fijos
2022-09-26 00:26:53+00:00,Main CLP 🇨🇱,Expense,Groceries,40679.0,CLP,40679.0,"Gomitas wild , vit c x10, pastillero",,2022-09-26,2022-W39,2022-09,2022,Gastos fijos
2022-09-28 00:17:19+00:00,Main CLP 🇨🇱,Expense,Restaurant,26906.0,CLP,26906.0,Comida arabe invitada victo,,2022-09-28,2022-W39,2022-09,2022,Chao culpa
2022-09-28 13:18:08+00:00,Main CLP 🇨🇱,Expense,Sport,17000.0,CLP,17000.0,2 nado full,natacion,2022-09-28,2022-W39,2022-09,2022,Secundarios
2022-09-28 14:11:42+00:00,Main CLP 🇨🇱,Expense,Healthcare,40000.0,CLP,40000.0,,terapia,2022-09-28,2022-W39,2022-09,2022,Gastos fijos
2022-09-28 22:36:51+00:00,Main CLP 🇨🇱,Income,Sale,30000.0,CLP,30000.0,Audífonos senheisser hd 350bt,,2022-09-28,2022-W39,2022-09,2022,Otros
2022-09-29 10:45:49+00:00,Main CLP 🇨🇱,Expense,Other,14052.0,CLP,14052.0,Mantencion tarjeta santander,comision,2022-09-29,2022-W39,2022-09,2022,Gastos fijos
2022-09-29 16:35:30+00:00,Main CLP 🇨🇱,Expense,Restaurant,39500.0,CLP,39500.0,Hooka invitada a rod,,2022-09-29,2022-W39,2022-09,2022,Chao culpa
2022-09-30 09:10:27+00:00,Main CLP 🇨🇱,Expense,Savings,300000.0,CLP,300000.0,"Automatizado , L a V",,2022-09-30,2022-W39,2022-09,2022,Pasivos
2022-09-30 12:02:11+00:00,Main CLP 🇨🇱,Expense,Savings,384000.0,CLP,384000.0,,,2022-09-30,2022-W39,2022-09,2022,Pasivos
2022-09-30 14:35:52+00:00,Main CLP 🇨🇱,Expense,Sport,19990.0,CLP,19990.0,Gym smart fit mensualidad ,,2022-09-30,2022-W39,2022-09,2022,Secundarios
2022-09-30 16:35:51+00:00,Main CLP 🇨🇱,Expense,Shopping,3000.0,CLP,3000.0,Envio faja ,,2022-09-30,2022-W39,2022-09,2022,Chao culpa
2022-10-01 15:00:10+00:00,Main CLP 🇨🇱,Income,Salary,1800000.0,CLP,1800000.0,,,2022-10-01,2022-W39,2022-10,2022,Otros
2022-10-01 15:47:48+00:00,Main CLP 🇨🇱,Expense,Savings,100000.0,CLP,100000.0,,btc-stacking,2022-10-01,2022-W39,2022-10,2022,Pasivos
2022-10-01 18:02:13+00:00,Main CLP 🇨🇱,Expense,Transport,2188.0,CLP,2188.0,,,2022-10-01,2022-W39,2022-10,2022,Gastos fijos
2022-10-01 20:05:42+00:00,Main CLP 🇨🇱,Expense,Utilities,9990.0,CLP,9990.0,Entel plan,,2022-10-01,2022-W39,2022-10,2022,Gastos fijos
2022-10-02 00:51:01+00:00,Main CLP 🇨🇱,Expense,Utilities,1900.0,CLP,1900.0,Apple cloud 200 Gb,,2022-10-02,2022-W39,2022-10,2022,Gastos fijos
2022-10-02 16:01:19+00:00,Main CLP 🇨🇱,Expense,Groceries,29140.0,CLP,29140.0,Not chikcen y mas,,2022-10-02,2022-W39,2022-10,2022,Gastos fijos
2022-10-03 02:11:41+00:00,Main CLP 🇨🇱,Expense,Gifts,7500.0,CLP,7500.0,Regalo guela,,2022-10-03,2022-W40,2022-10,2022,Chao culpa
2022-10-03 16:46:00+00:00,Main CLP 🇨🇱,Expense,Sport,88500.0,CLP,88500.0,Nado libre 8 full + 4 basico,,2022-10-03,2022-W40,2022-10,2022,Secundarios
2022-10-04 16:22:21+00:00,Main CLP 🇨🇱,Expense,Gifts,23932.0,CLP,23932.0,Cumpleaños papa freidora ,,2022-10-04,2022-W40,2022-10,2022,Chao culpa
2022-10-04 18:28:59+00:00,Main CLP 🇨🇱,Expense,Activities,129859.685118,CLP,129860.0,Primavera sound arctic monkeys,,2022-10-04,2022-W40,2022-10,2022,Chao culpa
2022-10-04 18:44:46+00:00,Main CLP 🇨🇱,Expense,Flights,114342.0,CLP,114342.0,Scl buenoa aires,,2022-10-04,2022-W40,2022-10,2022,Otros
2022-10-05 00:33:14+00:00,Main CLP 🇨🇱,Expense,Restaurant,14767.0,CLP,14767.0,Bar sawa sawa bar el bajo,,2022-10-05,2022-W40,2022-10,2022,Chao culpa
2022-10-05 17:03:58+00:00,Main CLP 🇨🇱,Expense,Activities,18840.7298898,CLP,18841.0,Bitconf buenos aires,,2022-10-05,2022-W40,2022-10,2022,Chao culpa
2022-10-06 14:48:37+00:00,Main CLP 🇨🇱,Expense,Other,155000.0,CLP,155000.0,Notario pago escritura y retención deposito,,2022-10-06,2022-W40,2022-10,2022,Gastos fijos
2022-10-06 19:40:33+00:00,Main CLP 🇨🇱,Expense,Other,822198.0,CLP,822198.0,Impuesto conservador bienes raicea,,2022-10-06,2022-W40,2022-10,2022,Gastos fijos
2022-10-08 01:48:21+00:00,Main CLP 🇨🇱,Expense,Restaurant,13400.0,CLP,13400.0,,,2022-10-08,2022-W40,2022-10,2022,Chao culpa
2022-10-08 16:36:52+00:00,Main CLP 🇨🇱,Expense,Transport,9000.0,CLP,9000.0,Bus algarrobo ,,2022-10-08,2022-W40,2022-10,2022,Gastos fijos
2022-10-08 16:37:09+00:00,Main CLP 🇨🇱,Expense,Snacks & Coffee,4100.0,CLP,4100.0,,,2022-10-08,2022-W40,2022-10,2022,Chao culpa
2022-10-08 20:25:12+00:00,Main CLP 🇨🇱,Expense,Groceries,14250.0,CLP,14250.0,Helados tunquen,,2022-10-08,2022-W40,2022-10,2022,Gastos fijos
2022-10-11 12:10:07+00:00,Main CLP 🇨🇱,Expense,Utilities,3300.0,CLP,3300.0,Pomodoro iphone,,2022-10-11,2022-W41,2022-10,2022,Gastos fijos
2022-10-11 22:42:11+00:00,Main CLP 🇨🇱,Expense,Snacks & Coffee,1200.0,CLP,1200.0,,,2022-10-11,2022-W41,2022-10,2022,Chao culpa
2022-10-12 18:32:04+00:00,Main CLP 🇨🇱,Expense,Subscriptions,28354.8515151,CLP,28355.0,Dash licenses software ,,2022-10-12,2022-W41,2022-10,2022,Gastos fijos
2022-10-13 02:24:27+00:00,Main CLP 🇨🇱,Expense,Transport,3400.0,CLP,3400.0,,,2022-10-13,2022-W41,2022-10,2022,Gastos fijos
2022-10-13 13:04:38+00:00,Main CLP 🇨🇱,Expense,Transport,3455.0,CLP,3455.0,,,2022-10-13,2022-W41,2022-10,2022,Gastos fijos
2022-10-14 13:37:24+00:00,Main CLP 🇨🇱,Expense,Restaurant,10544.0,CLP,10544.0,Burger ,,2022-10-14,2022-W41,2022-10,2022,Chao culpa
2022-10-14 14:18:31+00:00,Main CLP 🇨🇱,Income,Sale,195000.0,CLP,195000.0,Entrada primavera sound,,2022-10-14,2022-W41,2022-10,2022,Otros
2022-10-14 22:25:17+00:00,Main CLP 🇨🇱,Expense,Shopping,67980.0,CLP,67980.0,Chqqueta lama,,2022-10-14,2022-W41,2022-10,2022,Chao culpa
2022-10-14 23:13:13+00:00,Main CLP 🇨🇱,Expense,Shopping,129970.0,CLP,129970.0,Terno y pantalones,,2022-10-14,2022-W41,2022-10,2022,Chao culpa
2022-10-15 17:29:08+00:00,Main CLP 🇨🇱,Expense,Shopping,74980.0,CLP,74980.0,Camisa y pantalon,,2022-10-15,2022-W41,2022-10,2022,Chao culpa
2022-10-15 21:06:46+00:00,Main CLP 🇨🇱,Expense,Gifts,63990.0,CLP,63990.0,,,2022-10-15,2022-W41,2022-10,2022,Chao culpa
2022-10-18 12:29:02+00:00,Main CLP 🇨🇱,Expense,Healthcare,3791.0,CLP,3791.0,Gastroenterólogo ,,2022-10-18,2022-W42,2022-10,2022,Gastos fijos
2022-10-18 12:30:10+00:00,Main CLP 🇨🇱,Expense,Healthcare,4718.0,CLP,4718.0,Alexia y alenys,,2022-10-18,2022-W42,2022-10,2022,Gastos fijos
2022-10-18 12:31:48+00:00,Main CLP 🇨🇱,Expense,Healthcare,1.0,CLP,1.0,EsomepraOll,,2022-10-18,2022-W42,2022-10,2022,Gastos fijos
2022-10-18 12:52:04+00:00,Main CLP 🇨🇱,Expense,Groceries,30804.0,CLP,30804.0,,,2022-10-18,2022-W42,2022-10,2022,Gastos fijos
2022-10-20 13:51:33+00:00,Main CLP 🇨🇱,Expense,Gifts,75000.0,CLP,75000.0,Matrimonio dieter parilla,,2022-10-20,2022-W42,2022-10,2022,Chao culpa
2022-10-20 23:51:51+00:00,Main CLP 🇨🇱,Expense,Gifts,27600.0,CLP,27600.0,Suspiro guela,,2022-10-20,2022-W42,2022-10,2022,Chao culpa
2022-10-21 18:09:10+00:00,Main CLP 🇨🇱,Expense,Shopping,12280.0,CLP,12280.0,Puntura cara t pincel,,2022-10-21,2022-W42,2022-10,2022,Chao culpa
2022-10-21 18:11:24+00:00,Main CLP 🇨🇱,Expense,Snacks & Coffee,3330.0,CLP,3330.0,,,2022-10-21,2022-W42,2022-10,2022,Chao culpa
2022-10-22 16:29:52+00:00,Main CLP 🇨🇱,Expense,Groceries,13711.0,CLP,13711.0,,,2022-10-22,2022-W42,2022-10,2022,Gastos fijos
2022-10-23 22:50:34+00:00,Main CLP 🇨🇱,Expense,Snacks & Coffee,4730.0,CLP,4730.0,,,2022-10-23,2022-W42,2022-10,2022,Chao culpa
2022-10-24 16:33:24+00:00,Main CLP 🇨🇱,Expense,Transport,12000.0,CLP,12000.0,Matri van dieter,,2022-10-24,2022-W43,2022-10,2022,Gastos fijos
2022-10-25 12:44:52+00:00,Main CLP 🇨🇱,Expense,Savings,25000.0,CLP,25000.0,,btc-stacking,2022-10-25,2022-W43,2022-10,2022,Pasivos
2022-10-26 00:06:34+00:00,Main CLP 🇨🇱,Expense,Utilities,9668.0,CLP,9668.0,Entel plan,,2022-10-26,2022-W43,2022-10,2022,Gastos fijos
2022-10-26 01:11:19+00:00,Main CLP 🇨🇱,Expense,Snacks & Coffee,8132.0,CLP,8132.0,,,2022-10-26,2022-W43,2022-10,2022,Chao culpa
2022-10-26 01:12:00+00:00,Main CLP 🇨🇱,Expense,Restaurant,9244.0,CLP,9244.0,,,2022-10-26,2022-W43,2022-10,2022,Chao culpa
2022-10-26 13:55:17+00:00,Main CLP 🇨🇱,Expense,Other,22000.0,CLP,22000.0,Calibración guitarra ,,2022-10-26,2022-W43,2022-10,2022,Gastos fijos
2022-10-26 13:57:12+00:00,Main CLP 🇨🇱,Expense,Groceries,68864.0,CLP,68864.0,,,2022-10-26,2022-W43,2022-10,2022,Gastos fijos
2022-10-26 19:06:17+00:00,Main CLP 🇨🇱,Expense,Transport,10000.0,CLP,10000.0,Carga bip,,2022-10-26,2022-W43,2022-10,2022,Gastos fijos
2022-10-26 19:52:52+00:00,Main CLP 🇨🇱,Expense,Snacks & Coffee,7112.0,CLP,7112.0,,,2022-10-26,2022-W43,2022-10,2022,Chao culpa
2022-10-27 13:55:30+00:00,Main CLP 🇨🇱,Expense,Shopping,10000.0,CLP,10000.0,Cuerdas ernie ball,,2022-10-27,2022-W43,2022-10,2022,Chao culpa
2022-10-27 18:08:43+00:00,Main CLP 🇨🇱,Expense,Other,14731.0,CLP,14731.0,Comisión mantencion plan santander,,2022-10-27,2022-W43,2022-10,2022,Gastos fijos
2022-10-28 13:56:10+00:00,Main CLP 🇨🇱,Expense,Groceries,5500.0,CLP,5500.0,Reineta,,2022-10-28,2022-W43,2022-10,2022,Gastos fijos
2022-10-29 10:45:49+00:00,Main CLP 🇨🇱,Expense,Other,14052.0,CLP,14052.0,Mantencion tarjeta santander,comision,2022-10-29,2022-W43,2022-10,2022,Gastos fijos
2022-10-30 14:35:52+00:00,Main CLP 🇨🇱,Expense,Sport,20000.0,CLP,20000.0,Gym smart fit mensualidad ,,2022-10-30,2022-W43,2022-10,2022,Secundarios
2022-10-30 18:36:07+00:00,Main CLP 🇨🇱,Expense,Restaurant,14940.0,CLP,14940.0,,,2022-10-30,2022-W43,2022-10,2022,Chao culpa
2022-10-31 18:35:53+00:00,Main CLP 🇨🇱,Expense,Restaurant,58300.0,CLP,58300.0,Cumple cata en margo gourmet,,2022-10-31,2022-W44,2022-10,2022,Chao culpa
2022-10-31 19:10:23+00:00,Main CLP 🇨🇱,Expense,Shopping,28000.0,CLP,28000.0,Pantalon decathlon ,,2022-10-31,2022-W44,2022-10,2022,Chao culpa
2022-11-01 13:22:15+00:00,Main CLP 🇨🇱,Expense,Sport,69500.0,CLP,69500.0,Natacion x8 full,,2022-11-01,2022-W44,2022-11,2022,Secundarios
2022-11-01 13:28:42+00:00,Main CLP 🇨🇱,Expense,Sport,16000.0,CLP,16000.0,Nado basico x2,,2022-11-01,2022-W44,2022-11,2022,Secundarios
2022-11-01 15:00:10+00:00,Main CLP 🇨🇱,Income,Salary,1800000.0,CLP,1800000.0,,,2022-11-01,2022-W44,2022-11,2022,Otros
2022-11-01 20:05:42+00:00,Main CLP 🇨🇱,Expense,Utilities,9990.0,CLP,9990.0,Entel plan,,2022-11-01,2022-W44,2022-11,2022,Gastos fijos
2022-11-02 00:06:56+00:00,Main CLP 🇨🇱,Expense,Gifts,5000.0,CLP,5000.0,Donacion soy mas,,2022-11-02,2022-W44,2022-11,2022,Chao culpa
2022-11-02 00:51:01+00:00,Main CLP 🇨🇱,Expense,Utilities,1900.0,CLP,1900.0,Apple cloud 200 Gb,,2022-11-02,2022-W44,2022-11,2022,Gastos fijos
2022-11-02 01:42:10+00:00,Main CLP 🇨🇱,Expense,Shopping,112990.0,CLP,112990.0,Kindle fire hd 10,,2022-11-02,2022-W44,2022-11,2022,Chao culpa
2022-11-02 17:03:30+00:00,Main CLP 🇨🇱,Expense,Shopping,21950.0,CLP,21950.0,Banano patagonia,,2022-11-02,2022-W44,2022-11,2022,Chao culpa
2022-11-02 20:04:15+00:00,Main CLP 🇨🇱,Expense,Shopping,9990.0,CLP,9990.0,Funda kindle fire,,2022-11-02,2022-W44,2022-11,2022,Chao culpa
2022-11-05 22:53:03+00:00,Main CLP 🇨🇱,Expense,Shopping,16990.0,CLP,16990.0,Paletas speedo,,2022-11-05,2022-W44,2022-11,2022,Chao culpa
2022-11-06 14:17:56+00:00,Main CLP 🇨🇱,Expense,Shopping,32759.0,CLP,32759.0,Billetera llavero airtag protein,,2022-11-06,2022-W44,2022-11,2022,Chao culpa
2022-11-06 23:46:13+00:00,Main CLP 🇨🇱,Expense,Subscriptions,32900.0,CLP,32900.0,MyFitnessPal plan annual,,2022-11-06,2022-W44,2022-11,2022,Gastos fijos
2022-11-08 14:48:17+00:00,Main CLP 🇨🇱,Income,Insurance Payout,43528.0,CLP,43528.0,Faja lumbar ,seguro-bice,2022-11-08,2022-W45,2022-11,2022,Otros
2022-11-09 17:33:25+00:00,Main CLP 🇨🇱,Expense,Restaurant,8550.0,CLP,8550.0,Mcdonalds,,2022-11-09,2022-W45,2022-11,2022,Chao culpa
2022-11-09 22:34:05+00:00,Main CLP 🇨🇱,Expense,Restaurant,11045.8022,CLP,11046.0,Mcdonalds arg ,,2022-11-09,2022-W45,2022-11,2022,Chao culpa
2022-11-09 23:14:02+00:00,Main CLP 🇨🇱,Expense,Transport,22091.6044,CLP,22092.0,Uber ezeiza  con rallao,,2022-11-09,2022-W45,2022-11,2022,Gastos fijos
2022-11-09 23:14:30+00:00,Main CLP 🇨🇱,Expense,Restaurant,11045.8022,CLP,11046.0,Provoleta,,2022-11-09,2022-W45,2022-11,2022,Chao culpa
2022-11-10 02:30:54+00:00,Main CLP 🇨🇱,Expense,Restaurant,36616.834293,CLP,36617.0,Garnier,,2022-11-10,2022-W45,2022-11,2022,Chao culpa
2022-11-10 16:50:21+00:00,Main CLP 🇨🇱,Expense,Restaurant,9941.22198,CLP,9941.0,Desayuno,,2022-11-10,2022-W45,2022-11,2022,Chao culpa
2022-11-10 16:50:26+00:00,Main CLP 🇨🇱,Expense,Restaurant,9941.22198,CLP,9941.0,Desayuno,,2022-11-10,2022-W45,2022-11,2022,Chao culpa
2022-11-10 21:25:49+00:00,Main CLP 🇨🇱,Expense,Snacks & Coffee,6517.023298,CLP,6517.0,,,2022-11-10,2022-W45,2022-11,2022,Chao culpa
2022-11-11 17:44:29+00:00,Main CLP 🇨🇱,Expense,Restaurant,18225.57363,CLP,18226.0,Bife chorizo,,2022-11-11,2022-W45,2022-11,2022,Chao culpa
2022-11-11 22:33:21+00:00,Main CLP 🇨🇱,Expense,Acommodation,155918.67282075,CLP,155919.0,Hotel soho Palermo miercoles a lunes x6,,2022-11-11,2022-W45,2022-11,2022,Gastos fijos
2022-11-12 03:50:45+00:00,Main CLP 🇨🇱,Expense,Alcohol,6075.19121,CLP,6075.0,,,2022-11-12,2022-W45,2022-11,2022,Chao culpa
2022-11-12 16:29:38+00:00,Main CLP 🇨🇱,Income,Sale,40000.0,CLP,40000.0,Venta entrada bjork tewi,,2022-11-12,2022-W45,2022-11,2022,Otros
2022-11-12 19:02:59+00:00,Main CLP 🇨🇱,Expense,Activities,46652.188968,CLP,46652.0,Concierto ska p,,2022-11-12,2022-W45,2022-11,2022,Chao culpa
2022-11-12 19:27:16+00:00,Main CLP 🇨🇱,Expense,Transport,1110.766404,CLP,1111.0,Tax uber cancelar,,2022-11-12,2022-W45,2022-11,2022,Gastos fijos
2022-11-12 22:05:46+00:00,Main CLP 🇨🇱,Expense,Snacks & Coffee,3609.990813,CLP,3610.0,,,2022-11-12,2022-W45,2022-11,2022,Chao culpa
2022-11-13 03:05:32+00:00,Main CLP 🇨🇱,Expense,Alcohol,16661.49606,CLP,16661.0,Entrada fernetwria,,2022-11-13,2022-W45,2022-11,2022,Chao culpa
2022-11-13 19:00:42+00:00,Main CLP 🇨🇱,Expense,Transport,11107.66404,CLP,11108.0,Didinfiedta bresh solo,,2022-11-13,2022-W45,2022-11,2022,Gastos fijos
2022-11-13 19:01:06+00:00,Main CLP 🇨🇱,Expense,Activities,13329.196848,CLP,13329.0,Entrada bresh,,2022-11-13,2022-W45,2022-11,2022,Chao culpa
2022-11-13 19:48:46+00:00,Main CLP 🇨🇱,Expense,Restaurant,9996.897636,CLP,9997.0,Cafe whoopie,,2022-11-13,2022-W45,2022-11,2022,Chao culpa
2022-11-14 02:25:38+00:00,Main CLP 🇨🇱,Expense,Transport,12218.430444,CLP,12218.0,,,2022-11-14,2022-W46,2022-11,2022,Gastos fijos
2022-11-14 02:25:52+00:00,Main CLP 🇨🇱,Expense,Restaurant,16661.49606,CLP,16661.0,Sushi bowl,,2022-11-14,2022-W46,2022-11,2022,Chao culpa
2022-11-14 02:26:25+00:00,Main CLP 🇨🇱,Expense,Transport,9441.514434,CLP,9442.0,Ida concierto ,,2022-11-14,2022-W46,2022-11,2022,Gastos fijos
2022-11-14 03:58:24+00:00,Main CLP 🇨🇱,Expense,Acommodation,57912.64990485,CLP,57913.0,Selina buenos aires x2,,2022-11-14,2022-W46,2022-11,2022,Gastos fijos
2022-11-14 16:24:14+00:00,Main CLP 🇨🇱,Expense,Savings,30000.0,CLP,30000.0,,btc-stacking,2022-11-14,2022-W46,2022-11,2022,Pasivos
2022-11-14 23:43:05+00:00,Main CLP 🇨🇱,Expense,Restaurant,9371.52047,CLP,9372.0,Wok langostino,,2022-11-14,2022-W46,2022-11,2022,Chao culpa
2022-11-14 23:43:33+00:00,Main CLP 🇨🇱,Expense,Restaurant,14884.17957,CLP,14884.0,Bueger temple carrot,,2022-11-14,2022-W46,2022-11,2022,Chao culpa
2022-11-15 16:38:42+00:00,Main CLP 🇨🇱,Expense,Restaurant,15159.812525,CLP,15160.0,Desayuno acai,,2022-11-15,2022-W46,2022-11,2022,Chao culpa
2022-11-15 17:46:20+00:00,Main CLP 🇨🇱,Expense,Restaurant,13891.900932,CLP,13892.0,Burger temple,,2022-11-15,2022-W46,2022-11,2022,Chao culpa
2022-11-15 17:46:27+00:00,Main CLP 🇨🇱,Expense,Alcohol,3969.114552,CLP,3969.0,,,2022-11-15,2022-W46,2022-11,2022,Chao culpa
2022-11-15 20:42:10+00:00,Main CLP 🇨🇱,Expense,Groceries,1708.924321,CLP,1709.0,,,2022-11-15,2022-W46,2022-11,2022,Gastos fijos
2022-11-16 00:28:28+00:00,Main CLP 🇨🇱,Expense,Restaurant,34674.625739,CLP,34675.0,"El niño gordo 2 platos, cerv , trago",,2022-11-16,2022-W46,2022-11,2022,Chao culpa
2022-11-16 16:45:29+00:00,Main CLP 🇨🇱,Expense,Transport,2480.696595,CLP,2481.0,,,2022-11-16,2022-W46,2022-11,2022,Gastos fijos
2022-11-16 18:14:13+00:00,Main CLP 🇨🇱,Expense,Restaurant,33847.726874,CLP,33848.0,Brocolino biffe,,2022-11-16,2022-W46,2022-11,2022,Chao culpa
2022-11-16 18:39:08+00:00,Main CLP 🇨🇱,Expense,Transport,5237.026145,CLP,5237.0,,,2022-11-16,2022-W46,2022-11,2022,Gastos fijos
2022-11-16 21:42:00+00:00,Main CLP 🇨🇱,Expense,Other,104192.0,CLP,104192.0,crédito hipotecario tranites Banco de Chile,,2022-11-16,2022-W46,2022-11,2022,Gastos fijos
2022-11-18 13:52:24+00:00,Main CLP 🇨🇱,Expense,Savings,25000.0,CLP,25000.0,,btc-stacking,2022-11-18,2022-W46,2022-11,2022,Pasivos
2022-11-18 15:58:07+00:00,Main CLP 🇨🇱,Expense,Flights,424880.0,CLP,424880.0,gasto total arg 470 usd,,2022-11-18,2022-W46,2022-11,2022,Otros
2022-11-19 17:58:05+00:00,Main CLP 🇨🇱,Expense,Activities,30400.0,CLP,30400.0,nathy peluso,,2022-11-19,2022-W46,2022-11,2022,Chao culpa
2022-11-19 22:35:14+00:00,Main CLP 🇨🇱,Expense,Alcohol,3500.0,CLP,3500.0,,,2022-11-19,2022-W46,2022-11,2022,Chao culpa
2022-11-21 12:26:53+00:00,Main CLP 🇨🇱,Income,Extra Income,205479.0,CLP,205479.0,Ajuste dolar blue arg calculos,,2022-11-21,2022-W47,2022-11,2022,Otros
2022-11-21 18:57:20+00:00,Main CLP 🇨🇱,Expense,Activities,170000.0,CLP,170000.0,Taller tomad munita cuota 1/3,,2022-11-21,2022-W47,2022-11,2022,Chao culpa
2022-11-24 21:03:43+00:00,Main CLP 🇨🇱,Expense,Healthcare,18000.0,CLP,18000.0,Consulta traumatólogo alemana,,2022-11-24,2022-W47,2022-11,2022,Gastos fijos
2022-11-25 17:22:15+00:00,Main CLP 🇨🇱,Expense,Groceries,61980.0,CLP,61980.0,Ginger beer x24 dos cajas,,2022-11-25,2022-W47,2022-11,2022,Gastos fijos
2022-11-26 00:06:34+00:00,Main CLP 🇨🇱,Expense,Utilities,9668.0,CLP,9668.0,Entel plan,,2022-11-26,2022-W47,2022-11,2022,Gastos fijos
2022-11-26 03:45:18+00:00,Main CLP 🇨🇱,Expense,Restaurant,15950.0,CLP,15950.0,,,2022-11-26,2022-W47,2022-11,2022,Chao culpa
2022-11-26 15:35:44+00:00,Main CLP 🇨🇱,Expense,Gifts,34000.0,CLP,34000.0,Clase skate cata,,2022-11-26,2022-W47,2022-11,2022,Chao culpa
2022-11-26 16:22:50+00:00,Main CLP 🇨🇱,Expense,Shopping,90000.0,CLP,90000.0,Decathlon padel,,2022-11-26,2022-W47,2022-11,2022,Chao culpa
2022-11-26 16:46:35+00:00,Main CLP 🇨🇱,Expense,Shopping,10392.0,CLP,10392.0,Cinturon x2 hm,,2022-11-26,2022-W47,2022-11,2022,Chao culpa
2022-11-26 18:04:51+00:00,Main CLP 🇨🇱,Expense,Restaurant,16500.0,CLP,16500.0,,,2022-11-26,2022-W47,2022-11,2022,Chao culpa
2022-11-27 18:08:43+00:00,Main CLP 🇨🇱,Expense,Other,14731.0,CLP,14731.0,Comisión mantencion plan santander,,2022-11-27,2022-W47,2022-11,2022,Gastos fijos
2022-11-28 19:34:49+00:00,Main CLP 🇨🇱,Expense,Sport,10000.0,CLP,10000.0,nado libre,,2022-11-28,2022-W48,2022-11,2022,Secundarios
2022-11-29 10:45:49+00:00,Main CLP 🇨🇱,Expense,Other,14052.0,CLP,14052.0,Mantencion tarjeta santander,comision,2022-11-29,2022-W48,2022-11,2022,Gastos fijos
2022-11-29 13:47:04+00:00,Main CLP 🇨🇱,Expense,Other,754640.0,CLP,754640.0,Gastos operacionales hipotecario,,2022-11-29,2022-W48,2022-11,2022,Gastos fijos
2022-11-29 23:55:08+00:00,Main CLP 🇨🇱,Expense,Other,24500.0,CLP,24500.0,Copia 3 sets llaves,,2022-11-29,2022-W48,2022-11,2022,Gastos fijos
2022-11-29 23:55:17+00:00,Main CLP 🇨🇱,Expense,Transport,3500.0,CLP,3500.0,,,2022-11-29,2022-W48,2022-11,2022,Gastos fijos
2022-11-30 12:30:38+00:00,Main CLP 🇨🇱,Expense,Sport,31000.0,CLP,31000.0,cancelacion smart fit,,2022-11-30,2022-W48,2022-11,2022,Secundarios
2022-11-30 14:35:52+00:00,Main CLP 🇨🇱,Expense,Sport,20000.0,CLP,20000.0,Gym smart fit mensualidad ,,2022-11-30,2022-W48,2022-11,2022,Secundarios
2022-11-30 16:52:05+00:00,Main CLP 🇨🇱,Expense,Groceries,8900.0,CLP,8900.0,,,2022-11-30,2022-W48,2022-11,2022,Gastos fijos
2022-12-01 15:00:10+00:00,Main CLP 🇨🇱,Income,Salary,1800000.0,CLP,1800000.0,,,2022-12-01,2022-W48,2022-12,2022,Otros
2022-12-01 20:05:42+00:00,Main CLP 🇨🇱,Expense,Utilities,9990.0,CLP,9990.0,Entel plan,,2022-12-01,2022-W48,2022-12,2022,Gastos fijos
2022-12-02 00:51:01+00:00,Main CLP 🇨🇱,Expense,Utilities,1900.0,CLP,1900.0,Apple cloud 200 Gb,,2022-12-02,2022-W48,2022-12,2022,Gastos fijos
2022-12-02 13:50:45+00:00,Main CLP 🇨🇱,Expense,Transport,3600.0,CLP,3600.0,,,2022-12-02,2022-W48,2022-12,2022,Gastos fijos
2022-12-02 13:50:57+00:00,Main CLP 🇨🇱,Expense,Transport,10739.0,CLP,10739.0,,,2022-12-02,2022-W48,2022-12,2022,Gastos fijos
2022-12-03 12:57:09+00:00,Main CLP 🇨🇱,Expense,Shopping,6750.0,CLP,6750.0,Pasta muro,,2022-12-03,2022-W48,2022-12,2022,Chao culpa
2022-12-03 19:57:11+00:00,Main CLP 🇨🇱,Expense,Groceries,10300.0,CLP,10300.0,,,2022-12-03,2022-W48,2022-12,2022,Gastos fijos
2022-12-04 14:44:37+00:00,Main CLP 🇨🇱,Expense,Transport,50114.0,CLP,50114.0,Carga combustible ,,2022-12-04,2022-W48,2022-12,2022,Gastos fijos
2022-12-04 17:20:02+00:00,Main CLP 🇨🇱,Expense,Snacks & Coffee,3000.0,CLP,3000.0,,,2022-12-04,2022-W48,2022-12,2022,Chao culpa
2022-12-04 19:44:48+00:00,Main CLP 🇨🇱,Expense,Acommodation,75000.0,CLP,75000.0,Casa lastra 5 noches,,2022-12-04,2022-W48,2022-12,2022,Gastos fijos
2022-12-06 02:06:43+00:00,Main CLP 🇨🇱,Expense,Restaurant,10670.0,CLP,10670.0,bar pajarito,,2022-12-06,2022-W49,2022-12,2022,Chao culpa
2022-12-07 03:52:15+00:00,Main CLP 🇨🇱,Expense,Restaurant,14400.0,CLP,14400.0,No l pajarito fettuccini ,,2022-12-07,2022-W49,2022-12,2022,Chao culpa
2022-12-07 17:51:43+00:00,Main CLP 🇨🇱,Expense,Restaurant,12650.0,CLP,12650.0,Merluza,,2022-12-07,2022-W49,2022-12,2022,Chao culpa
2022-12-07 21:46:51+00:00,Main CLP 🇨🇱,Expense,Snacks & Coffee,7300.0,CLP,7300.0,,,2022-12-07,2022-W49,2022-12,2022,Chao culpa
2022-12-08 18:41:15+00:00,Main CLP 🇨🇱,Expense,Restaurant,9790.0,CLP,9790.0,Peruano inkanato,,2022-12-08,2022-W49,2022-12,2022,Chao culpa
2022-12-08 23:59:33+00:00,Main CLP 🇨🇱,Expense,Transport,20752.0,CLP,20752.0,bencina 15 L,,2022-12-08,2022-W49,2022-12,2022,Gastos fijos
2022-12-09 00:58:23+00:00,Main CLP 🇨🇱,Expense,Restaurant,11330.0,CLP,11330.0,Pizza olmue,,2022-12-09,2022-W49,2022-12,2022,Chao culpa
2022-12-09 17:58:22+00:00,Main CLP 🇨🇱,Expense,Restaurant,9790.0,CLP,9790.0,,,2022-12-09,2022-W49,2022-12,2022,Chao culpa
2022-12-12 13:09:07+00:00,Main CLP 🇨🇱,Expense,Transport,3700.0,CLP,3700.0,peaje,,2022-12-12,2022-W50,2022-12,2022,Gastos fijos
2022-12-13 13:44:16+00:00,Main CLP 🇨🇱,Expense,Savings,100000.0,CLP,100000.0,,btc-stacking,2022-12-13,2022-W50,2022-12,2022,Pasivos
2022-12-13 17:36:40+00:00,Main CLP 🇨🇱,Expense,Restaurant,8690.0,CLP,8690.0,,,2022-12-13,2022-W50,2022-12,2022,Chao culpa
2022-12-14 12:05:24+00:00,Main CLP 🇨🇱,Expense,Education,490000.0,CLP,490000.0,Taller Tomas Munita Hilo Realidad,,2022-12-14,2022-W50,2022-12,2022,Secundarios
2022-12-14 15:30:21+00:00,Main CLP 🇨🇱,Expense,Gifts,61000.0,CLP,61000.0,Garuga navidad,,2022-12-14,2022-W50,2022-12,2022,Chao culpa
2022-12-15 19:52:17+00:00,Main CLP 🇨🇱,Expense,Groceries,29540.0,CLP,29540.0,Barras peotein x2,,2022-12-15,2022-W50,2022-12,2022,Gastos fijos
2022-12-16 01:10:07+00:00,Main CLP 🇨🇱,Expense,Gifts,25750.0,CLP,25750.0,Aperitivo navidad Victo,,2022-12-16,2022-W50,2022-12,2022,Chao culpa
2022-12-16 01:10:22+00:00,Main CLP 🇨🇱,Expense,Restaurant,500.0,CLP,500.0,Pizzas ños 8,,2022-12-16,2022-W50,2022-12,2022,Chao culpa
2022-12-16 03:30:53+00:00,Main CLP 🇨🇱,Expense,Pharmacy ,20000.0,CLP,20000.0,Corte de pelo le moustache con Fabian,,2022-12-16,2022-W50,2022-12,2022,Gastos fijos
2022-12-17 01:11:28+00:00,Main CLP 🇨🇱,Expense,Restaurant,7750.0,CLP,7750.0,,,2022-12-17,2022-W50,2022-12,2022,Chao culpa
2022-12-17 21:37:25+00:00,Main CLP 🇨🇱,Expense,Gifts,15000.0,CLP,15000.0,Titere dami,,2022-12-17,2022-W50,2022-12,2022,Chao culpa
2022-12-20 00:19:25+00:00,Main CLP 🇨🇱,Expense,Restaurant,136.0,CLP,136.0,Aleman experto rod,,2022-12-20,2022-W51,2022-12,2022,Chao culpa
2022-12-21 13:21:11+00:00,Main CLP 🇨🇱,Expense,Shopping,24380.0,CLP,24380.0,Billetera go travel micro,,2022-12-21,2022-W51,2022-12,2022,Chao culpa
2022-12-22 22:01:01+00:00,Main CLP 🇨🇱,Expense,Gifts,40200.0,CLP,40200.0,Pasisajes de chile - libro y tripticos,,2022-12-22,2022-W51,2022-12,2022,Chao culpa
2022-12-22 22:09:30+00:00,Main CLP 🇨🇱,Expense,Gifts,27600.0,CLP,27600.0,Varaovienne x 4,,2022-12-22,2022-W51,2022-12,2022,Chao culpa
2022-12-26 00:06:34+00:00,Main CLP 🇨🇱,Expense,Utilities,9668.0,CLP,9668.0,Entel plan,,2022-12-26,2022-W52,2022-12,2022,Gastos fijos
2022-12-26 14:19:15+00:00,Main CLP 🇨🇱,Expense,Snacks & Coffee,3500.0,CLP,3500.0,,,2022-12-26,2022-W52,2022-12,2022,Chao culpa
2022-12-26 16:54:22+00:00,Main CLP 🇨🇱,Expense,Snacks & Coffee,2180.0,CLP,2180.0,,,2022-12-26,2022-W52,2022-12,2022,Chao culpa
2022-12-27 18:08:43+00:00,Main CLP 🇨🇱,Expense,Other,14731.0,CLP,14731.0,Comisión mantencion plan santander,,2022-12-27,2022-W52,2022-12,2022,Gastos fijos
2022-12-29 10:45:49+00:00,Main CLP 🇨🇱,Expense,Other,14052.0,CLP,14052.0,Mantencion tarjeta santander,comision,2022-12-29,2022-W52,2022-12,2022,Gastos fijos
2022-12-30 22:08:01+00:00,Main CLP 🇨🇱,Expense,Acommodation,189791.0,CLP,189791.0,Gastos comunes noviembre,gastos-comunes,2022-12-30,2022-W52,2022-12,2022,Gastos fijos
2022-12-31 14:24:11+00:00,Main CLP 🇨🇱,Expense,Groceries,24140.0,CLP,24140.0,,,2022-12-31,2022-W52,2022-12,2022,Gastos fijos
2023-01-01 15:00:10+00:00,Main CLP 🇨🇱,Income,Salary,1800000.0,CLP,1800000.0,,,2023-01-01,2022-W52,2023-01,2023,Otros
2023-01-01 20:05:42+00:00,Main CLP 🇨🇱,Expense,Utilities,9990.0,CLP,9990.0,Entel plan,,2023-01-01,2022-W52,2023-01,2023,Gastos fijos
2023-01-02 00:51:01+00:00,Main CLP 🇨🇱,Expense,Utilities,1900.0,CLP,1900.0,Apple cloud 200 Gb,,2023-01-02,2023-W01,2023-01,2023,Gastos fijos
2023-01-04 15:57:14+00:00,Main CLP 🇨🇱,Expense,Restaurant,11450.0,CLP,11450.0,Fork,,2023-01-04,2023-W01,2023-01,2023,Chao culpa
2023-01-04 18:43:26+00:00,Main CLP 🇨🇱,Expense,Other,39990.0,CLP,39990.0,,,2023-01-04,2023-W01,2023-01,2023,Gastos fijos
2023-01-05 19:26:37+00:00,Main CLP 🇨🇱,Expense,Subscriptions,20507.9126364,CLP,20508.0,"Metadata fixer for
Google photos",,2023-01-05,2023-W01,2023-01,2023,Gastos fijos
2023-01-06 02:35:59+00:00,Main CLP 🇨🇱,Expense,Restaurant,9990.0,CLP,9990.0,Suahi,,2023-01-06,2023-W01,2023-01,2023,Chao culpa
2023-01-06 12:59:26+00:00,Main CLP 🇨🇱,Expense,Sport,4000.0,CLP,4000.0,Classpasss 2 creditos,,2023-01-06,2023-W01,2023-01,2023,Secundarios
2023-01-07 13:29:54+00:00,Main CLP 🇨🇱,Expense,Groceries,21623.0,CLP,21623.0,,,2023-01-07,2023-W01,2023-01,2023,Gastos fijos
2023-01-07 14:48:40+00:00,Main CLP 🇨🇱,Expense,Shopping,31980.0,CLP,31980.0,Pantalones basement formal x2,,2023-01-07,2023-W01,2023-01,2023,Chao culpa
2023-01-07 15:23:44+00:00,Main CLP 🇨🇱,Expense,Gifts,36990.0,CLP,36990.0,,,2023-01-07,2023-W01,2023-01,2023,Chao culpa
2023-01-07 15:25:13+00:00,Main CLP 🇨🇱,Expense,Snacks & Coffee,5100.0,CLP,5100.0,,,2023-01-07,2023-W01,2023-01,2023,Chao culpa
2023-01-09 21:49:31+00:00,Main CLP 🇨🇱,Expense,Restaurant,6500.0,CLP,6500.0,,,2023-01-09,2023-W02,2023-01,2023,Chao culpa
2023-01-09 23:56:43+00:00,Main CLP 🇨🇱,Expense,Groceries,28900.0,CLP,28900.0,,,2023-01-09,2023-W02,2023-01,2023,Gastos fijos
2023-01-10 13:18:36+00:00,Main CLP 🇨🇱,Expense,Sport,29990.0,CLP,29990.0,classpass,,2023-01-10,2023-W02,2023-01,2023,Secundarios
2023-01-19 17:44:57+00:00,Main CLP 🇨🇱,Expense,Groceries,22000.0,CLP,22000.0,,,2023-01-19,2023-W03,2023-01,2023,Gastos fijos
2023-01-19 17:45:37+00:00,Main CLP 🇨🇱,Expense,Gifts,17990.0,CLP,17990.0,Regalo baby shower,,2023-01-19,2023-W03,2023-01,2023,Chao culpa
2023-01-21 16:08:32+00:00,Main CLP 🇨🇱,Expense,Transport,4000.0,CLP,4000.0,,,2023-01-21,2023-W03,2023-01,2023,Gastos fijos
2023-01-26 00:06:34+00:00,Main CLP 🇨🇱,Expense,Utilities,9668.0,CLP,9668.0,Entel plan,,2023-01-26,2023-W04,2023-01,2023,Gastos fijos
2023-01-27 18:08:43+00:00,Main CLP 🇨🇱,Expense,Other,14731.0,CLP,14731.0,Comisión mantencion plan santander,,2023-01-27,2023-W04,2023-01,2023,Gastos fijos
2023-01-29 10:45:49+00:00,Main CLP 🇨🇱,Expense,Other,14052.0,CLP,14052.0,Mantencion tarjeta santander,comision,2023-01-29,2023-W04,2023-01,2023,Gastos fijos
2023-01-29 17:42:13+00:00,Main CLP 🇨🇱,Expense,Alcohol,47970.0,CLP,47970.0,booz dos packs 24x,,2023-01-29,2023-W04,2023-01,2023,Chao culpa
2023-01-29 17:42:48+00:00,Main CLP 🇨🇱,Expense,Restaurant,21000.0,CLP,21000.0,sushi ,,2023-01-29,2023-W04,2023-01,2023,Chao culpa
2023-01-30 03:12:14+00:00,Main CLP 🇨🇱,Expense,Acommodation,188481.0,CLP,188481.0,ggcc diciembre,gastos-comunes,2023-01-30,2023-W05,2023-01,2023,Gastos fijos
2023-01-30 22:03:00+00:00,Main CLP 🇨🇱,Expense,Subscriptions,24900.0,CLP,24900.0,day one annual,,2023-01-30,2023-W05,2023-01,2023,Gastos fijos
2023-01-31 17:16:13+00:00,Main CLP 🇨🇱,Expense,Shopping,21140.0,CLP,21140.0,cables iphone tapones,,2023-01-31,2023-W05,2023-01,2023,Chao culpa
2023-02-01 15:00:10+00:00,Main CLP 🇨🇱,Income,Salary,1800000.0,CLP,1800000.0,,,2023-02-01,2023-W05,2023-02,2023,Otros
2023-02-01 17:43:59+00:00,Main CLP 🇨🇱,Expense,Shopping,32990.0,CLP,32990.0,Repisa entrada depto,,2023-02-01,2023-W05,2023-02,2023,Chao culpa
2023-02-01 20:05:42+00:00,Main CLP 🇨🇱,Expense,Utilities,9990.0,CLP,9990.0,Entel plan,,2023-02-01,2023-W05,2023-02,2023,Gastos fijos
2023-02-02 00:51:01+00:00,Main CLP 🇨🇱,Expense,Subscriptions,1900.0,CLP,1900.0,Apple cloud 200 Gb,,2023-02-02,2023-W05,2023-02,2023,Gastos fijos
2023-02-02 13:14:49+00:00,Main CLP 🇨🇱,Expense,Gifts,13644.0,CLP,13644.0,puzzle dani,,2023-02-02,2023-W05,2023-02,2023,Chao culpa
2023-02-03 00:50:18+00:00,Main CLP 🇨🇱,Expense,Restaurant,5900.0,CLP,5900.0,,,2023-02-03,2023-W05,2023-02,2023,Chao culpa
2023-02-05 18:02:56+00:00,Main CLP 🇨🇱,Expense,Transport,34000.0,CLP,34000.0,Bus guanaqueros ida vuelta,,2023-02-05,2023-W05,2023-02,2023,Gastos fijos
2023-02-05 19:36:48+00:00,Main CLP 🇨🇱,Expense,Transport,5000.0,CLP,5000.0,,public-transport,2023-02-05,2023-W05,2023-02,2023,Gastos fijos
2023-02-05 23:43:25+00:00,Main CLP 🇨🇱,Expense,Groceries,21258.0,CLP,21258.0,,,2023-02-05,2023-W05,2023-02,2023,Gastos fijos
2023-02-06 21:27:19+00:00,Main CLP 🇨🇱,Expense,Snacks & Coffee,5100.0,CLP,5100.0,,,2023-02-06,2023-W06,2023-02,2023,Chao culpa
2023-02-07 21:58:25+00:00,Main CLP 🇨🇱,Expense,Pharmacy ,12245.0,CLP,12245.0,Condones ,,2023-02-07,2023-W06,2023-02,2023,Gastos fijos
2023-02-07 22:13:13+00:00,Main CLP 🇨🇱,Expense,Pharmacy ,17500.0,CLP,17500.0,,,2023-02-07,2023-W06,2023-02,2023,Gastos fijos
2023-02-07 22:26:57+00:00,Main CLP 🇨🇱,Expense,Groceries,13310.0,CLP,13310.0,,,2023-02-07,2023-W06,2023-02,2023,Gastos fijos
2023-02-08 22:17:30+00:00,Main CLP 🇨🇱,Expense,Healthcare,5750.0,CLP,5750.0,,,2023-02-08,2023-W06,2023-02,2023,Gastos fijos
2023-02-08 22:19:36+00:00,Main CLP 🇨🇱,Expense,Healthcare,98000.0,CLP,98000.0,"Higiene , fluor",dentista,2023-02-08,2023-W06,2023-02,2023,Gastos fijos
2023-02-08 22:19:51+00:00,Main CLP 🇨🇱,Expense,Healthcare,11260.0,CLP,11260.0,Enguaje bucal prevención ,,2023-02-08,2023-W06,2023-02,2023,Gastos fijos
2023-02-08 23:01:07+00:00,Main CLP 🇨🇱,Expense,Activities,13200.0,CLP,13200.0,concierto benja walker sala master,,2023-02-08,2023-W06,2023-02,2023,Chao culpa
2023-02-09 19:41:51+00:00,Main CLP 🇨🇱,Expense,Savings,60000.0,CLP,60000.0,,btc-stacking,2023-02-09,2023-W06,2023-02,2023,Pasivos
2023-02-10 13:17:37+00:00,Main CLP 🇨🇱,Expense,Sport,29990.0,CLP,29990.0,classpass month plan 24 credits,,2023-02-10,2023-W06,2023-02,2023,Secundarios
2023-02-18 14:30:49+00:00,Main CLP 🇨🇱,Expense,Acommodation,193227.0,CLP,193227.0,,gastos-comunes,2023-02-18,2023-W07,2023-02,2023,Gastos fijos
2023-02-20 15:27:46+00:00,Main CLP 🇨🇱,Expense,Utilities,3970.0,CLP,3970.0,,agua,2023-02-20,2023-W08,2023-02,2023,Gastos fijos
2023-02-20 15:33:31+00:00,Main CLP 🇨🇱,Expense,Utilities,2780.0,CLP,2780.0,,electricidad ,2023-02-20,2023-W08,2023-02,2023,Gastos fijos
2023-02-20 16:17:53+00:00,Main CLP 🇨🇱,Expense,Shopping,12511.64753955,CLP,12512.0,book Creating Software with Modern Diagramming Techniques,,2023-02-20,2023-W08,2023-02,2023,Chao culpa
2023-02-21 15:00:09+00:00,Main CLP 🇨🇱,Expense,Transport,11800.0,CLP,11800.0,bus pichilemu,,2023-02-21,2023-W08,2023-02,2023,Gastos fijos
2023-02-21 16:35:57+00:00,Main CLP 🇨🇱,Expense,Transport,5300.0,CLP,5300.0,Bus placilla,,2023-02-21,2023-W08,2023-02,2023,Gastos fijos
2023-02-21 16:37:00+00:00,Main CLP 🇨🇱,Expense,Restaurant,10045.0,CLP,10045.0,Burger king,,2023-02-21,2023-W08,2023-02,2023,Chao culpa
2023-02-21 23:39:17+00:00,Main CLP 🇨🇱,Expense,Transport,2445.0,CLP,2445.0,,,2023-02-21,2023-W08,2023-02,2023,Gastos fijos
2023-02-21 23:40:10+00:00,Main CLP 🇨🇱,Expense,Healthcare,18800.0,CLP,18800.0,,,2023-02-21,2023-W08,2023-02,2023,Gastos fijos
2023-02-22 16:35:40+00:00,Main CLP 🇨🇱,Expense,Snacks & Coffee,4335.0,CLP,4335.0,,,2023-02-22,2023-W08,2023-02,2023,Chao culpa
2023-02-23 13:59:09+00:00,Main CLP 🇨🇱,Expense,Shopping,98940.0,CLP,98940.0,"wild lama 6 prendas: guayabera, polar, poleron, polera, buzo",ropa,2023-02-23,2023-W08,2023-02,2023,Chao culpa
2023-02-24 13:57:06+00:00,Main CLP 🇨🇱,Expense,Groceries,44130.0,CLP,44130.0,Barritas 3 cajas wild protein ,,2023-02-24,2023-W08,2023-02,2023,Gastos fijos
2023-02-24 14:10:18+00:00,Main CLP 🇨🇱,Expense,Gifts,69990.0,CLP,69990.0,Matri Alvaro y Mari - maquina cabritas,,2023-02-24,2023-W08,2023-02,2023,Chao culpa
2023-02-24 20:54:35+00:00,Main CLP 🇨🇱,Expense,Snacks & Coffee,10900.0,CLP,10900.0,Helados quintay x4,,2023-02-24,2023-W08,2023-02,2023,Chao culpa
2023-02-26 00:06:34+00:00,Main CLP 🇨🇱,Expense,Utilities,9668.0,CLP,9668.0,Entel plan,,2023-02-26,2023-W08,2023-02,2023,Gastos fijos
2023-02-27 18:08:43+00:00,Main CLP 🇨🇱,Expense,Other,14731.0,CLP,14731.0,Comisión mantencion plan santander,,2023-02-27,2023-W09,2023-02,2023,Gastos fijos
2023-02-28 10:45:49+00:00,Main CLP 🇨🇱,Expense,Other,14052.0,CLP,14052.0,Mantencion tarjeta santander,comision,2023-02-28,2023-W09,2023-02,2023,Gastos fijos
2023-02-28 18:29:29+00:00,Main CLP 🇨🇱,Expense,Groceries,34114.0,CLP,34114.0,,,2023-02-28,2023-W09,2023-02,2023,Gastos fijos
2023-02-28 20:57:43+00:00,Main CLP 🇨🇱,Expense,Snacks & Coffee,4350.0,CLP,4350.0,Boost jugo,,2023-02-28,2023-W09,2023-02,2023,Chao culpa
2023-03-01 15:00:10+00:00,Main CLP 🇨🇱,Income,Salary,1810000.0,CLP,1810000.0,Sueldo buda,,2023-03-01,2023-W09,2023-03,2023,Otros
2023-03-01 20:05:42+00:00,Main CLP 🇨🇱,Expense,Utilities,12990.0,CLP,12990.0,Entel plan,,2023-03-01,2023-W09,2023-03,2023,Gastos fijos
2023-03-02 00:51:01+00:00,Main CLP 🇨🇱,Expense,Subscriptions,1900.0,CLP,1900.0,Apple icloud drive 200 Gb,,2023-03-02,2023-W09,2023-03,2023,Gastos fijos
2023-03-02 17:16:14+00:00,Main CLP 🇨🇱,Expense,Snacks & Coffee,3100.0,CLP,3100.0,,,2023-03-02,2023-W09,2023-03,2023,Chao culpa
2023-03-04 22:05:14+00:00,Main CLP 🇨🇱,Expense,Shopping,24000.0,CLP,24000.0,hdmi cable,,2023-03-04,2023-W09,2023-03,2023,Chao culpa
2023-03-04 23:40:13+00:00,Main CLP 🇨🇱,Expense,Groceries,20371.0,CLP,20371.0,,,2023-03-04,2023-W09,2023-03,2023,Gastos fijos
2023-03-05 21:28:34+00:00,Main CLP 🇨🇱,Expense,Shopping,23980.0,CLP,23980.0,Afeitadora Philips Series 3000 MG3711 ,,2023-03-05,2023-W09,2023-03,2023,Chao culpa
2023-03-06 00:10:14+00:00,Main CLP 🇨🇱,Expense,Activities,38222.0,CLP,38222.0,Los bunkers,,2023-03-06,2023-W10,2023-03,2023,Chao culpa
2023-03-06 01:45:01+00:00,Main CLP 🇨🇱,Expense,Groceries,12000.0,CLP,12000.0,shmpoo,,2023-03-06,2023-W10,2023-03,2023,Gastos fijos
2023-03-06 05:40:25+00:00,Main CLP 🇨🇱,Expense,Shopping,21900.0,CLP,21900.0,Klean kanteen 800ml,,2023-03-06,2023-W10,2023-03,2023,Chao culpa
2023-03-06 17:36:11+00:00,Main CLP 🇨🇱,Expense,Snacks & Coffee,2980.0,CLP,2980.0,Fork,,2023-03-06,2023-W10,2023-03,2023,Chao culpa
2023-03-07 17:44:58+00:00,Main CLP 🇨🇱,Expense,Groceries,7000.0,CLP,7000.0,,,2023-03-07,2023-W10,2023-03,2023,Gastos fijos
2023-03-07 17:45:04+00:00,Main CLP 🇨🇱,Expense,Snacks & Coffee,2000.0,CLP,2000.0,,,2023-03-07,2023-W10,2023-03,2023,Chao culpa
2023-03-07 22:29:23+00:00,Main CLP 🇨🇱,Expense,Snacks & Coffee,6300.0,CLP,6300.0,,,2023-03-07,2023-W10,2023-03,2023,Chao culpa
2023-03-08 14:14:43+00:00,Main CLP 🇨🇱,Expense,Utilities,13990.0,CLP,13990.0,vtr,,2023-03-08,2023-W10,2023-03,2023,Gastos fijos
2023-03-09 12:13:43+00:00,Main CLP 🇨🇱,Expense,Groceries,26875.0,CLP,26875.0,Vita c,,2023-03-09,2023-W10,2023-03,2023,Gastos fijos
2023-03-09 12:27:27+00:00,Main CLP 🇨🇱,Expense,Subscriptions,76141.31828645,CLP,76141.0,Aliflow yearly subscription ,,2023-03-09,2023-W10,2023-03,2023,Gastos fijos
2023-03-09 20:59:23+00:00,Main CLP 🇨🇱,Expense,Acommodation,1087809.0,CLP,1087809.0,Dividendo 1 Depto,,2023-03-09,2023-W10,2023-03,2023,Gastos fijos
2023-03-10 13:17:37+00:00,Main CLP 🇨🇱,Expense,Sport,29990.0,CLP,29990.0,classpass month plan 24 credits,,2023-03-10,2023-W10,2023-03,2023,Secundarios
2023-03-11 14:22:31+00:00,Main CLP 🇨🇱,Expense,Healthcare,195000.0,CLP,195000.0,,,2023-03-11,2023-W10,2023-03,2023,Gastos fijos
2023-03-11 23:11:48+00:00,Main CLP 🇨🇱,Expense,Transport,31133.0,CLP,31133.0,Canufy matri alvaro,,2023-03-11,2023-W10,2023-03,2023,Gastos fijos
2023-03-11 23:13:08+00:00,Main CLP 🇨🇱,Expense,Activities,41990.0,CLP,41990.0,Natalia Lafourcade Concierto,,2023-03-11,2023-W10,2023-03,2023,Chao culpa
2023-03-11 23:14:15+00:00,Main CLP 🇨🇱,Expense,Transport,2100.0,CLP,2100.0,,,2023-03-11,2023-W10,2023-03,2023,Gastos fijos
2023-03-12 17:24:46+00:00,Main CLP 🇨🇱,Expense,Groceries,111000.0,CLP,111000.0,Supermercado cumple fiesta edu,,2023-03-12,2023-W10,2023-03,2023,Gastos fijos
2023-03-13 18:22:50+00:00,Main CLP 🇨🇱,Expense,Shopping,104950.0,CLP,104950.0,monitores preSnous 3.5 - mitad papa,,2023-03-13,2023-W11,2023-03,2023,Chao culpa
2023-03-14 15:13:17+00:00,Main CLP 🇨🇱,Expense,Subscriptions,29268.29268288,CLP,29268.0,1Password annual subscription individual ,,2023-03-14,2023-W11,2023-03,2023,Gastos fijos
2023-03-15 16:59:41+00:00,Main CLP 🇨🇱,Expense,Groceries,8000.0,CLP,8000.0,,,2023-03-15,2023-W11,2023-03,2023,Gastos fijos
2023-03-16 18:51:46+00:00,Main CLP 🇨🇱,Expense,Groceries,43960.0,CLP,43960.0,4 x 18 pizzetas felipe didier,,2023-03-16,2023-W11,2023-03,2023,Gastos fijos
2023-03-19 16:17:58+00:00,Main CLP 🇨🇱,Expense,Subscriptions,10900.0,CLP,10900.0,Things 3,,2023-03-19,2023-W11,2023-03,2023,Gastos fijos
2023-03-19 17:24:24+00:00,Main CLP 🇨🇱,Expense,Gifts,8104.9756445,CLP,8105.0,zlib bitcoin donation 10usd,,2023-03-19,2023-W11,2023-03,2023,Chao culpa
2023-03-20 13:22:41+00:00,Main CLP 🇨🇱,Expense,Shopping,56975.0,CLP,56975.0,sabanas ikeas,,2023-03-20,2023-W12,2023-03,2023,Chao culpa
2023-03-20 17:23:05+00:00,Main CLP 🇨🇱,Expense,Subscriptions,9900.0,CLP,9900.0,one sec annual,,2023-03-20,2023-W12,2023-03,2023,Gastos fijos
2023-03-23 22:06:22+00:00,Main CLP 🇨🇱,Expense,Pharmacy ,1424.0,CLP,1424.0,Alexia ,,2023-03-23,2023-W12,2023-03,2023,Gastos fijos
2023-03-23 22:08:04+00:00,Main CLP 🇨🇱,Expense,Pharmacy ,6100.0,CLP,6100.0,Betaloc,,2023-03-23,2023-W12,2023-03,2023,Gastos fijos
2023-03-24 00:12:31+00:00,Main CLP 🇨🇱,Expense,Restaurant,11500.0,CLP,11500.0,,,2023-03-24,2023-W12,2023-03,2023,Chao culpa
2023-03-24 00:12:40+00:00,Main CLP 🇨🇱,Expense,Restaurant,7500.0,CLP,7500.0,,,2023-03-24,2023-W12,2023-03,2023,Chao culpa
2023-03-25 19:10:49+00:00,Main CLP 🇨🇱,Expense,Restaurant,15141.0,CLP,15141.0,Pollo korea nico erick,,2023-03-25,2023-W12,2023-03,2023,Chao culpa
2023-03-25 19:53:15+00:00,Main CLP 🇨🇱,Expense,Subscriptions,34900.0,CLP,34900.0,session annual plan,,2023-03-25,2023-W12,2023-03,2023,Gastos fijos
2023-03-25 20:57:25+00:00,Main CLP 🇨🇱,Expense,Other,124900.0,CLP,124900.0,multa sumario sanitario 2021 covid,,2023-03-25,2023-W12,2023-03,2023,Gastos fijos
2023-03-26 00:06:34+00:00,Main CLP 🇨🇱,Expense,Utilities,9668.0,CLP,9668.0,Entel plan,,2023-03-26,2023-W12,2023-03,2023,Gastos fijos
2023-03-27 18:08:43+00:00,Main CLP 🇨🇱,Expense,Other,14731.0,CLP,14731.0,Comisión mantencion plan santander,,2023-03-27,2023-W13,2023-03,2023,Gastos fijos
2023-03-27 20:48:43+00:00,Main CLP 🇨🇱,Expense,Acommodation,184694.0,CLP,184694.0,ggcc febrero,gastos-comunes,2023-03-27,2023-W13,2023-03,2023,Gastos fijos
2023-03-29 10:45:49+00:00,Main CLP 🇨🇱,Expense,Other,14052.0,CLP,14052.0,Mantencion tarjeta santander,comision,2023-03-29,2023-W13,2023-03,2023,Gastos fijos
2023-03-30 22:47:30+00:00,Main CLP 🇨🇱,Expense,Snacks & Coffee,2000.0,CLP,2000.0,,,2023-03-30,2023-W13,2023-03,2023,Chao culpa
2023-03-31 22:47:21+00:00,Main CLP 🇨🇱,Expense,Snacks & Coffee,5300.0,CLP,5300.0,,,2023-03-31,2023-W13,2023-03,2023,Chao culpa
2023-04-01 15:00:10+00:00,Main CLP 🇨🇱,Income,Salary,1810000.0,CLP,1810000.0,Sueldo buda,,2023-04-01,2023-W13,2023-04,2023,Otros
2023-04-01 20:05:42+00:00,Main CLP 🇨🇱,Expense,Utilities,12990.0,CLP,12990.0,Entel plan,,2023-04-01,2023-W13,2023-04,2023,Gastos fijos
2023-04-01 22:32:03+00:00,Main CLP 🇨🇱,Expense,Transport,56000.0,CLP,56000.0,Llenar estanque subaru ,,2023-04-01,2023-W13,2023-04,2023,Gastos fijos
2023-04-02 00:39:00+00:00,Main CLP 🇨🇱,Expense,Shopping,11863.615872,CLP,11864.0,Crónica Roja - rodrigo fluxa,books,2023-04-02,2023-W13,2023-04,2023,Chao culpa
2023-04-02 00:51:01+00:00,Main CLP 🇨🇱,Expense,Subscriptions,1900.0,CLP,1900.0,Apple icloud drive 200 Gb,,2023-04-02,2023-W13,2023-04,2023,Gastos fijos
2023-04-03 21:02:27+00:00,Main CLP 🇨🇱,Expense,Snacks & Coffee,11150.0,CLP,11150.0,Empanadas nelson cata,,2023-04-03,2023-W14,2023-04,2023,Chao culpa
2023-04-03 22:28:27+00:00,Main CLP 🇨🇱,Expense,Education,5300.0,CLP,5300.0,curso domestika marcos zegers fotografia,,2023-04-03,2023-W14,2023-04,2023,Secundarios
2023-04-04 21:48:50+00:00,Main CLP 🇨🇱,Expense,Mortgage,604323.0,CLP,604323.0,,,2023-04-04,2023-W14,2023-04,2023,Pasivos
2023-04-06 14:33:43+00:00,Main CLP 🇨🇱,Expense,Shopping,74990.0,CLP,74990.0,Oral b cepillo eléctrico genius 8000,,2023-04-06,2023-W14,2023-04,2023,Chao culpa
2023-04-08 02:49:04+00:00,Main CLP 🇨🇱,Expense,Restaurant,9000.0,CLP,9000.0,Goodmeal fork,,2023-04-08,2023-W14,2023-04,2023,Chao culpa
2023-04-09 18:30:22+00:00,Main CLP 🇨🇱,Income,Refund,182000.0,CLP,182000.0,Ikea puertas forbattra,,2023-04-09,2023-W14,2023-04,2023,Otros
2023-04-09 21:37:40+00:00,Main CLP 🇨🇱,Expense,Pharmacy ,4223.0,CLP,4223.0,Clotrimazol anti hongos ,,2023-04-09,2023-W14,2023-04,2023,Gastos fijos
2023-04-10 14:17:37+00:00,Main CLP 🇨🇱,Expense,Sport,29990.0,CLP,29990.0,classpass month plan 24 credits,,2023-04-10,2023-W15,2023-04,2023,Secundarios
2023-04-13 02:17:28+00:00,Main CLP 🇨🇱,Expense,Utilities,3946.0,CLP,3946.0,,electricidad ,2023-04-13,2023-W15,2023-04,2023,Gastos fijos
2023-04-13 18:47:10+00:00,Main CLP 🇨🇱,Expense,Subscriptions,54900.0,CLP,54900.0,Things 3 Mac App productivity ,,2023-04-13,2023-W15,2023-04,2023,Gastos fijos
2023-04-15 16:03:55+00:00,Main CLP 🇨🇱,Expense,Education,20000.0,CLP,20000.0,Tewi asesoria ,,2023-04-15,2023-W15,2023-04,2023,Secundarios
2023-04-15 16:46:00+00:00,Main CLP 🇨🇱,Expense,Restaurant,7690.0,CLP,7690.0,burger,,2023-04-15,2023-W15,2023-04,2023,Chao culpa
2023-04-18 13:55:40+00:00,Main CLP 🇨🇱,Expense,Restaurant,5600.0,CLP,5600.0,Completo,,2023-04-18,2023-W16,2023-04,2023,Chao culpa
2023-04-18 13:55:58+00:00,Main CLP 🇨🇱,Expense,Education,20000.0,CLP,20000.0,Tewi asesoriA,,2023-04-18,2023-W16,2023-04,2023,Secundarios
2023-04-20 01:16:04+00:00,Main CLP 🇨🇱,Expense,Shopping,25500.0,CLP,25500.0,Decathlon: mochila hawaiana polera,,2023-04-20,2023-W16,2023-04,2023,Chao culpa
2023-04-21 21:45:37+00:00,Main CLP 🇨🇱,Expense,Acommodation,183834.0,CLP,183834.0,Gastos comunes marzo,gastos-comunes,2023-04-21,2023-W16,2023-04,2023,Gastos fijos
2023-04-22 22:11:06+00:00,Main CLP 🇨🇱,Expense,Snacks & Coffee,3100.0,CLP,3100.0,Cafe frío avellana ,,2023-04-22,2023-W16,2023-04,2023,Chao culpa
2023-04-23 17:10:59+00:00,Main CLP 🇨🇱,Expense,Maintenance ,29990.0,CLP,29990.0,Cambio calipster Shimano bici freno frontal,,2023-04-23,2023-W16,2023-04,2023,Gastos fijos
2023-04-24 23:12:14+00:00,Main CLP 🇨🇱,Expense,Shopping,101982.0,CLP,101982.0,Futon m design gris,,2023-04-24,2023-W17,2023-04,2023,Chao culpa
2023-04-25 16:07:41+00:00,Main CLP 🇨🇱,Income,Sale,110000.0,CLP,110000.0,Magic Trackpad a fenho,,2023-04-25,2023-W17,2023-04,2023,Otros
2023-04-25 21:09:28+00:00,Main CLP 🇨🇱,Expense,Groceries,49990.0,CLP,49990.0,Mes abril,,2023-04-25,2023-W17,2023-04,2023,Gastos fijos
2023-04-26 01:06:34+00:00,Main CLP 🇨🇱,Expense,Utilities,9668.0,CLP,9668.0,Entel plan,,2023-04-26,2023-W17,2023-04,2023,Gastos fijos
2023-04-26 16:03:21+00:00,Main CLP 🇨🇱,Expense,Maintenance ,130000.0,CLP,130000.0,"Cerrajero - cambio chapa, cilindro y platina",,2023-04-26,2023-W17,2023-04,2023,Gastos fijos
2023-04-27 14:43:37+00:00,Main CLP 🇨🇱,Expense,Other,39050.0,CLP,39050.0,Renovación licencia conducir,,2023-04-27,2023-W17,2023-04,2023,Gastos fijos
2023-04-27 19:08:43+00:00,Main CLP 🇨🇱,Expense,Other,14731.0,CLP,14731.0,Comisión mantencion plan santander,,2023-04-27,2023-W17,2023-04,2023,Gastos fijos
2023-04-27 23:33:46+00:00,Main CLP 🇨🇱,Expense,Maintenance ,146477.0,CLP,146477.0,Contribuciones 1er trimestral depto y estacionamiento ,,2023-04-27,2023-W17,2023-04,2023,Gastos fijos
2023-04-29 10:45:49+00:00,Main CLP 🇨🇱,Expense,Other,14052.0,CLP,14052.0,Mantencion tarjeta santander,comision,2023-04-29,2023-W17,2023-04,2023,Gastos fijos
2023-04-29 22:54:24+00:00,Main CLP 🇨🇱,Expense,Shopping,12980.0,CLP,12980.0,Casa ideas ,,2023-04-29,2023-W17,2023-04,2023,Chao culpa
2023-04-30 15:43:37+00:00,Main CLP 🇨🇱,Expense,Groceries,124719.0,CLP,124719.0,cierre mes abril,,2023-04-30,2023-W17,2023-04,2023,Gastos fijos
2023-04-30 15:44:03+00:00,Main CLP 🇨🇱,Expense,Transport,9627.0,CLP,9627.0,cierre mes abril,,2023-04-30,2023-W17,2023-04,2023,Gastos fijos
2023-04-30 15:44:21+00:00,Main CLP 🇨🇱,Expense,Shopping,267107.0,CLP,267107.0,cierre mes abril,,2023-04-30,2023-W17,2023-04,2023,Chao culpa
2023-04-30 15:44:43+00:00,Main CLP 🇨🇱,Expense,Restaurant,10250.0,CLP,10250.0,cierre mes abril,,2023-04-30,2023-W17,2023-04,2023,Chao culpa
2023-04-30 15:45:56+00:00,Main CLP 🇨🇱,Expense,Utilities,12165.0,CLP,12165.0,cierre mes abril,,2023-04-30,2023-W17,2023-04,2023,Gastos fijos
2023-05-01 01:28:01+00:00,Main CLP 🇨🇱,Expense,Utilities,10990.0,CLP,10990.0,Entel,,2023-05-01,2023-W18,2023-05,2023,Gastos fijos
2023-05-01 16:00:10+00:00,Main CLP 🇨🇱,Income,Salary,1810000.0,CLP,1810000.0,Sueldo buda,,2023-05-01,2023-W18,2023-05,2023,Otros
2023-05-01 21:05:42+00:00,Main CLP 🇨🇱,Expense,Utilities,10990.0,CLP,10990.0,Entel plan,,2023-05-01,2023-W18,2023-05,2023,Gastos fijos
2023-05-02 01:51:01+00:00,Main CLP 🇨🇱,Expense,Subscriptions,1900.0,CLP,1900.0,Apple icloud drive 200 Gb,,2023-05-02,2023-W18,2023-05,2023,Gastos fijos
2023-05-02 15:51:24+00:00,Main CLP 🇨🇱,Expense,Mortgage,609284.0,CLP,609284.0,Dividendo 3,,2023-05-02,2023-W18,2023-05,2023,Pasivos
2023-05-03 19:19:46+00:00,Main CLP 🇨🇱,Expense,Shopping,49150.0,CLP,49150.0,ikea cortina oficina y orgnaizadores,,2023-05-03,2023-W18,2023-05,2023,Chao culpa
2023-05-03 21:54:26+00:00,Main CLP 🇨🇱,Expense,Maintenance ,11970.0,CLP,11970.0,Cable horno y silicona ,,2023-05-03,2023-W18,2023-05,2023,Gastos fijos
2023-05-03 22:27:28+00:00,Main CLP 🇨🇱,Expense,Snacks & Coffee,3500.0,CLP,3500.0,,,2023-05-03,2023-W18,2023-05,2023,Chao culpa
2023-05-04 02:54:22+00:00,Main CLP 🇨🇱,Expense,Maintenance ,97570.0,CLP,97570.0,Cable y enchufes fallabela,,2023-05-04,2023-W18,2023-05,2023,Gastos fijos
2023-05-05 00:31:14+00:00,Main CLP 🇨🇱,Expense,Restaurant,10213.0,CLP,10213.0,Sushi,,2023-05-05,2023-W18,2023-05,2023,Chao culpa
2023-05-05 23:47:17+00:00,Main CLP 🇨🇱,Expense,Pharmacy ,6413.0,CLP,6413.0,Betaloc,,2023-05-05,2023-W18,2023-05,2023,Gastos fijos
2023-05-05 23:50:04+00:00,Main CLP 🇨🇱,Expense,Pharmacy ,24178.0,CLP,24178.0,,,2023-05-05,2023-W18,2023-05,2023,Gastos fijos
2023-05-07 16:09:53+00:00,Main CLP 🇨🇱,Expense,Gifts,16490.0,CLP,16490.0,Cumple jorge,,2023-05-07,2023-W18,2023-05,2023,Chao culpa
2023-05-10 14:17:37+00:00,Main CLP 🇨🇱,Expense,Sport,29990.0,CLP,29990.0,classpass month plan 24 credits,,2023-05-10,2023-W19,2023-05,2023,Secundarios
2023-05-13 21:24:13+00:00,Main CLP 🇨🇱,Expense,Snacks & Coffee,6000.0,CLP,6000.0,Goodmeal fork,,2023-05-13,2023-W19,2023-05,2023,Chao culpa
2023-05-13 22:30:05+00:00,Main CLP 🇨🇱,Expense,Gifts,16000.0,CLP,16000.0,Tartufata mama dia m,,2023-05-13,2023-W19,2023-05,2023,Chao culpa
2023-05-14 15:51:06+00:00,Main CLP 🇨🇱,Expense,Snacks & Coffee,6667.0,CLP,6667.0,Kuchen nuez mama,,2023-05-14,2023-W19,2023-05,2023,Chao culpa
2023-05-14 21:43:27+00:00,Main CLP 🇨🇱,Expense,Activities,43425.0,CLP,43425.0,Roger waters concierto ,,2023-05-14,2023-W19,2023-05,2023,Chao culpa
2023-05-15 23:40:25+00:00,Main CLP 🇨🇱,Expense,Snacks & Coffee,5980.0,CLP,5980.0,,,2023-05-15,2023-W20,2023-05,2023,Chao culpa
2023-05-17 14:25:56+00:00,Main CLP 🇨🇱,Expense,Gifts,10000.0,CLP,10000.0,Donacion soy mas,,2023-05-17,2023-W20,2023-05,2023,Chao culpa
2023-05-18 23:09:00+00:00,Main CLP 🇨🇱,Expense,Snacks & Coffee,4700.0,CLP,4700.0,,,2023-05-18,2023-W20,2023-05,2023,Chao culpa
2023-05-18 23:09:02+00:00,Main CLP 🇨🇱,Expense,Snacks & Coffee,4700.0,CLP,4700.0,,,2023-05-18,2023-W20,2023-05,2023,Chao culpa
2023-05-20 16:59:28+00:00,Main CLP 🇨🇱,Expense,Pharmacy ,10990.0,CLP,10990.0,Cleanser chico,,2023-05-20,2023-W20,2023-05,2023,Gastos fijos
2023-05-20 17:07:27+00:00,Main CLP 🇨🇱,Expense,Alcohol,8940.0,CLP,8940.0,,,2023-05-20,2023-W20,2023-05,2023,Chao culpa
2023-05-21 03:11:23+00:00,Main CLP 🇨🇱,Expense,Restaurant,9048.0,CLP,9048.0,,,2023-05-21,2023-W20,2023-05,2023,Chao culpa
2023-05-21 14:59:37+00:00,Main CLP 🇨🇱,Expense,Activities,5800.0,CLP,5800.0,,,2023-05-21,2023-W20,2023-05,2023,Chao culpa
2023-05-24 19:29:59+00:00,Main CLP 🇨🇱,Expense,Shopping,112940.0,CLP,112940.0,Ikea: estante y filtro campana,,2023-05-24,2023-W21,2023-05,2023,Chao culpa
2023-05-24 20:31:27+00:00,Main CLP 🇨🇱,Expense,Restaurant,18292.0,CLP,18292.0,Tiramisu con kukos,,2023-05-24,2023-W21,2023-05,2023,Chao culpa
2023-05-25 16:09:59+00:00,Main CLP 🇨🇱,Expense,Maintenance ,50000.0,CLP,50000.0,Instalacion horno eléctrico encimera,,2023-05-25,2023-W21,2023-05,2023,Gastos fijos
2023-05-25 16:32:56+00:00,Main CLP 🇨🇱,Expense,Sport,15990.0,CLP,15990.0,Classpass 10 creditos extra,,2023-05-25,2023-W21,2023-05,2023,Secundarios
2023-05-26 01:06:34+00:00,Main CLP 🇨🇱,Expense,Utilities,10990.0,CLP,10990.0,Entel plan,,2023-05-26,2023-W21,2023-05,2023,Gastos fijos
2023-05-27 16:10:12+00:00,Main CLP 🇨🇱,Expense,Snacks & Coffee,4000.0,CLP,4000.0,,,2023-05-27,2023-W21,2023-05,2023,Chao culpa
2023-05-27 16:10:25+00:00,Main CLP 🇨🇱,Expense,Snacks & Coffee,2200.0,CLP,2200.0,Empanada,,2023-05-27,2023-W21,2023-05,2023,Chao culpa
2023-05-27 19:08:43+00:00,Main CLP 🇨🇱,Expense,Other,14731.0,CLP,14731.0,Comisión mantencion plan santander,,2023-05-27,2023-W21,2023-05,2023,Gastos fijos
2023-05-29 05:05:07+00:00,Main CLP 🇨🇱,Expense,Shopping,99990.0,CLP,99990.0,Chaqueta marmot precip eco,,2023-05-29,2023-W22,2023-05,2023,Chao culpa
2023-05-29 10:45:49+00:00,Main CLP 🇨🇱,Expense,Other,14052.0,CLP,14052.0,Mantencion tarjeta santander,comision,2023-05-29,2023-W22,2023-05,2023,Gastos fijos
2023-05-31 03:15:25+00:00,Main CLP 🇨🇱,Expense,Sport,15990.0,CLP,15990.0,Classpass 10 créditos ,,2023-05-31,2023-W22,2023-05,2023,Secundarios
2023-05-31 13:05:18+00:00,Main CLP 🇨🇱,Expense,Groceries,77195.0,CLP,77195.0,,,2023-05-31,2023-W22,2023-05,2023,Gastos fijos
2023-05-31 13:05:28+00:00,Main CLP 🇨🇱,Expense,Transport,5508.0,CLP,5508.0,,,2023-05-31,2023-W22,2023-05,2023,Gastos fijos
2023-05-31 13:06:10+00:00,Main CLP 🇨🇱,Expense,Shopping,34230.0,CLP,34230.0,,,2023-05-31,2023-W22,2023-05,2023,Chao culpa
2023-05-31 13:06:54+00:00,Main CLP 🇨🇱,Expense,Utilities,34743.0,CLP,34743.0,Gas internet agua electricidad ,,2023-05-31,2023-W22,2023-05,2023,Gastos fijos
2023-06-01 01:19:31+00:00,Main CLP 🇨🇱,Expense,Activities,17250.0,CLP,17250.0,,,2023-06-01,2023-W22,2023-06,2023,Chao culpa
2023-06-01 13:48:09+00:00,Main CLP 🇨🇱,Expense,Other,5990.0,CLP,5990.0,Notario contrato estacionamiento muy simple.cl,,2023-06-01,2023-W22,2023-06,2023,Gastos fijos
2023-06-01 13:48:31+00:00,Main CLP 🇨🇱,Expense,Mortgage,612189.0,CLP,612189.0,,,2023-06-01,2023-W22,2023-06,2023,Pasivos
2023-06-01 16:00:10+00:00,Main CLP 🇨🇱,Income,Salary,1810000.0,CLP,1810000.0,Sueldo buda,,2023-06-01,2023-W22,2023-06,2023,Otros
2023-06-01 18:36:12+00:00,Main CLP 🇨🇱,Income,Extra Income,55000.0,CLP,55000.0,Arriendo estacionamiento ,,2023-06-01,2023-W22,2023-06,2023,Otros
2023-06-01 21:05:42+00:00,Main CLP 🇨🇱,Expense,Utilities,12990.0,CLP,12990.0,Entel plan,,2023-06-01,2023-W22,2023-06,2023,Gastos fijos
2023-06-02 01:51:01+00:00,Main CLP 🇨🇱,Expense,Subscriptions,1900.0,CLP,1900.0,Apple icloud drive 200 Gb,,2023-06-02,2023-W22,2023-06,2023,Gastos fijos
2023-06-03 00:11:14+00:00,Main CLP 🇨🇱,Expense,Maintenance ,18000.0,CLP,18000.0,Control remoto porton depto,,2023-06-03,2023-W22,2023-06,2023,Gastos fijos
2023-06-03 01:28:24+00:00,Main CLP 🇨🇱,Expense,Restaurant,20405.0,CLP,20405.0,Domani,,2023-06-03,2023-W22,2023-06,2023,Chao culpa
2023-06-04 22:03:05+00:00,Main CLP 🇨🇱,Income,Extra Income,200000.0,CLP,200000.0,Regalo mama balcon terraza,,2023-06-04,2023-W22,2023-06,2023,Otros
2023-06-04 22:03:39+00:00,Main CLP 🇨🇱,Expense,Shopping,220000.0,CLP,220000.0,Balcon terraza comedores industr,,2023-06-04,2023-W22,2023-06,2023,Chao culpa
2023-06-05 18:22:54+00:00,Main CLP 🇨🇱,Expense,Groceries,18740.0,CLP,18740.0,Lider,,2023-06-05,2023-W23,2023-06,2023,Gastos fijos
2023-06-10 14:17:37+00:00,Main CLP 🇨🇱,Expense,Sport,29990.0,CLP,29990.0,classpass month plan 24 credits,,2023-06-10,2023-W23,2023-06,2023,Secundarios
2023-06-11 21:56:04+00:00,Main CLP 🇨🇱,Expense,Restaurant,10000.0,CLP,10000.0,Chicken ñove,,2023-06-11,2023-W23,2023-06,2023,Chao culpa
2023-06-11 21:56:58+00:00,Main CLP 🇨🇱,Expense,Snacks & Coffee,12300.0,CLP,12300.0,Helado frambuesas y cerveza ,,2023-06-11,2023-W23,2023-06,2023,Chao culpa
2023-06-14 13:13:34+00:00,Main CLP 🇨🇱,Expense,Restaurant,12925.0,CLP,12925.0,Honesto mike erick,,2023-06-14,2023-W24,2023-06,2023,Chao culpa
2023-06-16 23:23:54+00:00,Main CLP 🇨🇱,Expense,Restaurant,14400.0,CLP,14400.0,Sushi sow - didi,,2023-06-16,2023-W24,2023-06,2023,Chao culpa
2023-06-16 23:30:26+00:00,Main CLP 🇨🇱,Expense,Alcohol,6740.0,CLP,6740.0,,,2023-06-16,2023-W24,2023-06,2023,Chao culpa
2023-06-17 20:05:28+00:00,Main CLP 🇨🇱,Expense,Shopping,33886.0,CLP,33886.0,Junbo regalo papa,,2023-06-17,2023-W24,2023-06,2023,Chao culpa
2023-06-17 20:07:09+00:00,Main CLP 🇨🇱,Expense,Shopping,16980.0,CLP,16980.0,Casaideas manta guatero,,2023-06-17,2023-W24,2023-06,2023,Chao culpa
2023-06-20 13:56:07+00:00,Main CLP 🇨🇱,Expense,Healthcare,75000.0,CLP,75000.0,Consulta psiquiatra Garay ,,2023-06-20,2023-W25,2023-06,2023,Gastos fijos
2023-06-20 17:17:11+00:00,Main CLP 🇨🇱,Expense,Restaurant,2400.0,CLP,2400.0,,,2023-06-20,2023-W25,2023-06,2023,Chao culpa
2023-06-22 00:48:12+00:00,Main CLP 🇨🇱,Expense,Shopping,35512.0,CLP,35512.0,Calzoncillos x10 y audífonos ,,2023-06-22,2023-W25,2023-06,2023,Chao culpa
2023-06-23 23:38:58+00:00,Main CLP 🇨🇱,Expense,Snacks & Coffee,4390.0,CLP,4390.0,,,2023-06-23,2023-W25,2023-06,2023,Chao culpa
2023-06-24 23:00:39+00:00,Main CLP 🇨🇱,Expense,Subscriptions,19990.0,CLP,19990.0,Working copy ios,,2023-06-24,2023-W25,2023-06,2023,Gastos fijos
2023-06-26 01:06:34+00:00,Main CLP 🇨🇱,Expense,Utilities,9668.0,CLP,9668.0,Entel plan,,2023-06-26,2023-W26,2023-06,2023,Gastos fijos
2023-06-26 22:32:47+00:00,Main CLP 🇨🇱,Expense,Snacks & Coffee,2990.0,CLP,2990.0,,,2023-06-26,2023-W26,2023-06,2023,Chao culpa
2023-06-26 22:43:46+00:00,Main CLP 🇨🇱,Expense,Snacks & Coffee,2570.0,CLP,2570.0,,,2023-06-26,2023-W26,2023-06,2023,Chao culpa
2023-06-27 19:08:43+00:00,Main CLP 🇨🇱,Expense,Other,14731.0,CLP,14731.0,Comisión mantencion plan santander,,2023-06-27,2023-W26,2023-06,2023,Gastos fijos
2023-06-28 23:40:27+00:00,Main CLP 🇨🇱,Expense,Snacks & Coffee,4890.0,CLP,4890.0,Helado franbuesa,,2023-06-28,2023-W26,2023-06,2023,Chao culpa
2023-06-29 10:45:49+00:00,Main CLP 🇨🇱,Expense,Other,14052.0,CLP,14052.0,Mantencion tarjeta santander,comision,2023-06-29,2023-W26,2023-06,2023,Gastos fijos
2023-06-29 23:31:18+00:00,Main CLP 🇨🇱,Expense,Snacks & Coffee,6750.0,CLP,6750.0,Pan merced cafe,,2023-06-29,2023-W26,2023-06,2023,Chao culpa
2023-07-01 03:30:43+00:00,Main CLP 🇨🇱,Expense,Shopping,17520.0,CLP,17520.0,,,2023-07-01,2023-W26,2023-07,2023,Chao culpa
2023-07-01 03:32:12+00:00,Main CLP 🇨🇱,Expense,Utilities,18816.0,CLP,18816.0,Gas internet agua electricidad ,,2023-07-01,2023-W26,2023-07,2023,Gastos fijos
2023-07-01 03:32:25+00:00,Main CLP 🇨🇱,Expense,Groceries,90708.0,CLP,90708.0,,,2023-07-01,2023-W26,2023-07,2023,Gastos fijos
2023-07-01 16:00:10+00:00,Main CLP 🇨🇱,Income,Salary,1810000.0,CLP,1810000.0,Sueldo buda,,2023-07-01,2023-W26,2023-07,2023,Otros
2023-07-01 18:36:12+00:00,Main CLP 🇨🇱,Income,Extra Income,55000.0,CLP,55000.0,Arriendo estacionamiento ,,2023-07-01,2023-W26,2023-07,2023,Otros
2023-07-01 21:05:42+00:00,Main CLP 🇨🇱,Expense,Utilities,12990.0,CLP,12990.0,Entel plan,,2023-07-01,2023-W26,2023-07,2023,Gastos fijos
2023-07-02 01:51:01+00:00,Main CLP 🇨🇱,Expense,Subscriptions,1900.0,CLP,1900.0,Apple icloud drive 200 Gb,,2023-07-02,2023-W26,2023-07,2023,Gastos fijos
2023-07-03 03:22:46+00:00,Main CLP 🇨🇱,Expense,Snacks & Coffee,42900.0,CLP,42900.0,Ginger beer gingaro x24,,2023-07-03,2023-W27,2023-07,2023,Chao culpa
2023-07-03 13:45:26+00:00,Main CLP 🇨🇱,Expense,Mortgage,613146.0,CLP,613146.0,,,2023-07-03,2023-W27,2023-07,2023,Pasivos
2023-07-03 19:06:08+00:00,Main CLP 🇨🇱,Expense,Shopping,110000.0,CLP,110000.0,Rack tv banco,,2023-07-03,2023-W27,2023-07,2023,Chao culpa
2023-07-04 00:14:23+00:00,Main CLP 🇨🇱,Expense,Shopping,12000.0,CLP,12000.0,Peluquero,,2023-07-04,2023-W27,2023-07,2023,Chao culpa
2023-07-04 00:14:32+00:00,Main CLP 🇨🇱,Expense,Snacks & Coffee,6600.0,CLP,6600.0,Pan la popukar,,2023-07-04,2023-W27,2023-07,2023,Chao culpa
2023-07-04 16:39:17+00:00,Main CLP 🇨🇱,Income,Extra Income,55000.0,CLP,55000.0,Arriwndo estacionamiento ,,2023-07-04,2023-W27,2023-07,2023,Otros
2023-07-07 02:17:39+00:00,Main CLP 🇨🇱,Expense,Gifts,8969.0,CLP,8969.0,Cafetera regalo vicho,,2023-07-07,2023-W27,2023-07,2023,Chao culpa
2023-07-08 14:16:44+00:00,Main CLP 🇨🇱,Expense,Groceries,6700.0,CLP,6700.0,,,2023-07-08,2023-W27,2023-07,2023,Gastos fijos
2023-07-08 14:19:06+00:00,Main CLP 🇨🇱,Expense,Snacks & Coffee,9240.0,CLP,9240.0,Fork,,2023-07-08,2023-W27,2023-07,2023,Chao culpa
2023-07-08 18:50:04+00:00,Main CLP 🇨🇱,Expense,Pharmacy ,21626.0,CLP,21626.0,,,2023-07-08,2023-W27,2023-07,2023,Gastos fijos
2023-07-08 23:40:41+00:00,Main CLP 🇨🇱,Expense,Snacks & Coffee,15960.0,CLP,15960.0,Helado y tot,,2023-07-08,2023-W27,2023-07,2023,Chao culpa
2023-07-08 23:57:26+00:00,Main CLP 🇨🇱,Expense,Restaurant,9600.0,CLP,9600.0,Burger King ,,2023-07-08,2023-W27,2023-07,2023,Chao culpa
2023-07-09 23:33:21+00:00,Main CLP 🇨🇱,Expense,Groceries,7656.0,CLP,7656.0,,,2023-07-09,2023-W27,2023-07,2023,Gastos fijos
2023-07-10 14:17:37+00:00,Main CLP 🇨🇱,Expense,Sport,49990.0,CLP,49990.0,classpass month plan 24 credits,,2023-07-10,2023-W28,2023-07,2023,Secundarios
2023-07-13 17:01:44+00:00,Main CLP 🇨🇱,Expense,Pharmacy ,52200.0,CLP,52200.0,Liga epilepsia adradix x2,,2023-07-13,2023-W28,2023-07,2023,Gastos fijos
2023-07-15 19:36:55+00:00,Main CLP 🇨🇱,Expense,Restaurant,11950.0,CLP,11950.0,Burger korean,,2023-07-15,2023-W28,2023-07,2023,Chao culpa
2023-07-15 19:37:14+00:00,Main CLP 🇨🇱,Expense,Gifts,125055.0,CLP,125055.0,Platzi a rod,,2023-07-15,2023-W28,2023-07,2023,Chao culpa
2023-07-15 19:37:34+00:00,Main CLP 🇨🇱,Expense,Education,125055.0,CLP,125055.0,Platzi 1 año,,2023-07-15,2023-W28,2023-07,2023,Secundarios
2023-07-15 19:52:16+00:00,Main CLP 🇨🇱,Expense,Shopping,6796.35715254,CLP,6796.0,Literatura infantil- zambra - kindle,books,2023-07-15,2023-W28,2023-07,2023,Chao culpa
2023-07-26 18:26:14+00:00,Main CLP 🇨🇱,Expense,Personal Care,30000.0,CLP,30000.0,Uña encarnada,,2023-07-26,2023-W30,2023-07,2023,Gastos fijos
2023-07-28 17:31:20+00:00,Main CLP 🇨🇱,Expense,Restaurant,26875.0,CLP,26875.0,Tacu tacu edgar carlos bernos,,2023-07-28,2023-W30,2023-07,2023,Chao culpa
2023-07-28 17:31:31+00:00,Main CLP 🇨🇱,Expense,Restaurant,16000.0,CLP,16000.0,Sushi didi,,2023-07-28,2023-W30,2023-07,2023,Chao culpa
2023-07-29 10:45:49+00:00,Main CLP 🇨🇱,Expense,Other,14052.0,CLP,14052.0,Mantencion tarjeta santander,comision,2023-07-29,2023-W30,2023-07,2023,Gastos fijos
2023-08-01 16:00:10+00:00,Main CLP 🇨🇱,Income,Salary,1810000.0,CLP,1810000.0,Sueldo buda,,2023-08-01,2023-W31,2023-08,2023,Otros
2023-08-01 18:28:17+00:00,Main CLP 🇨🇱,Expense,Snacks & Coffee,12500.0,CLP,12500.0,Pan merced sawa sawa,,2023-08-01,2023-W31,2023-08,2023,Chao culpa
2023-08-01 18:36:12+00:00,Main CLP 🇨🇱,Income,Extra Income,55000.0,CLP,55000.0,Arriendo estacionamiento ,,2023-08-01,2023-W31,2023-08,2023,Otros
2023-08-01 18:58:37+00:00,Main CLP 🇨🇱,Income,Sale,70000.0,CLP,70000.0,Canon eos 40mm 2.8,,2023-08-01,2023-W31,2023-08,2023,Otros
2023-08-01 21:05:42+00:00,Main CLP 🇨🇱,Expense,Utilities,12990.0,CLP,12990.0,Entel plan,,2023-08-01,2023-W31,2023-08,2023,Gastos fijos
2023-08-02 01:51:01+00:00,Main CLP 🇨🇱,Expense,Subscriptions,1900.0,CLP,1900.0,Apple icloud drive 200 Gb,,2023-08-02,2023-W31,2023-08,2023,Gastos fijos
2023-08-02 16:12:56+00:00,Main CLP 🇨🇱,Expense,Snacks & Coffee,34320.0,CLP,34320.0,Ginger beer,,2023-08-02,2023-W31,2023-08,2023,Chao culpa
2023-08-05 20:28:49+00:00,Main CLP 🇨🇱,Expense,Restaurant,8500.0,CLP,8500.0,Juan maestro,,2023-08-05,2023-W31,2023-08,2023,Chao culpa
2023-08-05 20:41:41+00:00,Main CLP 🇨🇱,Expense,Snacks & Coffee,2474.0,CLP,2474.0,,,2023-08-05,2023-W31,2023-08,2023,Chao culpa
2023-08-08 00:32:16+00:00,Main CLP 🇨🇱,Expense,Restaurant,34700.0,CLP,34700.0,Cafe buenos aires invitada a hermanos,,2023-08-08,2023-W32,2023-08,2023,Chao culpa
2023-08-10 14:17:37+00:00,Main CLP 🇨🇱,Expense,Sport,29990.0,CLP,29990.0,classpass month plan 24 credits,,2023-08-10,2023-W32,2023-08,2023,Secundarios
2023-08-12 16:42:43+00:00,Main CLP 🇨🇱,Expense,Gifts,15940.0,CLP,15940.0,Mama cata y Laura,,2023-08-12,2023-W32,2023-08,2023,Chao culpa
2023-08-13 21:19:05+00:00,Main CLP 🇨🇱,Expense,Snacks & Coffee,4390.0,CLP,4390.0,Cafe buenos aires,,2023-08-13,2023-W32,2023-08,2023,Chao culpa
2023-08-13 21:19:21+00:00,Main CLP 🇨🇱,Expense,Subscriptions,990.0,CLP,990.0,La tercera mensual,,2023-08-13,2023-W32,2023-08,2023,Gastos fijos
2023-08-13 21:22:48+00:00,Main CLP 🇨🇱,Expense,Snacks & Coffee,1290.0,CLP,1290.0, Agguete,,2023-08-13,2023-W32,2023-08,2023,Chao culpa
2023-08-17 13:54:56+00:00,Main CLP 🇨🇱,Expense,Alcohol,25220.0,CLP,25220.0,Copete cata phd,,2023-08-17,2023-W33,2023-08,2023,Chao culpa
2023-08-17 20:12:41+00:00,Main CLP 🇨🇱,Expense,Snacks & Coffee,5990.0,CLP,5990.0,,,2023-08-17,2023-W33,2023-08,2023,Chao culpa
2023-08-18 13:05:38+00:00,Main CLP 🇨🇱,Expense,Activities,23600.0,CLP,23600.0,Cumple laura edu h cata cuto,,2023-08-18,2023-W33,2023-08,2023,Chao culpa
2023-08-20 21:47:32+00:00,Main CLP 🇨🇱,Expense,Gifts,70000.0,CLP,70000.0,Float chile cata infinity,,2023-08-20,2023-W33,2023-08,2023,Chao culpa
2023-08-21 23:08:10+00:00,Main CLP 🇨🇱,Expense,Snacks & Coffee,7100.0,CLP,7100.0,,,2023-08-21,2023-W34,2023-08,2023,Chao culpa
2023-08-25 18:23:31+00:00,Main CLP 🇨🇱,Expense,Snacks & Coffee,5400.0,CLP,5400.0,,,2023-08-25,2023-W34,2023-08,2023,Chao culpa
2023-08-25 22:21:32+00:00,Main CLP 🇨🇱,Expense,Shopping,13580.0,CLP,13580.0,Guitar nylon y wall,,2023-08-25,2023-W34,2023-08,2023,Chao culpa
2023-08-27 21:58:27+00:00,Main CLP 🇨🇱,Expense,Shopping,15815.0,CLP,15815.0,Mirko makari señor director ,books,2023-08-27,2023-W34,2023-08,2023,Chao culpa
2023-08-27 21:59:26+00:00,Main CLP 🇨🇱,Expense,Restaurant,51935.0,CLP,51935.0,Verde sazon - invitada Cata,,2023-08-27,2023-W34,2023-08,2023,Chao culpa
2023-08-29 10:45:49+00:00,Main CLP 🇨🇱,Expense,Other,14052.0,CLP,14052.0,Mantencion tarjeta santander,comision,2023-08-29,2023-W35,2023-08,2023,Gastos fijos
2023-08-29 15:01:25+00:00,Main CLP 🇨🇱,Expense,Transport,8323.0,CLP,8323.0,Ida vuelta rosario,,2023-08-29,2023-W35,2023-08,2023,Gastos fijos
2023-08-30 23:06:54+00:00,Main CLP 🇨🇱,Expense,Groceries,8527.0,CLP,8527.0,,verduleria,2023-08-30,2023-W35,2023-08,2023,Gastos fijos
2023-08-30 23:10:30+00:00,Main CLP 🇨🇱,Expense,Groceries,2990.0,CLP,2990.0,Pan fork,,2023-08-30,2023-W35,2023-08,2023,Gastos fijos
2023-08-31 20:16:30+00:00,Main CLP 🇨🇱,Expense,Restaurant,12528.0,CLP,12528.0,Pizza domani con afro,,2023-08-31,2023-W35,2023-08,2023,Chao culpa
2023-09-01 02:41:51+00:00,Main CLP 🇨🇱,Expense,Shopping,50000.0,CLP,50000.0,Soundbar soundcore mink,,2023-09-01,2023-W35,2023-09,2023,Chao culpa
2023-09-01 16:00:10+00:00,Main CLP 🇨🇱,Income,Salary,1810000.0,CLP,1810000.0,Sueldo buda,,2023-09-01,2023-W35,2023-09,2023,Otros
2023-09-01 18:36:12+00:00,Main CLP 🇨🇱,Income,Extra Income,55000.0,CLP,55000.0,Arriendo estacionamiento ,,2023-09-01,2023-W35,2023-09,2023,Otros
2023-09-01 21:05:42+00:00,Main CLP 🇨🇱,Expense,Utilities,10990.0,CLP,10990.0,Entel plan,,2023-09-01,2023-W35,2023-09,2023,Gastos fijos
2023-09-01 23:46:08+00:00,Main CLP 🇨🇱,Expense,Shopping,25000.0,CLP,25000.0,Polera Alvaro henriqueZ,,2023-09-01,2023-W35,2023-09,2023,Chao culpa
2023-09-02 01:51:01+00:00,Main CLP 🇨🇱,Expense,Subscriptions,1900.0,CLP,1900.0,Apple icloud drive 200 Gb,,2023-09-02,2023-W35,2023-09,2023,Gastos fijos
2023-09-02 01:54:30+00:00,Main CLP 🇨🇱,Expense,Restaurant,23400.0,CLP,23400.0,,,2023-09-02,2023-W35,2023-09,2023,Chao culpa
2023-09-05 02:55:58+00:00,Main CLP 🇨🇱,Expense,Flights,1065581.0,CLP,1065581.0,Pasaje latam scl madrid vuelta flex,,2023-09-05,2023-W36,2023-09,2023,Otros
2023-09-05 02:56:39+00:00,Main CLP 🇨🇱,Expense,Flights,505053.0,CLP,505053.0,Pasaje mad cok,,2023-09-05,2023-W36,2023-09,2023,Otros
2023-09-05 22:19:06+00:00,Main CLP 🇨🇱,Expense,Groceries,23885.0,CLP,23885.0,,,2023-09-05,2023-W36,2023-09,2023,Gastos fijos
2023-09-05 22:19:20+00:00,Main CLP 🇨🇱,Expense,Snacks & Coffee,8400.0,CLP,8400.0,Pan merced dieter pan,,2023-09-05,2023-W36,2023-09,2023,Chao culpa
2023-09-07 17:19:41+00:00,Main CLP 🇨🇱,Expense,Groceries,3000.0,CLP,3000.0,,verduleria,2023-09-07,2023-W36,2023-09,2023,Gastos fijos
2023-09-07 17:43:12+00:00,Main CLP 🇨🇱,Expense,Shopping,7432.0,CLP,7432.0,Mica iphone,,2023-09-07,2023-W36,2023-09,2023,Chao culpa
2023-09-08 12:39:05+00:00,Main CLP 🇨🇱,Expense,Tax,149663.0,CLP,149663.0,Contribuciones iii trimestre depto t estacionamiento ,,2023-09-08,2023-W36,2023-09,2023,Gastos fijos
2023-09-09 14:42:40+00:00,Main CLP 🇨🇱,Expense,Transport,1962.0,CLP,1962.0,,,2023-09-09,2023-W36,2023-09,2023,Gastos fijos
2023-09-09 14:43:16+00:00,Main CLP 🇨🇱,Income,Extra Income,1599142.85942,CLP,1599143.0,Aporte mama para deudas,,2023-09-09,2023-W36,2023-09,2023,Otros
2023-09-09 16:59:38+00:00,Main CLP 🇨🇱,Expense,Pharmacy ,7328.0,CLP,7328.0,Betaloc y cremas,,2023-09-09,2023-W36,2023-09,2023,Gastos fijos
2023-09-09 18:28:17+00:00,Main CLP 🇨🇱,Expense,Flights,78790.0,CLP,78790.0,Seguro viaje mad kochi,,2023-09-09,2023-W36,2023-09,2023,Otros
2023-09-09 19:39:48+00:00,Main CLP 🇨🇱,Expense,Snacks & Coffee,4500.0,CLP,4500.0,Gomitas,,2023-09-09,2023-W36,2023-09,2023,Chao culpa
2023-09-10 13:17:37+00:00,Main CLP 🇨🇱,Expense,Sport,49990.0,CLP,49990.0,classpass month plan 24 credits,,2023-09-10,2023-W36,2023-09,2023,Secundarios
2023-09-13 03:28:32+00:00,Main CLP 🇨🇱,Expense,Subscriptions,13990.0,CLP,13990.0,,,2023-09-13,2023-W37,2023-09,2023,Gastos fijos
2023-09-13 22:13:47+00:00,Main CLP 🇨🇱,Expense,Snacks & Coffee,4840.0,CLP,4840.0,Oggi,,2023-09-13,2023-W37,2023-09,2023,Chao culpa
2023-09-16 01:45:07+00:00,Main CLP 🇨🇱,Expense,Subscriptions,5990.0,CLP,5990.0,Mercadolibre starplus,,2023-09-16,2023-W37,2023-09,2023,Gastos fijos
2023-09-17 22:07:55+00:00,Main CLP 🇨🇱,Expense,Snacks & Coffee,4000.0,CLP,4000.0,,,2023-09-17,2023-W37,2023-09,2023,Chao culpa
2023-09-24 22:02:49+00:00,Main CLP 🇨🇱,Expense,Activities,27773.0,CLP,27773.0,Ladera sur fest noviembre ,,2023-09-24,2023-W38,2023-09,2023,Chao culpa
2023-09-24 23:45:57+00:00,Main CLP 🇨🇱,Expense,Gifts,14390.0,CLP,14390.0,Chicolates bicto,,2023-09-24,2023-W38,2023-09,2023,Chao culpa
2023-09-25 23:00:11+00:00,Main CLP 🇨🇱,Expense,Restaurant,15000.0,CLP,15000.0,Aushi palalo,,2023-09-25,2023-W39,2023-09,2023,Chao culpa
2023-09-27 16:15:54+00:00,Main CLP 🇨🇱,Expense,Subscriptions,21900.0,CLP,21900.0,Tinder un mea,,2023-09-27,2023-W39,2023-09,2023,Gastos fijos
2023-09-28 03:09:53+00:00,Main CLP 🇨🇱,Expense,Transport,4795.0,CLP,4795.0,,taxi,2023-09-28,2023-W39,2023-09,2023,Gastos fijos
2023-09-28 18:15:51+00:00,Main CLP 🇨🇱,Expense,Maintenance ,11000.0,CLP,11000.0,Bici frenos,,2023-09-28,2023-W39,2023-09,2023,Gastos fijos
2023-09-28 18:16:09+00:00,Main CLP 🇨🇱,Expense,Acommodation,30000.0,CLP,30000.0,Lavves copias 6 multipunto ,,2023-09-28,2023-W39,2023-09,2023,Gastos fijos
2023-09-29 10:45:49+00:00,Main CLP 🇨🇱,Expense,Other,14052.0,CLP,14052.0,Mantencion tarjeta santander,comision,2023-09-29,2023-W39,2023-09,2023,Gastos fijos
2023-10-01 15:00:10+00:00,Main CLP 🇨🇱,Income,Salary,1810000.0,CLP,1810000.0,Sueldo buda,,2023-10-01,2023-W39,2023-10,2023,Otros
2023-10-01 17:36:12+00:00,Main CLP 🇨🇱,Income,Extra Income,55000.0,CLP,55000.0,Arriendo estacionamiento ,,2023-10-01,2023-W39,2023-10,2023,Otros
2023-10-01 20:05:42+00:00,Main CLP 🇨🇱,Expense,Utilities,10990.0,CLP,10990.0,Entel plan,,2023-10-01,2023-W39,2023-10,2023,Gastos fijos
2023-10-02 00:51:01+00:00,Main CLP 🇨🇱,Expense,Subscriptions,1900.0,CLP,1900.0,Apple icloud drive 200 Gb,,2023-10-02,2023-W40,2023-10,2023,Gastos fijos
2023-10-02 13:15:10+00:00,Main CLP 🇨🇱,Expense,Alcohol,14000.0,CLP,14000.0,Maria mallen,,2023-10-02,2023-W40,2023-10,2023,Chao culpa
2023-10-02 13:48:20+00:00,Main CLP 🇨🇱,Expense,Subscriptions,72900.0,CLP,72900.0,Meditarion app ten percent,,2023-10-02,2023-W40,2023-10,2023,Gastos fijos
2023-10-02 22:30:47+00:00,Main CLP 🇨🇱,Expense,Snacks & Coffee,3900.0,CLP,3900.0,,,2023-10-02,2023-W40,2023-10,2023,Chao culpa
2023-10-05 19:39:18+00:00,Main CLP 🇨🇱,Expense,Shopping,11993.57144565,CLP,11994.0,Real self care,books,2023-10-05,2023-W40,2023-10,2023,Chao culpa
2023-10-05 21:24:30+00:00,Main CLP 🇨🇱,Expense,Groceries,9540.0,CLP,9540.0,,,2023-10-05,2023-W40,2023-10,2023,Gastos fijos
2023-10-05 21:25:03+00:00,Main CLP 🇨🇱,Expense,Groceries,3000.0,CLP,3000.0,,verduleria,2023-10-05,2023-W40,2023-10,2023,Gastos fijos
2023-10-05 22:25:16+00:00,Main CLP 🇨🇱,Expense,Activities,22800.0,CLP,22800.0,Bierfest festival,,2023-10-05,2023-W40,2023-10,2023,Chao culpa
2023-10-06 20:26:01+00:00,Main CLP 🇨🇱,Expense,Sport,46000.0,CLP,46000.0,Nado libre x5,,2023-10-06,2023-W40,2023-10,2023,Secundarios
2023-10-07 12:10:22+00:00,Main CLP 🇨🇱,Expense,Restaurant,7800.0,CLP,7800.0,Pizza la popular,,2023-10-07,2023-W40,2023-10,2023,Chao culpa
2023-10-07 20:58:15+00:00,Main CLP 🇨🇱,Expense,Transport,3500.0,CLP,3500.0,,,2023-10-07,2023-W40,2023-10,2023,Gastos fijos
2023-10-07 23:16:11+00:00,Main CLP 🇨🇱,Expense,Snacks & Coffee,5000.0,CLP,5000.0,Tuli oanko,,2023-10-07,2023-W40,2023-10,2023,Chao culpa
2023-10-07 23:16:25+00:00,Main CLP 🇨🇱,Expense,Alcohol,10000.0,CLP,10000.0,Bier fest ,,2023-10-07,2023-W40,2023-10,2023,Chao culpa
2023-10-09 03:33:36+00:00,Main CLP 🇨🇱,Expense,Shopping,23820.0,CLP,23820.0,Espejo,,2023-10-09,2023-W41,2023-10,2023,Chao culpa
2023-10-10 13:17:37+00:00,Main CLP 🇨🇱,Expense,Sport,49990.0,CLP,49990.0,classpass month plan 24 credits,,2023-10-10,2023-W41,2023-10,2023,Secundarios
2023-10-11 21:59:43+00:00,Main CLP 🇨🇱,Expense,Healthcare,109400.0,CLP,109400.0,Dentista- limpieza y fluor,,2023-10-11,2023-W41,2023-10,2023,Gastos fijos
2023-10-13 14:16:36+00:00,Main CLP 🇨🇱,Expense,Healthcare,1668.0,CLP,1668.0,Traumatologo santa maria - piña,,2023-10-13,2023-W41,2023-10,2023,Gastos fijos
2023-10-13 16:08:50+00:00,Main CLP 🇨🇱,Expense,Restaurant,17270.0,CLP,17270.0,Kika - kaiser plato,,2023-10-13,2023-W41,2023-10,2023,Chao culpa
2023-10-13 21:51:01+00:00,Main CLP 🇨🇱,Expense,Healthcare,8500.0,CLP,8500.0,Resonancia magnética íntegra médica ,,2023-10-13,2023-W41,2023-10,2023,Gastos fijos
2023-10-19 01:16:32+00:00,Main CLP 🇨🇱,Expense,Groceries,45365.0,CLP,45365.0,Lider,,2023-10-19,2023-W42,2023-10,2023,Gastos fijos
2023-10-21 16:05:58+00:00,Main CLP 🇨🇱,Expense,Activities,6700.0,CLP,6700.0,Openheimer ,,2023-10-21,2023-W42,2023-10,2023,Chao culpa
2023-10-21 16:29:48+00:00,Main CLP 🇨🇱,Expense,Restaurant,9950.0,CLP,9950.0,La lucha sanguceroa,,2023-10-21,2023-W42,2023-10,2023,Chao culpa
2023-10-21 20:03:31+00:00,Main CLP 🇨🇱,Expense,Snacks & Coffee,2400.0,CLP,2400.0,,,2023-10-21,2023-W42,2023-10,2023,Chao culpa
2023-10-22 00:27:56+00:00,Main CLP 🇨🇱,Expense,Snacks & Coffee,2550.0,CLP,2550.0,,,2023-10-22,2023-W42,2023-10,2023,Chao culpa
2023-10-23 22:56:45+00:00,Main CLP 🇨🇱,Expense,Snacks & Coffee,5500.0,CLP,5500.0,Papas,,2023-10-23,2023-W43,2023-10,2023,Chao culpa
2023-10-23 23:17:46+00:00,Main CLP 🇨🇱,Expense,Personal Care,15000.0,CLP,15000.0,Corte pelo barberia fresh,,2023-10-23,2023-W43,2023-10,2023,Gastos fijos
2023-10-23 23:17:59+00:00,Main CLP 🇨🇱,Expense,Shopping,12000.0,CLP,12000.0,Cera base agua fresh,,2023-10-23,2023-W43,2023-10,2023,Chao culpa
2023-10-26 22:29:34+00:00,Main CLP 🇨🇱,Expense,Pharmacy ,4000.0,CLP,4000.0,Seronex sertralina,,2023-10-26,2023-W43,2023-10,2023,Gastos fijos
2023-10-26 22:30:01+00:00,Main CLP 🇨🇱,Expense,Pharmacy ,20000.0,CLP,20000.0,"Bloqueador, enguaje, interdental",,2023-10-26,2023-W43,2023-10,2023,Gastos fijos
2023-10-28 19:43:39+00:00,Main CLP 🇨🇱,Expense,Groceries,7300.0,CLP,7300.0,Pan masa madre 4300 y crossana,,2023-10-28,2023-W43,2023-10,2023,Gastos fijos
2023-10-29 10:45:49+00:00,Main CLP 🇨🇱,Expense,Other,14052.0,CLP,14052.0,Mantencion tarjeta santander,comision,2023-10-29,2023-W43,2023-10,2023,Gastos fijos
2023-10-29 19:42:43+00:00,Main CLP 🇨🇱,Expense,Transport,5700.0,CLP,5700.0,Paaje condor perdido,,2023-10-29,2023-W43,2023-10,2023,Gastos fijos
2023-10-29 19:42:59+00:00,Main CLP 🇨🇱,Expense,Transport,7500.0,CLP,7500.0,Pasaja valparaiso,,2023-10-29,2023-W43,2023-10,2023,Gastos fijos
2023-10-31 15:07:13+00:00,Main CLP 🇨🇱,Expense,Shopping,474500.0,CLP,474500.0,Muebles prenap Cata,,2023-10-31,2023-W44,2023-10,2023,Chao culpa
2023-10-31 19:11:35+00:00,Main CLP 🇨🇱,Expense,Sport,28500.0,CLP,28500.0,Betterme un mes,,2023-10-31,2023-W44,2023-10,2023,Secundarios
2023-11-01 15:00:10+00:00,Main CLP 🇨🇱,Income,Salary,1810000.0,CLP,1810000.0,Sueldo buda,,2023-11-01,2023-W44,2023-11,2023,Otros
2023-11-01 17:36:12+00:00,Main CLP 🇨🇱,Income,Extra Income,55000.0,CLP,55000.0,Arriendo estacionamiento ,,2023-11-01,2023-W44,2023-11,2023,Otros
2023-11-01 20:05:42+00:00,Main CLP 🇨🇱,Expense,Utilities,10990.0,CLP,10990.0,Entel plan,,2023-11-01,2023-W44,2023-11,2023,Gastos fijos
2023-11-02 00:51:01+00:00,Main CLP 🇨🇱,Expense,Subscriptions,1900.0,CLP,1900.0,Apple icloud drive 200 Gb,,2023-11-02,2023-W44,2023-11,2023,Gastos fijos
2023-11-04 12:13:05+00:00,Main CLP 🇨🇱,Expense,Subscriptions,33000.0,CLP,33000.0,Freeletics 3 meses,,2023-11-04,2023-W44,2023-11,2023,Gastos fijos
2023-11-06 13:50:35+00:00,Main CLP 🇨🇱,Expense,Restaurant,4223.0,CLP,4223.0,Shawarma,,2023-11-06,2023-W45,2023-11,2023,Chao culpa
2023-11-07 18:37:00+00:00,Main CLP 🇨🇱,Expense,Subscriptions,34990.0,CLP,34990.0,Todoist anual,,2023-11-07,2023-W45,2023-11,2023,Gastos fijos
2023-11-08 23:16:28+00:00,Main CLP 🇨🇱,Expense,Pharmacy ,6900.0,CLP,6900.0,Bloqueador,,2023-11-08,2023-W45,2023-11,2023,Gastos fijos
2023-11-08 23:16:52+00:00,Main CLP 🇨🇱,Expense,Pharmacy ,7000.0,CLP,7000.0,Betaloc,,2023-11-08,2023-W45,2023-11,2023,Gastos fijos
2023-11-08 23:17:55+00:00,Main CLP 🇨🇱,Expense,Pharmacy ,4000.0,CLP,4000.0,Alexia,,2023-11-08,2023-W45,2023-11,2023,Gastos fijos
2023-11-08 23:25:33+00:00,Main CLP 🇨🇱,Expense,Groceries,8890.0,CLP,8890.0,,,2023-11-08,2023-W45,2023-11,2023,Gastos fijos
2023-11-10 17:34:43+00:00,Main CLP 🇨🇱,Expense,Shopping,161491.0,CLP,161491.0,Zapatillas adidas terrex free hiker,,2023-11-10,2023-W45,2023-11,2023,Chao culpa
2023-11-11 20:44:27+00:00,Main CLP 🇨🇱,Expense,Transport,4200.0,CLP,4200.0,,,2023-11-11,2023-W45,2023-11,2023,Gastos fijos
2023-11-12 18:09:56+00:00,Main CLP 🇨🇱,Expense,Alcohol,11000.0,CLP,11000.0,,,2023-11-12,2023-W45,2023-11,2023,Chao culpa
2023-11-12 18:10:07+00:00,Main CLP 🇨🇱,Expense,Alcohol,5500.0,CLP,5500.0,Mockdatils,,2023-11-12,2023-W45,2023-11,2023,Chao culpa
2023-11-12 18:24:29+00:00,Main CLP 🇨🇱,Expense,Transport,5000.0,CLP,5000.0,,,2023-11-12,2023-W45,2023-11,2023,Gastos fijos
2023-11-12 21:09:39+00:00,Main CLP 🇨🇱,Expense,Shopping,15990.0,CLP,15990.0,New pharma polvo mushroom,,2023-11-12,2023-W45,2023-11,2023,Chao culpa
2023-11-13 13:00:13+00:00,Main CLP 🇨🇱,Expense,Restaurant,11077.0,CLP,11077.0,Whopper,,2023-11-13,2023-W46,2023-11,2023,Chao culpa
2023-11-13 16:27:47+00:00,Main CLP 🇨🇱,Expense,Groceries,8490.0,CLP,8490.0,,verduleria,2023-11-13,2023-W46,2023-11,2023,Gastos fijos
2023-11-14 23:28:08+00:00,Main CLP 🇨🇱,Expense,Restaurant,18400.0,CLP,18400.0,,,2023-11-14,2023-W46,2023-11,2023,Chao culpa
2023-11-15 20:08:53+00:00,Main CLP 🇨🇱,Expense,Groceries,23540.0,CLP,23540.0,,,2023-11-15,2023-W46,2023-11,2023,Gastos fijos
2023-11-16 20:36:21+00:00,Main CLP 🇨🇱,Expense,Activities,23000.0,CLP,23000.0,Bloque depresivo concierto ,,2023-11-16,2023-W46,2023-11,2023,Chao culpa
2023-11-20 04:34:19+00:00,Main CLP 🇨🇱,Expense,Subscriptions,240000.0,CLP,240000.0,evernote,,2023-11-20,2023-W47,2023-11,2023,Gastos fijos
2023-11-21 15:30:10+00:00,Main CLP 🇨🇱,Expense,Groceries,13670.0,CLP,13670.0,Frutos secos,,2023-11-21,2023-W47,2023-11,2023,Gastos fijos
2023-11-21 15:30:27+00:00,Main CLP 🇨🇱,Expense,Gifts,20000.0,CLP,20000.0,Dieter - libro andrea wulf,,2023-11-21,2023-W47,2023-11,2023,Chao culpa
2023-11-23 00:41:15+00:00,Main CLP 🇨🇱,Expense,Shopping,20000.0,CLP,20000.0,Libro  somos mas x2 sofia,,2023-11-23,2023-W47,2023-11,2023,Chao culpa
2023-11-23 19:28:05+00:00,Main CLP 🇨🇱,Expense,Restaurant,20369.0,CLP,20369.0,Pizzas zero Buda ,,2023-11-23,2023-W47,2023-11,2023,Chao culpa
2023-11-24 12:13:52+00:00,Main CLP 🇨🇱,Expense,Mortgage,149663.0,CLP,149663.0,Contribuciones cuarta,,2023-11-24,2023-W47,2023-11,2023,Pasivos
2023-11-24 12:14:10+00:00,Main CLP 🇨🇱,Expense,Healthcare,75000.0,CLP,75000.0,Psiquiatra jose luis garay,,2023-11-24,2023-W47,2023-11,2023,Gastos fijos
2023-11-25 17:13:10+00:00,Main CLP 🇨🇱,Expense,Groceries,14189.0,CLP,14189.0,,,2023-11-25,2023-W47,2023-11,2023,Gastos fijos
2023-11-26 15:25:34+00:00,Main CLP 🇨🇱,Expense,Groceries,16500.0,CLP,16500.0,,verduleria,2023-11-26,2023-W47,2023-11,2023,Gastos fijos
2023-11-26 15:25:45+00:00,Main CLP 🇨🇱,Expense,Pharmacy ,10000.0,CLP,10000.0,,,2023-11-26,2023-W47,2023-11,2023,Gastos fijos
2023-11-26 16:11:19+00:00,Main CLP 🇨🇱,Expense,Shopping,23990.0,CLP,23990.0,Short wild lama,,2023-11-26,2023-W47,2023-11,2023,Chao culpa
2023-11-27 11:18:03+00:00,Main CLP 🇨🇱,Expense,Transport,13000.0,CLP,13000.0,,,2023-11-27,2023-W48,2023-11,2023,Gastos fijos
2023-11-28 02:27:44+00:00,Main CLP 🇨🇱,Expense,Restaurant,28000.0,CLP,28000.0,Galpon italia,,2023-11-28,2023-W48,2023-11,2023,Chao culpa
2023-11-29 10:45:49+00:00,Main CLP 🇨🇱,Expense,Other,14052.0,CLP,14052.0,Mantencion tarjeta santander,comision,2023-11-29,2023-W48,2023-11,2023,Gastos fijos
2023-11-29 21:54:21+00:00,Main CLP 🇨🇱,Expense,Flights,95948.5715652,CLP,95949.0,Oman visa,,2023-11-29,2023-W48,2023-11,2023,Otros
2023-11-29 21:54:39+00:00,Main CLP 🇨🇱,Expense,Flights,31982.8571884,CLP,31983.0,India visa 1 year,,2023-11-29,2023-W48,2023-11,2023,Otros
2023-12-01 15:00:10+00:00,Main CLP 🇨🇱,Income,Salary,1810000.0,CLP,1810000.0,Sueldo buda,,2023-12-01,2023-W48,2023-12,2023,Otros
2023-12-01 17:36:12+00:00,Main CLP 🇨🇱,Income,Extra Income,55000.0,CLP,55000.0,Arriendo estacionamiento ,,2023-12-01,2023-W48,2023-12,2023,Otros
2023-12-01 20:05:42+00:00,Main CLP 🇨🇱,Expense,Utilities,10990.0,CLP,10990.0,Entel plan,,2023-12-01,2023-W48,2023-12,2023,Gastos fijos
2023-12-01 22:06:33+00:00,Main CLP 🇨🇱,Expense,Restaurant,22483.0,CLP,22483.0,Uncle fleth afro,,2023-12-01,2023-W48,2023-12,2023,Chao culpa
2023-12-02 00:51:01+00:00,Main CLP 🇨🇱,Expense,Subscriptions,1900.0,CLP,1900.0,Apple icloud drive 200 Gb,,2023-12-02,2023-W48,2023-12,2023,Gastos fijos
2023-12-02 16:47:01+00:00,Main CLP 🇨🇱,Expense,Pharmacy ,4625.0,CLP,4625.0,Seronex 1 mes,,2023-12-02,2023-W48,2023-12,2023,Gastos fijos
2023-12-04 01:11:56+00:00,Main CLP 🇨🇱,Expense,Shopping,11993.57144565,CLP,11994.0,Libro autocuidado,,2023-12-04,2023-W49,2023-12,2023,Chao culpa
2023-12-06 17:31:13+00:00,Main CLP 🇨🇱,Expense,Mortgage,185922.0,CLP,185922.0,,gastos-comunes,2023-12-06,2023-W49,2023-12,2023,Pasivos
2023-12-06 21:15:14+00:00,Main CLP 🇨🇱,Expense,Utilities,45151.0,CLP,45151.0,"Servipag. Gas, luz internet entel",,2023-12-06,2023-W49,2023-12,2023,Gastos fijos
2023-12-07 12:16:31+00:00,Main CLP 🇨🇱,Expense,Groceries,3500.0,CLP,3500.0,,,2023-12-07,2023-W49,2023-12,2023,Gastos fijos
2023-12-07 13:48:27+00:00,Main CLP 🇨🇱,Expense,Sport,38000.0,CLP,38000.0,Nado libre,,2023-12-07,2023-W49,2023-12,2023,Secundarios
2023-12-11 12:04:38+00:00,Main CLP 🇨🇱,Expense,Groceries,32460.0,CLP,32460.0,,,2023-12-11,2023-W50,2023-12,2023,Gastos fijos
2023-12-11 12:04:54+00:00,Main CLP 🇨🇱,Expense,Shopping,50000.0,CLP,50000.0,Decathlon shorts,,2023-12-11,2023-W50,2023-12,2023,Chao culpa
2023-12-14 02:24:40+00:00,Main CLP 🇨🇱,Expense,Restaurant,9800.0,CLP,9800.0,,,2023-12-14,2023-W50,2023-12,2023,Chao culpa
2023-12-20 19:56:53+00:00,Main CLP 🇨🇱,Expense,Restaurant,13363.0,CLP,13363.0,Huerto,,2023-12-20,2023-W51,2023-12,2023,Chao culpa
2023-12-22 03:02:44+00:00,Main CLP 🇨🇱,Expense,Healthcare,314760.0,CLP,314760.0,Seguro bice vida internacional 3 meses,,2023-12-22,2023-W51,2023-12,2023,Gastos fijos
2023-12-24 16:35:23+00:00,Main CLP 🇨🇱,Expense,Shopping,13850.0,CLP,13850.0,A. Vespucio Sur 1790 | Las Condes,compras-valiosas,2023-12-24,2023-W51,2023-12,2023,Chao culpa
2023-12-24 16:36:37+00:00,Main CLP 🇨🇱,Expense,Groceries,13850.0,CLP,13850.0,,,2023-12-24,2023-W51,2023-12,2023,Gastos fijos
2023-12-28 05:31:57+00:00,Main CLP 🇨🇱,Expense,Subscriptions,45575.57149347,CLP,45576.0,Obsidian sync year student,,2023-12-28,2023-W52,2023-12,2023,Gastos fijos
2023-12-29 10:45:49+00:00,Main CLP 🇨🇱,Expense,Other,14052.0,CLP,14052.0,Mantencion tarjeta santander,comision,2023-12-29,2023-W52,2023-12,2023,Gastos fijos
2024-01-01 20:05:42+00:00,Main CLP 🇨🇱,Expense,Utilities,15000.0,CLP,15000.0,Entel plan anular 6 meses,,2024-01-01,2024-W01,2024-01,2024,Gastos fijos
2024-01-02 00:51:01+00:00,Main CLP 🇨🇱,Expense,Subscriptions,1900.0,CLP,1900.0,Apple icloud drive 200 Gb,,2024-01-02,2024-W01,2024-01,2024,Gastos fijos
2024-01-03 14:25:32+00:00,Main CLP 🇨🇱,Expense,Subscriptions,47854.35006814,CLP,47854.0,1 password annual,,2024-01-03,2024-W01,2024-01,2024,Gastos fijos
2024-01-04 11:10:20+00:00,Main CLP 🇨🇱,Income,Rental Apartment,1030334.0,CLP,1030334.0,,,2024-01-04,2024-W01,2024-01,2024,Pasivos
2024-01-04 20:55:02+00:00,Main CLP 🇨🇱,Expense,Insurance,150000.0,CLP,150000.0,colmena diciembre 2023,,2024-01-04,2024-W01,2024-01,2024,Gastos fijos
2024-01-05 02:57:51+00:00,Main CLP 🇨🇱,Expense,Mortgage,625189.0,CLP,625189.0,,,2024-01-05,2024-W01,2024-01,2024,Pasivos
2024-01-07 15:37:30+00:00,Main CLP 🇨🇱,Expense,Maintenance ,40000.0,CLP,40000.0,Gasfiter Juan revisar Calefont y cambio llaves cocina,,2024-01-07,2024-W01,2024-01,2024,Gastos fijos
2024-01-08 13:37:25+00:00,Main CLP 🇨🇱,Expense,Subscriptions,55458.27436469,CLP,55458.0,Nord VPN 2 years ,,2024-01-08,2024-W02,2024-01,2024,Gastos fijos
2024-01-11 15:18:44+00:00,Main CLP 🇨🇱,Expense,Acommodation,190382.0,CLP,190382.0,,gastos-comunes,2024-01-11,2024-W02,2024-01,2024,Gastos fijos
2024-01-29 10:45:49+00:00,Main CLP 🇨🇱,Expense,Other,14052.0,CLP,14052.0,Mantencion tarjeta santander,comision,2024-01-29,2024-W05,2024-01,2024,Gastos fijos
2024-02-01 15:00:10+00:00,Main CLP 🇨🇱,Income,Salary,1810000.0,CLP,1810000.0,Sueldo buda,,2024-02-01,2024-W05,2024-02,2024,Otros
2024-02-01 17:36:12+00:00,Main CLP 🇨🇱,Income,Extra Income,55000.0,CLP,55000.0,Arriendo estacionamiento ,,2024-02-01,2024-W05,2024-02,2024,Otros
2024-02-01 20:05:42+00:00,Main CLP 🇨🇱,Expense,Utilities,10990.0,CLP,10990.0,Entel plan,,2024-02-01,2024-W05,2024-02,2024,Gastos fijos
2024-02-02 00:51:01+00:00,Main CLP 🇨🇱,Expense,Subscriptions,1900.0,CLP,1900.0,Apple icloud drive 200 Gb,,2024-02-02,2024-W05,2024-02,2024,Gastos fijos
2024-02-04 11:10:55+00:00,Main CLP 🇨🇱,Income,Rental Apartment,1028359.0,CLP,1028359.0,,,2024-02-04,2024-W05,2024-02,2024,Pasivos
2024-02-05 02:56:46+00:00,Main CLP 🇨🇱,Expense,Mortgage,623735.0,CLP,623735.0,,,2024-02-05,2024-W06,2024-02,2024,Pasivos
2024-02-05 16:16:59+00:00,Main CLP 🇨🇱,Expense,Shopping,50000.0,CLP,50000.0,iphone 14 pro upgrade,,2024-02-05,2024-W06,2024-02,2024,Chao culpa
2024-02-05 16:20:33+00:00,Main CLP 🇨🇱,Expense,Education,159914.285942,CLP,159914.0,paul davids acoustic adventure,,2024-02-05,2024-W06,2024-02,2024,Secundarios
2024-02-06 16:05:32+00:00,Main CLP 🇨🇱,Expense,Gifts,30000.0,CLP,30000.0,donacion incendio levantemos chile,,2024-02-06,2024-W06,2024-02,2024,Chao culpa
2024-02-06 20:55:18+00:00,Main CLP 🇨🇱,Expense,Insurance,150000.0,CLP,150000.0,,,2024-02-06,2024-W06,2024-02,2024,Gastos fijos
2024-02-07 14:38:20+00:00,Main CLP 🇨🇱,Expense,Subscriptions,21000.0,CLP,21000.0,El pais anual,,2024-02-07,2024-W06,2024-02,2024,Gastos fijos
2024-02-10 13:17:37+00:00,Main CLP 🇨🇱,Expense,Sport,49990.0,CLP,49990.0,classpass month plan 24 credits,,2024-02-10,2024-W06,2024-02,2024,Secundarios
2024-02-14 14:26:18+00:00,Main CLP 🇨🇱,Expense,Subscriptions,223880.0003188,CLP,223880.0,pcloud 2 tb lifetime ,,2024-02-14,2024-W07,2024-02,2024,Gastos fijos
2024-02-26 13:00:59+00:00,Main CLP 🇨🇱,Expense,Other,11993.57144565,CLP,11994.0,photo conest,,2024-02-26,2024-W09,2024-02,2024,Gastos fijos
2024-02-28 09:13:57+00:00,Main CLP 🇨🇱,Expense,Subscriptions,9990.0,CLP,9990.0,Tonally music app chird,,2024-02-28,2024-W09,2024-02,2024,Gastos fijos
2024-02-29 10:45:49+00:00,Main CLP 🇨🇱,Expense,Other,14052.0,CLP,14052.0,Mantencion tarjeta santander,comision,2024-02-29,2024-W09,2024-02,2024,Gastos fijos
2024-03-02 00:51:01+00:00,Main CLP 🇨🇱,Expense,Subscriptions,1900.0,CLP,1900.0,Apple icloud drive 200 Gb,,2024-03-02,2024-W09,2024-03,2024,Gastos fijos
2024-03-04 11:12:02+00:00,Main CLP 🇨🇱,Income,Rental Apartment,1032727.0,CLP,1032727.0,,,2024-03-04,2024-W10,2024-03,2024,Pasivos
2024-03-05 02:54:53+00:00,Main CLP 🇨🇱,Expense,Mortgage,626772.0,CLP,626772.0,,,2024-03-05,2024-W10,2024-03,2024,Pasivos
2024-03-05 20:55:42+00:00,Main CLP 🇨🇱,Expense,Insurance,150000.0,CLP,150000.0,,,2024-03-05,2024-W10,2024-03,2024,Gastos fijos
2024-03-06 01:51:00+00:00,Main CLP 🇨🇱,Expense,Subscriptions,3990.0,CLP,3990.0,tonally extra scales,,2024-03-06,2024-W10,2024-03,2024,Gastos fijos
2024-03-06 01:51:15+00:00,Main CLP 🇨🇱,Expense,Subscriptions,34990.0,CLP,34990.0,asana rebel yoga 1 year,,2024-03-06,2024-W10,2024-03,2024,Gastos fijos
2024-03-06 16:32:19+00:00,Main CLP 🇨🇱,Expense,Healthcare,152761.0,CLP,152761.0,,,2024-03-06,2024-W10,2024-03,2024,Gastos fijos
2024-03-11 11:50:08+00:00,Main CLP 🇨🇱,Expense,Other,10394.42858623,CLP,10394.0,photo contest mobile,,2024-03-11,2024-W11,2024-03,2024,Gastos fijos
2024-03-12 08:02:15+00:00,Main CLP 🇨🇱,Expense,Education,60000.0,CLP,60000.0,Clases Matias Macan x3,,2024-03-12,2024-W11,2024-03,2024,Secundarios
2024-03-22 03:36:43+00:00,Main CLP 🇨🇱,Expense,Shopping,956065.5678,CLP,956066.0,Tamron telephoto lens,,2024-03-22,2024-W12,2024-03,2024,Chao culpa
2024-03-23 07:19:18+00:00,Main CLP 🇨🇱,Expense,Education,111940.0001594,CLP,111940.0,Yogic Studies Intro Yoga History Course,,2024-03-23,2024-W12,2024-03,2024,Secundarios
2024-03-27 10:34:15+00:00,Main CLP 🇨🇱,Expense,Education,108741.71444056,CLP,108742.0,Master of photography course mcCurry,,2024-03-27,2024-W13,2024-03,2024,Secundarios
2024-03-27 14:05:20+00:00,Main CLP 🇨🇱,Expense,Education,295000.0,CLP,295000.0,Mentoria Tamara Merino 3 sesiones,,2024-03-27,2024-W13,2024-03,2024,Secundarios
2024-03-29 10:45:49+00:00,Main CLP 🇨🇱,Expense,Other,14052.0,CLP,14052.0,Mantencion tarjeta santander,comision,2024-03-29,2024-W13,2024-03,2024,Gastos fijos
2024-04-02 00:51:01+00:00,Main CLP 🇨🇱,Expense,Subscriptions,1900.0,CLP,1900.0,Apple icloud drive 200 Gb,,2024-04-02,2024-W14,2024-04,2024,Gastos fijos
2024-04-04 10:12:55+00:00,Main CLP 🇨🇱,Income,Rental Apartment,1038819.0,CLP,1038819.0,,,2024-04-04,2024-W14,2024-04,2024,Pasivos
2024-04-05 02:53:39+00:00,Main CLP 🇨🇱,Expense,Mortgage,630524.0,CLP,630524.0,,,2024-04-05,2024-W14,2024-04,2024,Pasivos
2024-04-05 20:55:56+00:00,Main CLP 🇨🇱,Expense,Insurance,150000.0,CLP,150000.0,,,2024-04-05,2024-W14,2024-04,2024,Gastos fijos
2024-04-09 09:56:28+00:00,Main CLP 🇨🇱,Expense,Subscriptions,33582.00004782,CLP,33582.0,Relieve one year app,,2024-04-09,2024-W15,2024-04,2024,Gastos fijos
2024-04-11 05:10:20+00:00,Main CLP 🇨🇱,Expense,Tax,41704.0,CLP,41704.0,Dos cuotas estacionamientos ,,2024-04-11,2024-W15,2024-04,2024,Gastos fijos
2024-04-11 05:11:21+00:00,Main CLP 🇨🇱,Expense,Subscriptions,3997.85714855,CLP,3998.0,Astroline,,2024-04-11,2024-W15,2024-04,2024,Gastos fijos
2024-04-13 01:48:48+00:00,Main CLP 🇨🇱,Expense,Subscriptions,15991.4285942,CLP,15991.0, National Geographic magazine annual digital ,,2024-04-13,2024-W15,2024-04,2024,Gastos fijos
2024-04-15 10:33:04+00:00,Main CLP 🇨🇱,Expense,Education,5597.00000797,CLP,5597.0,Domestika ball pen ilustracion naturalista,,2024-04-15,2024-W16,2024-04,2024,Secundarios
2024-04-15 17:41:27+00:00,Main CLP 🇨🇱,Expense,Education,23187.57146159,CLP,23188.0,David and Yelena fast-paced strength Yoga,,2024-04-15,2024-W16,2024-04,2024,Secundarios
2024-04-16 05:40:54+00:00,Main CLP 🇨🇱,Expense,Education,63965.7143768,CLP,63966.0,Rick beato bundle pack,,2024-04-16,2024-W16,2024-04,2024,Secundarios
2024-04-18 07:01:15+00:00,Main CLP 🇨🇱,Expense,Restaurant,559700.000797,CLP,559700.0,,breakfast,2024-04-18,2024-W16,2024-04,2024,Chao culpa
2024-04-25 09:18:23+00:00,Main CLP 🇨🇱,Expense,Subscriptions,15991.4285942,CLP,15991.0,tonaly pro macOS,,2024-04-25,2024-W17,2024-04,2024,Gastos fijos
2024-04-26 16:30:07+00:00,Main CLP 🇨🇱,Expense,Education,5597.00000797,CLP,5597.0,Domestika reportaje visual gladys serrano,online-course,2024-04-26,2024-W17,2024-04,2024,Secundarios
2024-04-26 16:43:36+00:00,Main CLP 🇨🇱,Expense,Education,5597.00000797,CLP,5597.0,Domestika Creación de una web profesional con WordPress,online-course,2024-04-26,2024-W17,2024-04,2024,Secundarios
2024-04-26 16:55:06+00:00,Main CLP 🇨🇱,Income,Extra Income,169452.0,CLP,169452.0,Devoluciones impuestos ,,2024-04-26,2024-W17,2024-04,2024,Otros
2024-04-29 10:45:49+00:00,Main CLP 🇨🇱,Expense,Other,14052.0,CLP,14052.0,Mantencion tarjeta santander,comision,2024-04-29,2024-W18,2024-04,2024,Gastos fijos
2024-05-01 10:11:35+00:00,Main CLP 🇨🇱,Expense,Education,31000.0,CLP,31000.0,Clase víctor Zúñiga canto ,,2024-05-01,2024-W18,2024-05,2024,Secundarios
2024-05-02 01:51:01+00:00,Main CLP 🇨🇱,Expense,Subscriptions,1900.0,CLP,1900.0,Apple icloud drive 200 Gb,,2024-05-02,2024-W18,2024-05,2024,Gastos fijos
2024-05-05 02:38:15+00:00,Main CLP 🇨🇱,Expense,Mortgage,633477.0,CLP,633477.0,,,2024-05-05,2024-W18,2024-05,2024,Pasivos
2024-05-05 21:56:11+00:00,Main CLP 🇨🇱,Expense,Insurance,150000.0,CLP,150000.0,,,2024-05-05,2024-W18,2024-05,2024,Gastos fijos
2024-05-06 10:14:28+00:00,Main CLP 🇨🇱,Income,Rental Apartment,1044769.0,CLP,1044769.0,,,2024-05-06,2024-W19,2024-05,2024,Pasivos
2024-05-07 13:18:29+00:00,Main CLP 🇨🇱,Expense,Insurance,149080.0,CLP,149080.0,Colmena abril,,2024-05-07,2024-W19,2024-05,2024,Gastos fijos
2024-05-08 10:11:57+00:00,Main CLP 🇨🇱,Expense,Education,31000.0,CLP,31000.0,Canto victor,,2024-05-08,2024-W19,2024-05,2024,Secundarios
2024-05-08 10:30:08+00:00,Main CLP 🇨🇱,Expense,Restaurant,530.0,CLP,530.0,,lunch,2024-05-08,2024-W19,2024-05,2024,Chao culpa
2024-05-23 03:39:41+00:00,Main CLP 🇨🇱,Expense,Other,15991.4285942,CLP,15991.0,life frame photo contest,,2024-05-23,2024-W21,2024-05,2024,Gastos fijos
2024-05-29 10:45:49+00:00,Main CLP 🇨🇱,Expense,Other,14052.0,CLP,14052.0,Mantencion tarjeta santander,comision,2024-05-29,2024-W22,2024-05,2024,Gastos fijos
2024-05-31 16:08:23+00:00,Main CLP 🇨🇱,Expense,Insurance,312461.0,CLP,312461.0,deuda dos cotizaciones feb y mar,,2024-05-31,2024-W22,2024-05,2024,Gastos fijos
2024-06-02 01:51:01+00:00,Main CLP 🇨🇱,Expense,Subscriptions,9900.0,CLP,9900.0,Apple icloud drive 1 tb,,2024-06-02,2024-W22,2024-06,2024,Gastos fijos
2024-06-04 04:03:53+00:00,Main CLP 🇨🇱,Income,Rental Apartment,1048964.0,CLP,1048964.0,,,2024-06-04,2024-W23,2024-06,2024,Pasivos
2024-06-04 10:19:04+00:00,Main CLP 🇨🇱,Income,Salary,1048964.0,CLP,1048964.0,,,2024-06-04,2024-W23,2024-06,2024,Otros
2024-06-05 02:10:42+00:00,Main CLP 🇨🇱,Expense,Mortgage,636393.0,CLP,636393.0,,,2024-06-05,2024-W23,2024-06,2024,Pasivos
2024-06-12 08:31:52+00:00,Main CLP 🇨🇱,Expense,Education,31000.0,CLP,31000.0,Vocal coach Victor ,,2024-06-12,2024-W24,2024-06,2024,Secundarios
2024-06-12 16:44:13+00:00,Main CLP 🇨🇱,Expense,Insurance,149756.0,CLP,149756.0,,,2024-06-12,2024-W24,2024-06,2024,Gastos fijos
2024-06-29 10:45:49+00:00,Main CLP 🇨🇱,Expense,Other,14052.0,CLP,14052.0,Mantencion tarjeta santander,comision,2024-06-29,2024-W26,2024-06,2024,Gastos fijos
2024-07-02 01:51:01+00:00,Main CLP 🇨🇱,Expense,Subscriptions,9900.0,CLP,9900.0,Apple icloud drive 1 tb,,2024-07-02,2024-W27,2024-07,2024,Gastos fijos
2024-07-05 10:18:23+00:00,Main CLP 🇨🇱,Income,Rental Apartment,1052642.0,CLP,1052642.0,,,2024-07-05,2024-W27,2024-07,2024,Pasivos
2024-07-06 02:08:05+00:00,Main CLP 🇨🇱,Expense,Mortgage,631877.0,CLP,631877.0,,,2024-07-06,2024-W27,2024-07,2024,Pasivos
2024-07-08 03:24:54+00:00,Main CLP 🇨🇱,Expense,Education,3490.0,CLP,3490.0,Introducción fotografía narrativa ,online-course,2024-07-08,2024-W28,2024-07,2024,Secundarios
2024-07-08 15:27:33+00:00,Main CLP 🇨🇱,Expense,Insurance,143900.0,CLP,143900.0,Colmena junio ,,2024-07-08,2024-W28,2024-07,2024,Gastos fijos
2024-07-20 08:55:14+00:00,Main CLP 🇨🇱,Expense,Education,3490.0,CLP,3490.0,Teoria del color fotografia,online-course,2024-07-20,2024-W29,2024-07,2024,Secundarios
2024-07-20 09:05:36+00:00,Main CLP 🇨🇱,Expense,Subscriptions,2398.71428913,CLP,2399.0,Free space macos app,,2024-07-20,2024-W29,2024-07,2024,Gastos fijos
2024-07-21 10:25:17+00:00,Main CLP 🇨🇱,Expense,Subscriptions,7995.7142971,CLP,7996.0,Bumble 2 super swipes,,2024-07-21,2024-W29,2024-07,2024,Gastos fijos
2024-07-29 10:45:49+00:00,Main CLP 🇨🇱,Expense,Other,14052.0,CLP,14052.0,Mantencion tarjeta santander,comision,2024-07-29,2024-W31,2024-07,2024,Gastos fijos
2024-08-02 01:51:01+00:00,Main CLP 🇨🇱,Expense,Subscriptions,9900.0,CLP,9900.0,Apple icloud drive 1 tb,,2024-08-02,2024-W31,2024-08,2024,Gastos fijos
2024-08-05 02:12:43+00:00,Main CLP 🇨🇱,Expense,Mortgage,631354.0,CLP,631354.0,,,2024-08-05,2024-W32,2024-08,2024,Pasivos
2024-08-05 10:20:24+00:00,Main CLP 🇨🇱,Income,Rental Apartment,1052177.0,CLP,1052177.0,,,2024-08-05,2024-W32,2024-08,2024,Pasivos
2024-08-07 10:32:14+00:00,Main CLP 🇨🇱,Expense,Insurance,143900.0,CLP,143900.0,Colmena julio,,2024-08-07,2024-W32,2024-08,2024,Gastos fijos
2024-08-09 10:28:53+00:00,Main CLP 🇨🇱,Expense,Education,62000.0,CLP,62000.0,Victor dos sesiones julio,,2024-08-09,2024-W32,2024-08,2024,Secundarios
2024-08-14 09:23:38+00:00,Main CLP 🇨🇱,Income,Insurance Payout,209371.0,CLP,209371.0,Dengue safe travel,,2024-08-14,2024-W33,2024-08,2024,Otros
2024-08-15 07:28:00+00:00,Main CLP 🇨🇱,Expense,Shopping,16950.91430985,CLP,16951.0,Guide to photojournalism ap press brian horton,books,2024-08-15,2024-W33,2024-08,2024,Chao culpa
2024-08-29 10:45:49+00:00,Main CLP 🇨🇱,Expense,Other,14052.0,CLP,14052.0,Mantencion tarjeta santander,comision,2024-08-29,2024-W35,2024-08,2024,Gastos fijos
2024-09-02 01:51:01+00:00,Main CLP 🇨🇱,Expense,Subscriptions,9900.0,CLP,9900.0,Apple icloud drive 1 tb,,2024-09-02,2024-W36,2024-09,2024,Gastos fijos
2024-09-04 10:21:05+00:00,Main CLP 🇨🇱,Income,Rental Apartment,1057363.0,CLP,1057363.0,,,2024-09-04,2024-W36,2024-09,2024,Pasivos
2024-09-05 02:05:25+00:00,Main CLP 🇨🇱,Expense,Mortgage,634700.0,CLP,634700.0,,,2024-09-05,2024-W36,2024-09,2024,Pasivos
2024-09-05 15:41:20+00:00,Main CLP 🇨🇱,Expense,Education,3490.0,CLP,3490.0,Modern headshot photography domestika ,,2024-09-05,2024-W36,2024-09,2024,Secundarios
2024-09-05 16:14:12+00:00,Main CLP 🇨🇱,Expense,Education,31000.0,CLP,31000.0,Clsses vocal victor,music,2024-09-05,2024-W36,2024-09,2024,Secundarios
2024-09-12 10:25:19+00:00,Main CLP 🇨🇱,Expense,Education,3490.0,CLP,3490.0,Del diario personal al relato de no ficción,online-course,2024-09-12,2024-W37,2024-09,2024,Secundarios
2024-09-26 13:56:29+00:00,Main CLP 🇨🇱,Expense,Education,468828.0,CLP,468828.0,Mentorias Tamara Merino 4 a 8,photography ,2024-09-26,2024-W39,2024-09,2024,Secundarios
2024-09-29 10:45:49+00:00,Main CLP 🇨🇱,Expense,Other,14052.0,CLP,14052.0,Mantencion tarjeta santander,comision,2024-09-29,2024-W39,2024-09,2024,Gastos fijos
2024-10-02 00:51:01+00:00,Main CLP 🇨🇱,Expense,Subscriptions,9900.0,CLP,9900.0,Apple icloud drive 1 tb,,2024-10-02,2024-W40,2024-10,2024,Gastos fijos
2024-10-04 03:01:06+00:00,Main CLP 🇨🇱,Expense,Mortgage,634999.0,CLP,634999.0,,,2024-10-04,2024-W40,2024-10,2024,Pasivos
2024-10-04 10:21:33+00:00,Main CLP 🇨🇱,Income,Rental Apartment,1062022.0,CLP,1062022.0,,,2024-10-04,2024-W40,2024-10,2024,Pasivos
2024-10-29 10:37:07+00:00,Main CLP 🇨🇱,Expense,Sport,67164.00009564,CLP,67164.0,My swim pro 1 year,,2024-10-29,2024-W44,2024-10,2024,Secundarios
2024-10-29 10:45:49+00:00,Main CLP 🇨🇱,Expense,Other,14052.0,CLP,14052.0,Mantencion tarjeta santander,comision,2024-10-29,2024-W44,2024-10,2024,Gastos fijos
2024-11-02 00:51:01+00:00,Main CLP 🇨🇱,Expense,Subscriptions,9900.0,CLP,9900.0,Apple icloud drive 1 tb,,2024-11-02,2024-W44,2024-11,2024,Gastos fijos
2024-11-04 02:51:16+00:00,Main CLP 🇨🇱,Expense,Shopping,8595.39286938,CLP,8595.0,Light  on yoga,books,2024-11-04,2024-W45,2024-11,2024,Chao culpa
2024-11-05 13:23:12+00:00,Main CLP 🇨🇱,Income,Rental Apartment,1063406.0,CLP,1063406.0,,,2024-11-05,2024-W45,2024-11,2024,Pasivos
2024-11-05 22:24:20+00:00,Main CLP 🇨🇱,Expense,Mortgage,638157.0,CLP,638157.0,,,2024-11-05,2024-W45,2024-11,2024,Pasivos
2024-11-05 22:38:21+00:00,Main CLP 🇨🇱,Expense,Insurance,155822.0,CLP,155822.0,,,2024-11-05,2024-W45,2024-11,2024,Gastos fijos
2024-11-11 00:19:42+00:00,Main CLP 🇨🇱,Expense,Education,41000.0,CLP,41000.0,Octubre victor,,2024-11-11,2024-W46,2024-11,2024,Secundarios
2024-11-29 10:45:49+00:00,Main CLP 🇨🇱,Expense,Other,14052.0,CLP,14052.0,Mantencion tarjeta santander,comision,2024-11-29,2024-W48,2024-11,2024,Gastos fijos
2024-12-02 00:51:01+00:00,Main CLP 🇨🇱,Expense,Subscriptions,9900.0,CLP,9900.0,Apple icloud drive 1 tb,,2024-12-02,2024-W49,2024-12,2024,Gastos fijos
2024-12-04 22:04:31+00:00,Main CLP 🇨🇱,Expense,Mortgage,643945.0,CLP,643945.0,,,2024-12-04,2024-W49,2024-12,2024,Pasivos
2024-12-08 07:45:04+00:00,Main CLP 🇨🇱,Income,Rental Apartment,1072384.0,CLP,1072384.0,diciembre,,2024-12-08,2024-W49,2024-12,2024,Pasivos
2024-12-08 08:33:32+00:00,Main CLP 🇨🇱,Expense,Education,31000.0,CLP,31000.0,Canto victor noviembre ,,2024-12-08,2024-W49,2024-12,2024,Secundarios
2024-12-11 08:54:13+00:00,Main CLP 🇨🇱,Expense,Insurance,155822.0,CLP,155822.0,,,2024-12-11,2024-W50,2024-12,2024,Gastos fijos
2024-12-18 23:46:13+00:00,Main CLP 🇨🇱,Expense,Shopping,61000.0,CLP,61000.0,,,2024-12-18,2024-W51,2024-12,2024,Chao culpa
2024-12-18 23:46:40+00:00,Main CLP 🇨🇱,Expense,Snacks & Coffee,690.0,CLP,690.0,,,2024-12-18,2024-W51,2024-12,2024,Chao culpa
2024-12-19 12:44:57+00:00,Main CLP 🇨🇱,Expense,Snacks & Coffee,2990.0,CLP,2990.0,,,2024-12-19,2024-W51,2024-12,2024,Chao culpa
2024-12-19 14:22:32+00:00,Main CLP 🇨🇱,Income,Sale,100000.0,CLP,100000.0,Piano casia a jaime,,2024-12-19,2024-W51,2024-12,2024,Otros
2024-12-19 19:21:39+00:00,Main CLP 🇨🇱,Expense,Subscriptions,22900.0,CLP,22900.0,Bumble 3 meses,,2024-12-19,2024-W51,2024-12,2024,Gastos fijos
2024-12-20 14:22:14+00:00,Main CLP 🇨🇱,Income,Sale,110000.0,CLP,110000.0,Sandisk 2 tb a jorge,,2024-12-20,2024-W51,2024-12,2024,Otros
2024-12-20 16:56:16+00:00,Main CLP 🇨🇱,Expense,Sport,12500.0,CLP,12500.0,,,2024-12-20,2024-W51,2024-12,2024,Secundarios
2024-12-20 18:45:01+00:00,Main CLP 🇨🇱,Expense,Shopping,19000.0,CLP,19000.0,Chalas olain,ropa,2024-12-20,2024-W51,2024-12,2024,Chao culpa
2024-12-22 04:25:31+00:00,Main CLP 🇨🇱,Expense,Transport,10000.0,CLP,10000.0,,,2024-12-22,2024-W51,2024-12,2024,Gastos fijos
2024-12-22 14:51:30+00:00,Main CLP 🇨🇱,Expense,Sport,12200.0,CLP,12200.0,alo moves one month,,2024-12-22,2024-W51,2024-12,2024,Secundarios
2024-12-23 17:23:59+00:00,Main CLP 🇨🇱,Expense,Sport,34990.0,CLP,34990.0,Classpass un mes ,,2024-12-23,2024-W52,2024-12,2024,Secundarios
2024-12-23 21:18:35+00:00,Main CLP 🇨🇱,Expense,Activities,10000.0,CLP,10000.0,Ritual 108 yoga santosha,,2024-12-23,2024-W52,2024-12,2024,Chao culpa
2024-12-23 21:21:06+00:00,Main CLP 🇨🇱,Expense,Restaurant,9240.0,CLP,9240.0,Desayuno sawa sawa,breakfast,2024-12-23,2024-W52,2024-12,2024,Chao culpa
2024-12-24 14:56:59+00:00,Main CLP 🇨🇱,Expense,Shopping,10300.0,CLP,10300.0,asthanga poster,,2024-12-24,2024-W52,2024-12,2024,Chao culpa
2024-12-26 19:37:29+00:00,Main CLP 🇨🇱,Expense,Subscriptions,56972.73024,CLP,56973.0,obsidian annual con descuento student,,2024-12-26,2024-W52,2024-12,2024,Gastos fijos
2024-12-26 22:12:42+00:00,Main CLP 🇨🇱,Expense,Shopping,5100.0,CLP,5100.0,libro novela ,,2024-12-26,2024-W52,2024-12,2024,Chao culpa
2024-12-27 16:17:00+00:00,Main CLP 🇨🇱,Income,Sale,55000.0,CLP,55000.0,Mouse logitech mx 3s,,2024-12-27,2024-W52,2024-12,2024,Otros
2024-12-27 19:04:50+00:00,Main CLP 🇨🇱,Expense,Activities,13000.0,CLP,13000.0,Pascuala Ilabaca,conciertos,2024-12-27,2024-W52,2024-12,2024,Chao culpa
2024-12-28 13:41:07+00:00,Main CLP 🇨🇱,Expense,Subscriptions,6000.0,CLP,6000.0,tinder una semana,,2024-12-28,2024-W52,2024-12,2024,Gastos fijos
2024-12-28 14:45:11+00:00,Main CLP 🇨🇱,Expense,Alcohol,8000.0,CLP,8000.0,,,2024-12-28,2024-W52,2024-12,2024,Chao culpa
2024-12-28 14:45:39+00:00,Main CLP 🇨🇱,Expense,Restaurant,5872.0,CLP,5872.0,,,2024-12-28,2024-W52,2024-12,2024,Chao culpa
2024-12-28 14:50:10+00:00,Main CLP 🇨🇱,Expense,Other,2637.0,CLP,2637.0,Estacionamientos ,,2024-12-28,2024-W52,2024-12,2024,Gastos fijos
2024-12-29 13:26:04+00:00,Main CLP 🇨🇱,Expense,Restaurant,9518.0,CLP,9518.0,,,2024-12-29,2024-W52,2024-12,2024,Chao culpa
2024-12-29 13:26:33+00:00,Main CLP 🇨🇱,Expense,Snacks & Coffee,2000.0,CLP,2000.0,Popcorns ,,2024-12-29,2024-W52,2024-12,2024,Chao culpa
2024-12-29 13:27:03+00:00,Main CLP 🇨🇱,Expense,Activities,4100.0,CLP,4100.0,Cine,,2024-12-29,2024-W52,2024-12,2024,Chao culpa
2024-12-29 15:55:53+00:00,Main CLP 🇨🇱,Expense,Activities,46000.0,CLP,46000.0,st vincent  mayo 27,conciertos,2024-12-29,2024-W52,2024-12,2024,Chao culpa
2024-12-29 20:53:29+00:00,Main CLP 🇨🇱,Income,Sale,1050000.0,CLP,1050000.0,carpeta cartas pokemon,,2024-12-29,2024-W52,2024-12,2024,Otros
2024-12-30 16:18:15+00:00,Main CLP 🇨🇱,Expense,Groceries,2574.0,CLP,2574.0,,,2024-12-30,2025-W01,2024-12,2024,Gastos fijos
2024-12-30 17:14:57+00:00,Main CLP 🇨🇱,Expense,Groceries,1290.0,CLP,1290.0,caja chile express,,2024-12-30,2025-W01,2024-12,2024,Gastos fijos
2024-12-30 17:15:19+00:00,Main CLP 🇨🇱,Income,Sale,31500.0,CLP,31500.0,chaqueta adidas originals,,2024-12-30,2025-W01,2024-12,2024,Otros
2024-12-31 01:01:04+00:00,Main CLP 🇨🇱,Income,Sale,70000.0,CLP,70000.0,Cartas Mitos y Leyendas,,2024-12-31,2025-W01,2024-12,2024,Otros
2024-12-31 14:04:44+00:00,Main CLP 🇨🇱,Income,Sale,80000.0,CLP,80000.0,Disco duro WD 5 tb,,2024-12-31,2025-W01,2024-12,2024,Otros
2025-01-01 21:29:26+00:00,Main CLP 🇨🇱,Income,Sale,20000.0,CLP,20000.0,Pack 13 tarjetas SD 64 y 32 gb,,2025-01-01,2025-W01,2025-01,2025,Otros
2025-01-02 02:46:32+00:00,Main CLP 🇨🇱,Expense,Restaurant,7600.0,CLP,7600.0,Año nuevo Erick ,dinner,2025-01-02,2025-W01,2025-01,2025,Chao culpa
2025-01-02 20:09:53+00:00,Main CLP 🇨🇱,Income,Sale,12000.0,CLP,12000.0,Short north face ,,2025-01-02,2025-W01,2025-01,2025,Otros
2025-01-02 20:27:43+00:00,Main CLP 🇨🇱,Expense,Personal Care,77836.0,CLP,77836.0,Skin care y bloqueador,,2025-01-02,2025-W01,2025-01,2025,Gastos fijos
2025-01-03 17:59:08+00:00,Main CLP 🇨🇱,Expense,Restaurant,3850.0,CLP,3850.0,,lunch,2025-01-03,2025-W01,2025-01,2025,Chao culpa
2025-01-03 18:15:12+00:00,Main CLP 🇨🇱,Income,Sale,5000.0,CLP,5000.0,Audífonos apple lightning ,,2025-01-03,2025-W01,2025-01,2025,Otros
2025-01-03 18:31:20+00:00,Main CLP 🇨🇱,Expense,Snacks & Coffee,4400.0,CLP,4400.0,,,2025-01-03,2025-W01,2025-01,2025,Chao culpa
2025-01-03 18:57:31+00:00,Main CLP 🇨🇱,Income,Sale,30000.0,CLP,30000.0,Chaqueta marmot verde parka,,2025-01-03,2025-W01,2025-01,2025,Otros
2025-01-03 19:13:11+00:00,Main CLP 🇨🇱,Income,Sale,8000.0,CLP,8000.0,Correa Apple Watch ,,2025-01-03,2025-W01,2025-01,2025,Otros
2025-01-03 23:50:26+00:00,Main CLP 🇨🇱,Income,Sale,20000.0,CLP,20000.0,Filtros drones mini pro 3,,2025-01-03,2025-W01,2025-01,2025,Otros
2025-01-04 00:18:21+00:00,Main CLP 🇨🇱,Income,Sale,15000.0,CLP,15000.0,Bateria sony digitek,,2025-01-04,2025-W01,2025-01,2025,Otros
2025-01-04 11:52:16+00:00,Main CLP 🇨🇱,Expense,Subscriptions,12990.0,CLP,12990.0,Istats menu macoa,,2025-01-04,2025-W01,2025-01,2025,Gastos fijos
2025-01-04 22:22:20+00:00,Main CLP 🇨🇱,Expense,Gifts,13333.0,CLP,13333.0,Regalo mama libro ladera sur,,2025-01-04,2025-W01,2025-01,2025,Chao culpa
2025-01-06 19:59:06+00:00,Main CLP 🇨🇱,Expense,Insurance,150510.0,CLP,150510.0,Colmena diciembre ,,2025-01-06,2025-W02,2025-01,2025,Gastos fijos
2025-01-08 01:20:42+00:00,Main CLP 🇨🇱,Income,Sale,200000.0,CLP,200000.0,Control DJI RC pantalla,,2025-01-08,2025-W02,2025-01,2025,Otros
2025-01-08 15:27:34+00:00,Main CLP 🇨🇱,Expense,Subscriptions,12293.05845252,CLP,12293.0,"1password anual, balance de 23 aplicado",,2025-01-08,2025-W02,2025-01,2025,Gastos fijos
2025-01-08 23:13:51+00:00,Main CLP 🇨🇱,Income,Sale,10000.0,CLP,10000.0,Polar verde north face,,2025-01-08,2025-W02,2025-01,2025,Otros
2025-01-08 23:14:54+00:00,Main CLP 🇨🇱,Expense,Groceries,3690.0,CLP,3690.0,,,2025-01-08,2025-W02,2025-01,2025,Gastos fijos
2025-01-09 17:13:54+00:00,Main CLP 🇨🇱,Expense,Shopping,11990.0,CLP,11990.0,Capo cordoba nylon,,2025-01-09,2025-W02,2025-01,2025,Chao culpa
2025-01-10 02:09:02+00:00,Main CLP 🇨🇱,Expense,Subscriptions,27990.0,CLP,27990.0,Tinder plus 6 meses,,2025-01-10,2025-W02,2025-01,2025,Gastos fijos
2025-01-10 15:35:58+00:00,Main CLP 🇨🇱,Expense,Groceries,19747.0,CLP,19747.0,,,2025-01-10,2025-W02,2025-01,2025,Gastos fijos
2025-01-10 17:37:21+00:00,Main CLP 🇨🇱,Expense,Activities,18400.0,CLP,18400.0,Paloma salas,,2025-01-10,2025-W02,2025-01,2025,Chao culpa
2025-01-10 22:24:02+00:00,Main CLP 🇨🇱,Expense,Transport,12000.0,CLP,12000.0,Villarrica a osorno jac,bus,2025-01-10,2025-W02,2025-01,2025,Gastos fijos
2025-01-11 11:07:39+00:00,Main CLP 🇨🇱,Expense,Transport,5000.0,CLP,5000.0,,public-transport,2025-01-11,2025-W02,2025-01,2025,Gastos fijos
2025-01-11 14:54:17+00:00,Main CLP 🇨🇱,Expense,Transport,10990.0,CLP,10990.0,Flixbus santiago a Temuco ,bus,2025-01-11,2025-W02,2025-01,2025,Gastos fijos
2025-01-11 14:54:49+00:00,Main CLP 🇨🇱,Expense,Activities,28000.0,CLP,28000.0,Gepe un desastre,conciertos,2025-01-11,2025-W02,2025-01,2025,Chao culpa
2025-01-11 17:18:35+00:00,Main CLP 🇨🇱,Expense,Restaurant,5600.0,CLP,5600.0,,lunch,2025-01-11,2025-W02,2025-01,2025,Chao culpa
2025-01-11 18:25:24+00:00,Main CLP 🇨🇱,Expense,Acommodation,21141.2293674,CLP,21141.0,temuco air b nb,,2025-01-11,2025-W02,2025-01,2025,Gastos fijos
2025-01-11 20:57:02+00:00,Main CLP 🇨🇱,Expense,Transport,900.0,CLP,900.0,Colectivo desde Rodoviario,taxi,2025-01-11,2025-W02,2025-01,2025,Gastos fijos
2025-01-11 23:05:31+00:00,Main CLP 🇨🇱,Expense,Restaurant,7788.0,CLP,7788.0,,dinner,2025-01-11,2025-W02,2025-01,2025,Chao culpa
2025-01-11 23:12:59+00:00,Main CLP 🇨🇱,Expense,Snacks & Coffee,1090.0,CLP,1090.0,,,2025-01-11,2025-W02,2025-01,2025,Chao culpa
2025-01-12 02:32:59+00:00,Main CLP 🇨🇱,Expense,Snacks & Coffee,1750.0,CLP,1750.0,,,2025-01-12,2025-W02,2025-01,2025,Chao culpa
2025-01-12 14:18:34+00:00,Main CLP 🇨🇱,Expense,Groceries,950.0,CLP,950.0,,,2025-01-12,2025-W02,2025-01,2025,Gastos fijos
2025-01-12 14:48:19+00:00,Main CLP 🇨🇱,Expense,Transport,4000.0,CLP,4000.0,Temuco a Villarica,bus,2025-01-12,2025-W02,2025-01,2025,Gastos fijos
2025-01-12 17:48:56+00:00,Main CLP 🇨🇱,Expense,Restaurant,8800.0,CLP,8800.0,,lunch,2025-01-12,2025-W02,2025-01,2025,Chao culpa
2025-01-12 18:06:23+00:00,Main CLP 🇨🇱,Expense,Groceries,8180.0,CLP,8180.0,,,2025-01-12,2025-W02,2025-01,2025,Gastos fijos
2025-01-14 20:08:05+00:00,Main CLP 🇨🇱,Expense,Snacks & Coffee,4000.0,CLP,4000.0,,,2025-01-14,2025-W03,2025-01,2025,Chao culpa
2025-01-15 23:59:55+00:00,Main CLP 🇨🇱,Expense,Snacks & Coffee,800.0,CLP,800.0,,,2025-01-15,2025-W03,2025-01,2025,Chao culpa
2025-01-16 00:10:22+00:00,Main CLP 🇨🇱,Expense,Snacks & Coffee,2500.0,CLP,2500.0,,,2025-01-16,2025-W03,2025-01,2025,Chao culpa
2025-01-16 10:42:14+00:00,Main CLP 🇨🇱,Expense,Restaurant,3300.0,CLP,3300.0,,breakfast,2025-01-16,2025-W03,2025-01,2025,Chao culpa
2025-01-16 14:47:08+00:00,Main CLP 🇨🇱,Income,Sale,45000.0,CLP,45000.0,Fñash canon 430 ex,,2025-01-16,2025-W03,2025-01,2025,Otros
2025-01-16 14:51:57+00:00,Main CLP 🇨🇱,Expense,Restaurant,5500.0,CLP,5500.0,,lunch,2025-01-16,2025-W03,2025-01,2025,Chao culpa
2025-01-16 14:59:07+00:00,Main CLP 🇨🇱,Expense,Snacks & Coffee,1000.0,CLP,1000.0,,,2025-01-16,2025-W03,2025-01,2025,Chao culpa
2025-01-16 15:29:46+00:00,Main CLP 🇨🇱,Expense,Restaurant,2600.0,CLP,2600.0,,lunch,2025-01-16,2025-W03,2025-01,2025,Chao culpa
2025-01-16 16:02:10+00:00,Main CLP 🇨🇱,Expense,Restaurant,6303.714885,CLP,6304.0,,breakfast,2025-01-16,2025-W03,2025-01,2025,Chao culpa
2025-01-16 17:29:09+00:00,Main CLP 🇨🇱,Expense,Snacks & Coffee,1000.0,CLP,1000.0,,,2025-01-16,2025-W03,2025-01,2025,Chao culpa
2025-01-16 18:34:28+00:00,Main CLP 🇨🇱,Expense,Transport,36852.48689455,CLP,36852.0,Osorno a Bariloche ,bus,2025-01-16,2025-W03,2025-01,2025,Gastos fijos
2025-01-16 18:36:46+00:00,Main CLP 🇨🇱,Expense,Transport,32003.47557,CLP,32003.0,Bariloche a Osorno - andesmaf,bus,2025-01-16,2025-W03,2025-01,2025,Gastos fijos
2025-01-16 22:31:03+00:00,Main CLP 🇨🇱,Expense,Transport,1.9208,CLP,2.0,,public-transport,2025-01-16,2025-W03,2025-01,2025,Gastos fijos
2025-01-16 22:32:47+00:00,Main CLP 🇨🇱,Expense,Gifts,1932.29648,CLP,1932.0,,,2025-01-16,2025-W03,2025-01,2025,Chao culpa
2025-01-16 23:25:49+00:00,Main CLP 🇨🇱,Expense,Groceries,4540.896728,CLP,4541.0,,,2025-01-16,2025-W03,2025-01,2025,Gastos fijos
2025-01-17 02:01:03+00:00,Main CLP 🇨🇱,Expense,Restaurant,28018.29896,CLP,28018.0,,dinner,2025-01-17,2025-W03,2025-01,2025,Chao culpa
2025-01-17 16:30:39+00:00,Main CLP 🇨🇱,Expense,Gifts,10000.0,CLP,10000.0,Dani regalo 2024 atrasado ,,2025-01-17,2025-W03,2025-01,2025,Chao culpa
2025-01-17 17:02:39+00:00,Main CLP 🇨🇱,Expense,Snacks & Coffee,7661.438091,CLP,7661.0,,,2025-01-17,2025-W03,2025-01,2025,Chao culpa
2025-01-17 17:02:48+00:00,Main CLP 🇨🇱,Expense,Restaurant,2521.485954,CLP,2521.0,,lunch,2025-01-17,2025-W03,2025-01,2025,Chao culpa
2025-01-18 15:34:03+00:00,Main CLP 🇨🇱,Expense,Transport,1563.32129148,CLP,1563.0,,public-transport,2025-01-18,2025-W03,2025-01,2025,Gastos fijos
2025-01-19 23:53:01+00:00,Main CLP 🇨🇱,Expense,Groceries,8220.04421004,CLP,8220.0,,,2025-01-19,2025-W03,2025-01,2025,Gastos fijos
2025-01-20 19:27:23+00:00,Main CLP 🇨🇱,Expense,Restaurant,10958.765877,CLP,10959.0,Cafe y toston grande ,breakfast,2025-01-20,2025-W04,2025-01,2025,Chao culpa
2025-01-20 22:44:53+00:00,Main CLP 🇨🇱,Expense,Snacks & Coffee,3394.308015,CLP,3394.0,,,2025-01-20,2025-W04,2025-01,2025,Chao culpa
2025-01-20 23:43:45+00:00,Main CLP 🇨🇱,Expense,Transport,1939.60458,CLP,1940.0,,public-transport,2025-01-20,2025-W04,2025-01,2025,Gastos fijos
2025-01-21 13:42:10+00:00,Main CLP 🇨🇱,Expense,Transport,2909.40687,CLP,2909.0,,public-transport,2025-01-21,2025-W04,2025-01,2025,Gastos fijos
2025-01-21 14:07:42+00:00,Main CLP 🇨🇱,Expense,Gifts,6885.596259,CLP,6886.0,Mate jaime,,2025-01-21,2025-W04,2025-01,2025,Chao culpa
2025-01-21 14:09:15+00:00,Main CLP 🇨🇱,Expense,Snacks & Coffee,3394.308015,CLP,3394.0,,,2025-01-21,2025-W04,2025-01,2025,Chao culpa
2025-01-21 18:31:35+00:00,Main CLP 🇨🇱,Expense,Restaurant,8728.22061,CLP,8728.0,Milanesa completa,lunch,2025-01-21,2025-W04,2025-01,2025,Chao culpa
2025-01-21 18:37:04+00:00,Main CLP 🇨🇱,Expense,Transport,33600.0,CLP,33600.0,Osorno Bariloche - andesmar,bus,2025-01-21,2025-W04,2025-01,2025,Gastos fijos
2025-01-21 21:45:36+00:00,Main CLP 🇨🇱,Expense,Snacks & Coffee,1200.0,CLP,1200.0,,,2025-01-21,2025-W04,2025-01,2025,Chao culpa
2025-01-22 14:10:31+00:00,Main CLP 🇨🇱,Expense,Subscriptions,790.0,CLP,790.0,Apple icloud plus,,2025-01-22,2025-W04,2025-01,2025,Gastos fijos
2025-01-22 22:17:38+00:00,Main CLP 🇨🇱,Expense,Groceries,10269.0311823,CLP,10269.0,,,2025-01-22,2025-W04,2025-01,2025,Gastos fijos
2025-01-22 22:43:49+00:00,Main CLP 🇨🇱,Expense,Transport,15300.0,CLP,15300.0,Osorno Pucon ,bus,2025-01-22,2025-W04,2025-01,2025,Gastos fijos
2025-01-22 23:27:57+00:00,Main CLP 🇨🇱,Expense,Acommodation,18000.0,CLP,18000.0,Hostel chaman osorno,,2025-01-22,2025-W04,2025-01,2025,Gastos fijos
2025-01-22 23:27:59+00:00,Main CLP 🇨🇱,Expense,Acommodation,18000.0,CLP,18000.0,Hostel chaman osorno,,2025-01-22,2025-W04,2025-01,2025,Gastos fijos
2025-01-22 23:50:15+00:00,Main CLP 🇨🇱,Expense,Groceries,7150.0,CLP,7150.0,,,2025-01-22,2025-W04,2025-01,2025,Gastos fijos
2025-01-23 20:14:44+00:00,Main CLP 🇨🇱,Expense,Alcohol,11000.0,CLP,11000.0,Dos cervezas en temuco,,2025-01-23,2025-W04,2025-01,2025,Chao culpa
2025-01-23 20:15:00+00:00,Main CLP 🇨🇱,Expense,Transport,10000.0,CLP,10000.0,Aporte bencina ,,2025-01-23,2025-W04,2025-01,2025,Gastos fijos
2025-01-23 20:15:17+00:00,Main CLP 🇨🇱,Expense,Activities,6000.0,CLP,6000.0,Entrada local tenuco x2 edu y vicho,,2025-01-23,2025-W04,2025-01,2025,Chao culpa
2025-01-23 22:42:15+00:00,Main CLP 🇨🇱,Expense,Utilities,6914.0,CLP,6914.0,,mobile,2025-01-23,2025-W04,2025-01,2025,Gastos fijos
2025-01-24 00:14:55+00:00,Main CLP 🇨🇱,Expense,Groceries,9320.0,CLP,9320.0,,,2025-01-24,2025-W04,2025-01,2025,Gastos fijos
2025-01-24 00:15:00+00:00,Main CLP 🇨🇱,Expense,Groceries,1320.0,CLP,1320.0,,,2025-01-24,2025-W04,2025-01,2025,Gastos fijos
2025-01-24 00:21:16+00:00,Main CLP 🇨🇱,Expense,Groceries,12310.0,CLP,12310.0,,,2025-01-24,2025-W04,2025-01,2025,Gastos fijos
2025-01-24 00:30:57+00:00,Main CLP 🇨🇱,Expense,Pharmacy ,5180.0,CLP,5180.0,,,2025-01-24,2025-W04,2025-01,2025,Gastos fijos
2025-01-24 20:48:28+00:00,Main CLP 🇨🇱,Expense,Activities,8800.0,CLP,8800.0,"concierto Laro, pau nusser - temuco",,2025-01-24,2025-W04,2025-01,2025,Chao culpa
2025-01-24 22:56:38+00:00,Main CLP 🇨🇱,Expense,Restaurant,7690.0,CLP,7690.0,,dinner,2025-01-24,2025-W04,2025-01,2025,Chao culpa
2025-01-27 10:55:06+00:00,Main CLP 🇨🇱,Expense,Transport,3400.0,CLP,3400.0,Peaje,,2025-01-27,2025-W05,2025-01,2025,Gastos fijos
2025-01-27 11:42:47+00:00,Main CLP 🇨🇱,Expense,Transport,3400.0,CLP,3400.0,,peajes,2025-01-27,2025-W05,2025-01,2025,Gastos fijos
2025-01-27 17:22:44+00:00,Main CLP 🇨🇱,Expense,Gifts,5000.0,CLP,5000.0,Queso lala,,2025-01-27,2025-W05,2025-01,2025,Chao culpa
2025-01-28 18:43:25+00:00,Main CLP 🇨🇱,Expense,Subscriptions,12900.0,CLP,12900.0,Timeleft un mes dating,,2025-01-28,2025-W05,2025-01,2025,Gastos fijos
2025-01-28 22:54:51+00:00,Main CLP 🇨🇱,Expense,Groceries,9059.0,CLP,9059.0,,,2025-01-28,2025-W05,2025-01,2025,Gastos fijos
2025-01-29 01:04:53+00:00,Main CLP 🇨🇱,Expense,Personal Care,50000.0,CLP,50000.0,terapia,terapia,2025-01-29,2025-W05,2025-01,2025,Gastos fijos
2025-01-29 02:15:12+00:00,Main CLP 🇨🇱,Expense,Pharmacy ,13489.0,CLP,13489.0,,,2025-01-29,2025-W05,2025-01,2025,Gastos fijos
2025-01-29 14:46:23+00:00,Main CLP 🇨🇱,Expense,Groceries,4189.0,CLP,4189.0,Goodmeal frest,,2025-01-29,2025-W05,2025-01,2025,Gastos fijos
2025-01-29 18:08:20+00:00,Main CLP 🇨🇱,Expense,Subscriptions,8990.0,CLP,8990.0,Tinder 8 super likes,,2025-01-29,2025-W05,2025-01,2025,Gastos fijos
2025-01-29 22:15:17+00:00,Main CLP 🇨🇱,Expense,Pharmacy ,27534.0,CLP,27534.0,Vitamina c pack se 20,,2025-01-29,2025-W05,2025-01,2025,Gastos fijos
2025-01-30 12:00:12+00:00,Main CLP 🇨🇱,Income,Insurance Payout,28000.0,CLP,28000.0,,terapia,2025-01-30,2025-W05,2025-01,2025,Otros
2025-01-30 12:25:34+00:00,Main CLP 🇨🇱,Income,Insurance Payout,28000.0,CLP,28000.0,,terapia,2025-01-30,2025-W05,2025-01,2025,Otros
2025-01-30 15:25:51+00:00,Main CLP 🇨🇱,Expense,Shopping,400000.0,CLP,400000.0,Piano digital Roland FP 10 usado,,2025-01-30,2025-W05,2025-01,2025,Chao culpa
2025-01-30 15:43:18+00:00,Main CLP 🇨🇱,Expense,Maintenance ,48990.0,CLP,48990.0,Kit calefont tiro forzado junkers,,2025-01-30,2025-W05,2025-01,2025,Gastos fijos
2025-01-30 18:50:09+00:00,Main CLP 🇨🇱,Expense,Transport,4000.0,CLP,4000.0,Carga bip i mil cln con 50 % descuebo,public-transport,2025-01-30,2025-W05,2025-01,2025,Gastos fijos
2025-01-30 22:43:12+00:00,Main CLP 🇨🇱,Expense,Subscriptions,24900.0,CLP,24900.0,Day one journal app - annual,,2025-01-30,2025-W05,2025-01,2025,Gastos fijos
2025-01-31 13:53:29+00:00,Main CLP 🇨🇱,Income,Sale,40000.0,CLP,40000.0,Chaqueta north face,,2025-01-31,2025-W05,2025-01,2025,Otros
2025-01-31 15:57:40+00:00,Main CLP 🇨🇱,Expense,Maintenance ,261086.0,CLP,261086.0,Gasfiter Rogelio para inspección de gas,,2025-01-31,2025-W05,2025-01,2025,Gastos fijos
2025-01-31 21:49:42+00:00,Main CLP 🇨🇱,Expense,Education,70000.0,CLP,70000.0,Vocal coach 2 sesiónes,,2025-01-31,2025-W05,2025-01,2025,Secundarios
2025-02-02 02:43:33+00:00,Main CLP 🇨🇱,Expense,Subscriptions,2000.0,CLP,2000.0,Test online adhd,,2025-02-02,2025-W05,2025-02,2025,Gastos fijos
2025-02-02 14:13:58+00:00,Main CLP 🇨🇱,Expense,Tax,40877.0,CLP,40877.0,Aduana csego por trezor wallet,,2025-02-02,2025-W05,2025-02,2025,Gastos fijos
2025-02-02 15:51:49+00:00,Main CLP 🇨🇱,Income,Sale,270000.0,CLP,270000.0,Guitarra Epiphone EL 00 con funda,music,2025-02-02,2025-W05,2025-02,2025,Otros
2025-02-02 17:46:57+00:00,Main CLP 🇨🇱,Expense,Groceries,3360.0,CLP,3360.0,,goodmeal,2025-02-02,2025-W05,2025-02,2025,Gastos fijos
2025-02-02 17:48:09+00:00,Main CLP 🇨🇱,Expense,Groceries,37115.0,CLP,37115.0,,supermercado,2025-02-02,2025-W05,2025-02,2025,Gastos fijos
2025-02-03 15:02:33+00:00,Main CLP 🇨🇱,Expense,Insurance,156378.0,CLP,156378.0,Colmena enero,,2025-02-03,2025-W06,2025-02,2025,Gastos fijos
2025-02-03 17:25:22+00:00,Main CLP 🇨🇱,Expense,Shopping,49990.0,CLP,49990.0,Funda Cordoba Mini Guitarra,music,2025-02-03,2025-W06,2025-02,2025,Chao culpa
2025-02-03 17:42:14+00:00,Main CLP 🇨🇱,Expense,Sport,89990.0,CLP,89990.0,Nado libre 12 tickets febrero ,,2025-02-03,2025-W06,2025-02,2025,Secundarios
2025-02-04 00:51:33+00:00,Main CLP 🇨🇱,Income,Sale,150000.0,CLP,150000.0,Lente Canon 50mm 1.4,photography ,2025-02-04,2025-W06,2025-02,2025,Otros
2025-02-04 01:47:27+00:00,Main CLP 🇨🇱,Income,Sale,900000.0,CLP,900000.0,Lente Tamron 18-200 2.8,photography ,2025-02-04,2025-W06,2025-02,2025,Otros
2025-02-04 01:47:55+00:00,Main CLP 🇨🇱,Income,Sale,15000.0,CLP,15000.0,Lens pouch Tanron grande,photography ,2025-02-04,2025-W06,2025-02,2025,Otros
2025-02-04 13:48:25+00:00,Main CLP 🇨🇱,Expense,Shopping,21000.0,CLP,21000.0,Atriles guitarra x4,,2025-02-04,2025-W06,2025-02,2025,Chao culpa
2025-02-04 19:39:15+00:00,Main CLP 🇨🇱,Income,Extra Income,160000.0,CLP,160000.0,Mama paga isapre,,2025-02-04,2025-W06,2025-02,2025,Otros
2025-02-04 21:25:01+00:00,Main CLP 🇨🇱,Expense,Shopping,920000.0,CLP,920000.0,Sony 24mm GM 1.4,photography ,2025-02-04,2025-W06,2025-02,2025,Chao culpa
2025-02-05 00:00:36+00:00,Main CLP 🇨🇱,Income,Sale,14000.0,CLP,14000.0,Lector CF trascend y CF de 64gb,,2025-02-05,2025-W06,2025-02,2025,Otros
2025-02-05 15:39:39+00:00,Main CLP 🇨🇱,Expense,Maintenance ,10000.0,CLP,10000.0,Arreglo guitarra mini cort y soport en nylon,,2025-02-05,2025-W06,2025-02,2025,Gastos fijos
2025-02-05 15:40:17+00:00,Main CLP 🇨🇱,Expense,Shopping,170000.0,CLP,170000.0,Parlante PA Portátil Samson Expedition Plus usado ,electronics,2025-02-05,2025-W06,2025-02,2025,Chao culpa
2025-02-05 19:57:40+00:00,Main CLP 🇨🇱,Expense,Pharmacy ,6499.0,CLP,6499.0,Bloqueador 190ml,,2025-02-05,2025-W06,2025-02,2025,Gastos fijos
2025-02-06 20:49:52+00:00,Main CLP 🇨🇱,Expense,Shopping,900000.0,CLP,900000.0,Lente Sony 35mm 1.4 GM usado,photography ,2025-02-06,2025-W06,2025-02,2025,Chao culpa
2025-02-07 15:07:08+00:00,Main CLP 🇨🇱,Expense,Groceries,3150.0,CLP,3150.0,,goodmeal,2025-02-07,2025-W06,2025-02,2025,Gastos fijos
2025-02-07 16:08:33+00:00,Main CLP 🇨🇱,Income,Sale,630000.0,CLP,630000.0,Lente Sigma 35mm 1.4 art,photography ,2025-02-07,2025-W06,2025-02,2025,Otros
2025-02-07 20:26:40+00:00,Main CLP 🇨🇱,Expense,Groceries,19185.0,CLP,19185.0,,supermercado,2025-02-07,2025-W06,2025-02,2025,Gastos fijos
2025-02-08 05:43:00+00:00,Main CLP 🇨🇱,Expense,Restaurant,11495.0,CLP,11495.0,,,2025-02-08,2025-W06,2025-02,2025,Chao culpa
2025-02-08 18:20:00+00:00,Main CLP 🇨🇱,Income,Sale,45000.0,CLP,45000.0,Correa Peak Design Slide ,photography ,2025-02-08,2025-W06,2025-02,2025,Otros
2025-02-08 19:18:29+00:00,Main CLP 🇨🇱,Expense,Pharmacy ,28238.0,CLP,28238.0,Bloqueador cara y crema cara,,2025-02-08,2025-W06,2025-02,2025,Gastos fijos
2025-02-09 05:42:29+00:00,Main CLP 🇨🇱,Expense,Transport,5840.0,CLP,5840.0,,taxi,2025-02-09,2025-W06,2025-02,2025,Gastos fijos
2025-02-10 14:17:35+00:00,Main CLP 🇨🇱,Expense,Sport,47000.0,CLP,47000.0,8 clases febrero Diane ,yoga,2025-02-10,2025-W07,2025-02,2025,Secundarios
2025-02-10 21:17:12+00:00,Main CLP 🇨🇱,Expense,Groceries,2550.0,CLP,2550.0,,,2025-02-10,2025-W07,2025-02,2025,Gastos fijos
2025-02-10 21:17:21+00:00,Main CLP 🇨🇱,Expense,Alcohol,2990.0,CLP,2990.0,,,2025-02-10,2025-W07,2025-02,2025,Chao culpa
2025-02-11 00:15:33+00:00,Main CLP 🇨🇱,Expense,Gifts,4800.0,CLP,4800.0,Cigarros ,,2025-02-11,2025-W07,2025-02,2025,Chao culpa
2025-02-11 02:29:16+00:00,Main CLP 🇨🇱,Expense,Restaurant,6800.0,CLP,6800.0,Empanadas,,2025-02-11,2025-W07,2025-02,2025,Chao culpa
2025-02-11 15:21:49+00:00,Main CLP 🇨🇱,Expense,Shopping,50500.0,CLP,50500.0,El proyecto fotográfico personal - Isabel Vásquez ,books,2025-02-11,2025-W07,2025-02,2025,Chao culpa
2025-02-12 14:46:28+00:00,Main CLP 🇨🇱,Expense,Shopping,4800.0,CLP,4800.0,Impresión chart yoga,,2025-02-12,2025-W07,2025-02,2025,Chao culpa
2025-02-12 14:57:22+00:00,Main CLP 🇨🇱,Expense,Groceries,17650.0,CLP,17650.0,Tostatuduria talca varios,,2025-02-12,2025-W07,2025-02,2025,Gastos fijos
2025-02-12 21:48:33+00:00,Main CLP 🇨🇱,Expense,Groceries,4490.0,CLP,4490.0,,supermercado,2025-02-12,2025-W07,2025-02,2025,Gastos fijos
2025-02-12 21:48:50+00:00,Main CLP 🇨🇱,Expense,Groceries,1390.0,CLP,1390.0,,supermercado,2025-02-12,2025-W07,2025-02,2025,Gastos fijos
2025-02-13 00:52:35+00:00,Main CLP 🇨🇱,Expense,Restaurant,14850.0,CLP,14850.0,Timeleft ,dinner,2025-02-13,2025-W07,2025-02,2025,Chao culpa
2025-02-14 19:48:22+00:00,Main CLP 🇨🇱,Expense,Shopping,47000.0,CLP,47000.0,Decathlon natacion y bastones ,,2025-02-14,2025-W07,2025-02,2025,Chao culpa
2025-02-14 21:27:22+00:00,Main CLP 🇨🇱,Expense,Transport,2220.0,CLP,2220.0,,taxi,2025-02-14,2025-W07,2025-02,2025,Gastos fijos
2025-02-14 21:27:32+00:00,Main CLP 🇨🇱,Expense,Transport,1000.0,CLP,1000.0,Estacionamiento ,,2025-02-14,2025-W07,2025-02,2025,Gastos fijos
2025-02-14 21:27:54+00:00,Main CLP 🇨🇱,Expense,Shopping,20000.0,CLP,20000.0,Decathlon bastones,,2025-02-14,2025-W07,2025-02,2025,Chao culpa
2025-02-15 01:06:42+00:00,Main CLP 🇨🇱,Expense,Personal Care,50000.0,CLP,50000.0,,terapia,2025-02-15,2025-W07,2025-02,2025,Gastos fijos
2025-02-15 11:29:55+00:00,Main CLP 🇨🇱,Expense,Shopping,5490.0,CLP,5490.0,Pulas,,2025-02-15,2025-W07,2025-02,2025,Chao culpa
2025-02-15 11:30:02+00:00,Main CLP 🇨🇱,Expense,Snacks & Coffee,2390.0,CLP,2390.0,,,2025-02-15,2025-W07,2025-02,2025,Chao culpa
2025-02-15 11:40:07+00:00,Main CLP 🇨🇱,Expense,Pharmacy ,3990.0,CLP,3990.0,,,2025-02-15,2025-W07,2025-02,2025,Gastos fijos
2025-02-15 23:07:24+00:00,Main CLP 🇨🇱,Expense,Activities,16167.0,CLP,16167.0,Cuota paseo valle olivares con Damir,,2025-02-15,2025-W07,2025-02,2025,Chao culpa
2025-02-21 13:07:49+00:00,Main CLP 🇨🇱,Expense,Healthcare,8892.0,CLP,8892.0,Consulta traumatologo piña,,2025-02-21,2025-W08,2025-02,2025,Gastos fijos
2025-02-21 13:08:12+00:00,Main CLP 🇨🇱,Expense,Healthcare,33908.0,CLP,33908.0,Inyección intramuscular ,,2025-02-21,2025-W08,2025-02,2025,Gastos fijos
2025-02-21 13:28:24+00:00,Main CLP 🇨🇱,Expense,Pharmacy ,18559.0,CLP,18559.0,Doloten,,2025-02-21,2025-W08,2025-02,2025,Gastos fijos
2025-02-21 13:35:11+00:00,Main CLP 🇨🇱,Expense,Transport,4610.0,CLP,4610.0,,taxi,2025-02-21,2025-W08,2025-02,2025,Gastos fijos
2025-02-21 13:35:36+00:00,Main CLP 🇨🇱,Expense,Transport,3770.0,CLP,3770.0,,taxi,2025-02-21,2025-W08,2025-02,2025,Gastos fijos
2025-02-21 14:40:50+00:00,Main CLP 🇨🇱,Income,Extra Income,100000.0,CLP,100000.0,Mama aporte gastos médicos ,,2025-02-21,2025-W08,2025-02,2025,Otros
2025-02-21 19:00:56+00:00,Main CLP 🇨🇱,Income,Sale,10000.0,CLP,10000.0,Cargador viaje anker ,,2025-02-21,2025-W08,2025-02,2025,Otros
2025-02-21 21:31:20+00:00,Main CLP 🇨🇱,Expense,Subscriptions,5990.0,CLP,5990.0,Screen zen for ios tip for lifetime access,,2025-02-21,2025-W08,2025-02,2025,Gastos fijos
2025-02-22 13:51:13+00:00,Main CLP 🇨🇱,Expense,Shopping,23666.0,CLP,23666.0,Temu varios bici y cuadernos,,2025-02-22,2025-W08,2025-02,2025,Chao culpa
2025-02-23 14:09:44+00:00,Main CLP 🇨🇱,Expense,Subscriptions,790.0,CLP,790.0,Apple icloud plus 50 gb ,,2025-02-23,2025-W08,2025-02,2025,Gastos fijos
2025-02-23 17:15:30+00:00,Main CLP 🇨🇱,Income,Sale,25000.0,CLP,25000.0,Petzl headlamp verde,,2025-02-23,2025-W08,2025-02,2025,Otros
2025-02-23 19:17:13+00:00,Main CLP 🇨🇱,Expense,Insurance,3375.0,CLP,3375.0,Febrero proporcional,seguro-bice,2025-02-23,2025-W08,2025-02,2025,Gastos fijos
2025-02-24 17:34:50+00:00,Main CLP 🇨🇱,Income,Sale,15000.0,CLP,15000.0,Triggers flash Yongnuo ,,2025-02-24,2025-W09,2025-02,2025,Otros
2025-02-24 17:48:14+00:00,Main CLP 🇨🇱,Expense,Groceries,17560.0,CLP,17560.0,,supermercado,2025-02-24,2025-W09,2025-02,2025,Gastos fijos
2025-02-25 14:14:51+00:00,Main CLP 🇨🇱,Expense,Transport,4639.0,CLP,4639.0,,taxi,2025-02-25,2025-W09,2025-02,2025,Gastos fijos
2025-02-25 14:38:05+00:00,Main CLP 🇨🇱,Expense,Healthcare,95586.0,CLP,95586.0,Resonancia Columna Lumbar Clínica Santa Maria,,2025-02-25,2025-W09,2025-02,2025,Gastos fijos
2025-02-25 15:31:24+00:00,Main CLP 🇨🇱,Expense,Healthcare,8892.0,CLP,8892.0,Consulta traumatología Santos,,2025-02-25,2025-W09,2025-02,2025,Gastos fijos
2025-02-25 16:22:18+00:00,Main CLP 🇨🇱,Expense,Maintenance ,25500.0,CLP,25500.0,Rodi bike - cambio desviador delantero,,2025-02-25,2025-W09,2025-02,2025,Gastos fijos
2025-02-25 16:38:01+00:00,Main CLP 🇨🇱,Expense,Groceries,3000.0,CLP,3000.0,,goodmeal,2025-02-25,2025-W09,2025-02,2025,Gastos fijos
2025-02-25 17:15:36+00:00,Main CLP 🇨🇱,Expense,Transport,2000.0,CLP,2000.0,,taxi,2025-02-25,2025-W09,2025-02,2025,Gastos fijos
2025-02-26 20:55:23+00:00,Main CLP 🇨🇱,Income,Sale,60000.0,CLP,60000.0,Sandisk SSD 500 gb,,2025-02-26,2025-W09,2025-02,2025,Otros
2025-02-27 15:14:16+00:00,Main CLP 🇨🇱,Expense,Other,32500.0,CLP,32500.0,Microdosis Alberto prado,,2025-02-27,2025-W09,2025-02,2025,Gastos fijos
2025-02-27 19:27:16+00:00,Main CLP 🇨🇱,Income,Insurance Payout,11096.0,CLP,11096.0,Fonoaudiologo 1,,2025-02-27,2025-W09,2025-02,2025,Otros
2025-02-28 02:10:54+00:00,Main CLP 🇨🇱,Expense,Alcohol,1850.0,CLP,1850.0,,,2025-02-28,2025-W09,2025-02,2025,Chao culpa
2025-02-28 02:12:57+00:00,Main CLP 🇨🇱,Expense,Groceries,5100.0,CLP,5100.0,,,2025-02-28,2025-W09,2025-02,2025,Gastos fijos
2025-02-28 20:27:50+00:00,Main CLP 🇨🇱,Expense,Education,4990.0,CLP,4990.0,Curso dmestila productividad para creativos ,,2025-02-28,2025-W09,2025-02,2025,Secundarios
2025-02-28 21:22:48+00:00,Main CLP 🇨🇱,Expense,Groceries,18335.0,CLP,18335.0,Snack s dulces,,2025-02-28,2025-W09,2025-02,2025,Gastos fijos
2025-03-01 01:23:11+00:00,Main CLP 🇨🇱,Expense,Education,35000.0,CLP,35000.0,Joshua fonoaudilogo 1 x febrero ,,2025-03-01,2025-W09,2025-03,2025,Secundarios
2025-03-01 20:12:34+00:00,Main CLP 🇨🇱,Expense,Groceries,31520.0,CLP,31520.0,Cosas cumpleaños ,,2025-03-01,2025-W09,2025-03,2025,Gastos fijos
2025-03-01 23:37:37+00:00,Main CLP 🇨🇱,Income,Sale,20000.0,CLP,20000.0,Funda tomtpc 15 pulgadas ,,2025-03-01,2025-W09,2025-03,2025,Otros
2025-03-02 14:24:29+00:00,Main CLP 🇨🇱,Expense,Utilities,9742.0,CLP,9742.0,Plan entel,,2025-03-02,2025-W09,2025-03,2025,Gastos fijos
2025-03-02 14:55:33+00:00,Main CLP 🇨🇱,Expense,Healthcare,18264.0,CLP,18264.0,Kinesiologo - primera sesion y evaluación ,,2025-03-02,2025-W09,2025-03,2025,Gastos fijos
2025-03-02 16:02:11+00:00,Main CLP 🇨🇱,Expense,Groceries,17511.0,CLP,17511.0,Cosas asado,,2025-03-02,2025-W09,2025-03,2025,Gastos fijos
2025-03-02 16:02:43+00:00,Main CLP 🇨🇱,Income,Refund,30000.0,CLP,30000.0,Canje puntos líder latam pass,,2025-03-02,2025-W09,2025-03,2025,Otros
2025-03-02 19:38:35+00:00,Main CLP 🇨🇱,Expense,Insurance,157452.0,CLP,157452.0,,,2025-03-02,2025-W09,2025-03,2025,Gastos fijos
2025-03-02 19:38:56+00:00,Main CLP 🇨🇱,Income,Extra Income,160000.0,CLP,160000.0,Mama aporte para isapre,,2025-03-02,2025-W09,2025-03,2025,Otros
2025-03-03 18:49:18+00:00,Main CLP 🇨🇱,Expense,Shopping,9990.0,CLP,9990.0,Cable microfono 3 metros,music,2025-03-03,2025-W10,2025-03,2025,Chao culpa
2025-03-03 22:38:00+00:00,Main CLP 🇨🇱,Expense,Gifts,12000.0,CLP,12000.0,Aporte bici martin,,2025-03-03,2025-W10,2025-03,2025,Chao culpa
2025-03-04 03:03:04+00:00,Main CLP 🇨🇱,Income,Gifts,40000.0,CLP,40000.0,mama masaje,,2025-03-04,2025-W10,2025-03,2025,Chao culpa
2025-03-04 19:10:24+00:00,Main CLP 🇨🇱,Expense,Personal Care,15000.0,CLP,15000.0,Corte de pelo ,,2025-03-04,2025-W10,2025-03,2025,Gastos fijos
2025-03-04 19:10:36+00:00,Main CLP 🇨🇱,Expense,Personal Care,40000.0,CLP,40000.0,Masaje descontra turantw gaston,,2025-03-04,2025-W10,2025-03,2025,Gastos fijos
2025-03-05 00:53:02+00:00,Main CLP 🇨🇱,Expense,Education,4990.0,CLP,4990.0,Curso domestika,,2025-03-05,2025-W10,2025-03,2025,Secundarios
2025-03-05 14:47:23+00:00,Main CLP 🇨🇱,Expense,Healthcare,5175.0,CLP,5175.0,Kine,,2025-03-05,2025-W10,2025-03,2025,Gastos fijos
2025-03-05 17:24:03+00:00,Main CLP 🇨🇱,Expense,Snacks & Coffee,3010.0,CLP,3010.0,,,2025-03-05,2025-W10,2025-03,2025,Chao culpa
2025-03-06 01:09:36+00:00,Main CLP 🇨🇱,Expense,Personal Care,50000.0,CLP,50000.0,sesion marzo 1,terapia,2025-03-06,2025-W10,2025-03,2025,Gastos fijos
2025-03-06 18:01:24+00:00,Main CLP 🇨🇱,Expense,Insurance,43576.0,CLP,43576.0,Prima seguro premium bice vida marzo,seguro-bice,2025-03-06,2025-W10,2025-03,2025,Gastos fijos
2025-03-06 18:16:35+00:00,Main CLP 🇨🇱,Income,Sale,10000.0,CLP,10000.0,2 estuxhes canon,,2025-03-06,2025-W10,2025-03,2025,Otros
2025-03-06 21:11:42+00:00,Main CLP 🇨🇱,Expense,Groceries,19060.0,CLP,19060.0,Cervezas y snac cumple ii,,2025-03-06,2025-W10,2025-03,2025,Gastos fijos
2025-03-06 21:50:23+00:00,Main CLP 🇨🇱,Income,Sale,75000.0,CLP,75000.0,Monitor portatil lcd 14,,2025-03-06,2025-W10,2025-03,2025,Otros
2025-03-07 18:49:54+00:00,Main CLP 🇨🇱,Expense,Transport,4910.0,CLP,4910.0,,taxi,2025-03-07,2025-W10,2025-03,2025,Gastos fijos
2025-03-07 19:23:43+00:00,Main CLP 🇨🇱,Income,Insurance Payout,11096.0,CLP,11096.0,Fonoaudiologo ,,2025-03-07,2025-W10,2025-03,2025,Otros
2025-03-08 14:38:38+00:00,Main CLP 🇨🇱,Income,Gifts,350000.0,CLP,350000.0,Regalo cumple Mama,,2025-03-08,2025-W10,2025-03,2025,Chao culpa
2025-03-08 19:45:03+00:00,Main CLP 🇨🇱,Expense,Transport,7130.0,CLP,7130.0,,taxi,2025-03-08,2025-W10,2025-03,2025,Gastos fijos
2025-03-10 03:59:03+00:00,Main CLP 🇨🇱,Expense,Shopping,8500.0,CLP,8500.0,Difusor flash,photography ,2025-03-10,2025-W11,2025-03,2025,Chao culpa
2025-03-10 14:07:48+00:00,Main CLP 🇨🇱,Expense,Groceries,5110.0,CLP,5110.0,,,2025-03-10,2025-W11,2025-03,2025,Gastos fijos
2025-03-10 14:07:57+00:00,Main CLP 🇨🇱,Expense,Groceries,6000.0,CLP,6000.0,,,2025-03-10,2025-W11,2025-03,2025,Gastos fijos
2025-03-10 15:15:35+00:00,Main CLP 🇨🇱,Expense,Healthcare,5175.0,CLP,5175.0,Kine,,2025-03-10,2025-W11,2025-03,2025,Gastos fijos
2025-03-10 16:17:24+00:00,Main CLP 🇨🇱,Expense,Maintenance ,18000.0,CLP,18000.0,Reparación zapatillas Adidas terrez,,2025-03-10,2025-W11,2025-03,2025,Gastos fijos
2025-03-10 20:02:30+00:00,Main CLP 🇨🇱,Expense,Personal Care,63000.0,CLP,63000.0,Sesión astrología alice Thomas ,,2025-03-10,2025-W11,2025-03,2025,Gastos fijos
2025-03-11 03:51:32+00:00,Main CLP 🇨🇱,Expense,Shopping,11890.0,CLP,11890.0,Jung - el hombre y sus simbolos,books,2025-03-11,2025-W11,2025-03,2025,Chao culpa
2025-03-11 22:34:51+00:00,Main CLP 🇨🇱,Expense,Groceries,3380.0,CLP,3380.0,,,2025-03-11,2025-W11,2025-03,2025,Gastos fijos
2025-03-11 22:34:59+00:00,Main CLP 🇨🇱,Expense,Shopping,2600.0,CLP,2600.0,,,2025-03-11,2025-W11,2025-03,2025,Chao culpa
2025-03-12 12:22:36+00:00,Main CLP 🇨🇱,Expense,Healthcare,5175.0,CLP,5175.0,,kinesiologo,2025-03-12,2025-W11,2025-03,2025,Gastos fijos
2025-03-12 15:31:00+00:00,Main CLP 🇨🇱,Expense,Maintenance ,3820.0,CLP,3820.0,Carnet renovación ,,2025-03-12,2025-W11,2025-03,2025,Gastos fijos
2025-03-13 00:55:49+00:00,Main CLP 🇨🇱,Expense,Restaurant,10395.0,CLP,10395.0,,,2025-03-13,2025-W11,2025-03,2025,Chao culpa
2025-03-13 16:39:33+00:00,Main CLP 🇨🇱,Expense,Restaurant,5462.0,CLP,5462.0,Domino,,2025-03-13,2025-W11,2025-03,2025,Chao culpa
2025-03-13 17:00:37+00:00,Main CLP 🇨🇱,Expense,Snacks & Coffee,2700.0,CLP,2700.0,,,2025-03-13,2025-W11,2025-03,2025,Chao culpa
2025-03-14 12:02:47+00:00,Main CLP 🇨🇱,Expense,Groceries,6589.0,CLP,6589.0,,supermercado,2025-03-14,2025-W11,2025-03,2025,Gastos fijos
2025-03-14 21:51:25+00:00,Main CLP 🇨🇱,Expense,Education,35000.0,CLP,35000.0,,vocal coaching ,2025-03-14,2025-W11,2025-03,2025,Secundarios
2025-03-14 22:57:05+00:00,Main CLP 🇨🇱,Expense,Transport,3260.0,CLP,3260.0,,taxi,2025-03-14,2025-W11,2025-03,2025,Gastos fijos
2025-03-15 00:44:13+00:00,Main CLP 🇨🇱,Expense,Alcohol,11220.0,CLP,11220.0,Honesto mike,,2025-03-15,2025-W11,2025-03,2025,Chao culpa
2025-03-15 17:08:00+00:00,Main CLP 🇨🇱,Income,Sale,25000.0,CLP,25000.0,Filtro 77mm polarizado tiffen,photography ,2025-03-15,2025-W11,2025-03,2025,Otros
2025-03-16 06:07:28+00:00,Main CLP 🇨🇱,Expense,Transport,7280.0,CLP,7280.0,,taxi,2025-03-16,2025-W11,2025-03,2025,Gastos fijos
2025-03-17 21:52:04+00:00,Main CLP 🇨🇱,Income,Sale,90000.0,CLP,90000.0,Ssd 1 tb a mama,,2025-03-17,2025-W12,2025-03,2025,Otros
2025-03-17 23:08:55+00:00,Main CLP 🇨🇱,Expense,Sport,1.0,CLP,1.0,Clases de febrero movidas por lesiones x4 ,yoga,2025-03-17,2025-W12,2025-03,2025,Secundarios
2025-03-17 23:09:23+00:00,Main CLP 🇨🇱,Expense,Sport,1.0,CLP,1.0,Clases febrero movidas x6 stade frances,natacion,2025-03-17,2025-W12,2025-03,2025,Secundarios
2025-03-20 13:11:07+00:00,Main CLP 🇨🇱,Expense,Other,70000.0,CLP,70000.0,Honorarios abogado ispre salud mental,,2025-03-20,2025-W12,2025-03,2025,Gastos fijos
2025-03-21 16:46:41+00:00,Main CLP 🇨🇱,Income,Insurance Payout,21508.0,CLP,21508.0,masaje desconc,,2025-03-21,2025-W12,2025-03,2025,Otros
2025-03-21 18:54:08+00:00,Main CLP 🇨🇱,Income,Insurance Payout,21508.0,CLP,21508.0,Reembolso msasaje espalda ,,2025-03-21,2025-W12,2025-03,2025,Otros
2025-03-21 18:54:49+00:00,Main CLP 🇨🇱,Income,Insurance Payout,11096.0,CLP,11096.0,Fonoaudilogo,,2025-03-21,2025-W12,2025-03,2025,Otros
2025-03-21 22:37:56+00:00,Main CLP 🇨🇱,Expense,Pharmacy ,5687.0,CLP,5687.0,Condenes sken x3,,2025-03-21,2025-W12,2025-03,2025,Gastos fijos
2025-03-21 22:42:38+00:00,Main CLP 🇨🇱,Expense,Groceries,35600.0,CLP,35600.0,Cpndones y varios zuko go linoieza,,2025-03-21,2025-W12,2025-03,2025,Gastos fijos
2025-03-22 00:26:50+00:00,Main CLP 🇨🇱,Expense,Transport,4490.0,CLP,4490.0,,taxi,2025-03-22,2025-W12,2025-03,2025,Gastos fijos
2025-03-22 02:27:46+00:00,Main CLP 🇨🇱,Expense,Restaurant,24200.0,CLP,24200.0,Bravo 951,,2025-03-22,2025-W12,2025-03,2025,Chao culpa
2025-03-22 02:58:13+00:00,Main CLP 🇨🇱,Expense,Transport,4490.0,CLP,4490.0,,taxi,2025-03-22,2025-W12,2025-03,2025,Gastos fijos
2025-03-23 14:09:44+00:00,Main CLP 🇨🇱,Expense,Subscriptions,790.0,CLP,790.0,Apple icloud plus 50 gb ,,2025-03-23,2025-W12,2025-03,2025,Gastos fijos
2025-03-23 20:30:02+00:00,Main CLP 🇨🇱,Expense,Transport,20000.0,CLP,20000.0,Carga 20 litros geronimo,gas,2025-03-23,2025-W12,2025-03,2025,Gastos fijos
2025-03-24 02:19:16+00:00,Main CLP 🇨🇱,Expense,Alcohol,6380.0,CLP,6380.0,,,2025-03-24,2025-W13,2025-03,2025,Chao culpa
2025-03-24 14:58:48+00:00,Main CLP 🇨🇱,Expense,Healthcare,5175.0,CLP,5175.0,,kinesiologo,2025-03-24,2025-W13,2025-03,2025,Gastos fijos
2025-03-24 16:45:17+00:00,Main CLP 🇨🇱,Income,Sale,5000.0,CLP,5000.0,Lapop finda hp,,2025-03-24,2025-W13,2025-03,2025,Otros
2025-03-24 16:45:28+00:00,Main CLP 🇨🇱,Income,Sale,10000.0,CLP,10000.0,Parlante bici,,2025-03-24,2025-W13,2025-03,2025,Otros
2025-03-25 15:30:59+00:00,Main CLP 🇨🇱,Expense,Snacks & Coffee,3500.0,CLP,3500.0,,,2025-03-25,2025-W13,2025-03,2025,Chao culpa
2025-03-25 16:22:39+00:00,Main CLP 🇨🇱,Income,Insurance Payout,8175.0,CLP,8175.0,,terapia,2025-03-25,2025-W13,2025-03,2025,Otros
2025-03-25 19:45:57+00:00,Main CLP 🇨🇱,Expense,Personal Care,60500.0,CLP,60500.0,Perforacion segundo oreja mas argola de 25k,,2025-03-25,2025-W13,2025-03,2025,Gastos fijos
2025-03-25 20:15:05+00:00,Main CLP 🇨🇱,Expense,Pharmacy ,14947.0,CLP,14947.0,,,2025-03-25,2025-W13,2025-03,2025,Gastos fijos
2025-03-25 23:23:48+00:00,Main CLP 🇨🇱,Expense,Groceries,8563.0,CLP,8563.0,Lider y use 17k en canjeados,supermercado,2025-03-25,2025-W13,2025-03,2025,Gastos fijos
2025-03-26 13:46:50+00:00,Main CLP 🇨🇱,Expense,Healthcare,5175.0,CLP,5175.0,,kinesiologo,2025-03-26,2025-W13,2025-03,2025,Gastos fijos
2025-03-26 14:52:33+00:00,Main CLP 🇨🇱,Expense,Sport,15000.0,CLP,15000.0,Semana prueba yoga padma,,2025-03-26,2025-W13,2025-03,2025,Secundarios
2025-03-26 22:29:12+00:00,Main CLP 🇨🇱,Expense,Restaurant,2790.0,CLP,2790.0,,,2025-03-26,2025-W13,2025-03,2025,Chao culpa
2025-03-28 14:25:44+00:00,Main CLP 🇨🇱,Income,Sale,41000.0,CLP,41000.0,Disco duro wd 2 tb negro,,2025-03-28,2025-W13,2025-03,2025,Otros
2025-03-28 17:15:49+00:00,Main CLP 🇨🇱,Expense,Utilities,9742.0,CLP,9742.0,Entel,,2025-03-28,2025-W13,2025-03,2025,Gastos fijos
2025-03-29 02:14:58+00:00,Main CLP 🇨🇱,Expense,Restaurant,13000.0,CLP,13000.0,Bao bar,,2025-03-29,2025-W13,2025-03,2025,Chao culpa
2025-03-30 20:10:15+00:00,Main CLP 🇨🇱,Expense,Groceries,16225.0,CLP,16225.0,,,2025-03-30,2025-W13,2025-03,2025,Gastos fijos
2025-03-30 20:58:28+00:00,Main CLP 🇨🇱,Expense,Snacks & Coffee,5380.0,CLP,5380.0,,,2025-03-30,2025-W13,2025-03,2025,Chao culpa
2025-03-31 14:43:18+00:00,Main CLP 🇨🇱,Expense,Healthcare,20698.0,CLP,20698.0,,kinesiologo,2025-03-31,2025-W14,2025-03,2025,Gastos fijos
2025-03-31 18:31:21+00:00,Main CLP 🇨🇱,Expense,Education,283830.0,CLP,283830.0,"Mentoria Tamara Merino - 3 sesiones, 100 usd, rate 946",,2025-03-31,2025-W14,2025-03,2025,Secundarios
2025-04-01 15:15:22+00:00,Main CLP 🇨🇱,Expense,Insurance,158455.0,CLP,158455.0,,isapre-colmena,2025-04-01,2025-W14,2025-04,2025,Gastos fijos
2025-04-01 20:42:07+00:00,Main CLP 🇨🇱,Expense,Groceries,3150.0,CLP,3150.0,,goodmeal,2025-04-01,2025-W14,2025-04,2025,Gastos fijos
2025-04-01 22:13:44+00:00,Main CLP 🇨🇱,Expense,Groceries,1350.0,CLP,1350.0,,verduleria,2025-04-01,2025-W14,2025-04,2025,Gastos fijos
2025-04-02 05:44:07+00:00,Main CLP 🇨🇱,Expense,Subscriptions,29900.0,CLP,29900.0,Bumble premium plus 3 meses,,2025-04-02,2025-W14,2025-04,2025,Gastos fijos
2025-04-02 14:24:29+00:00,Main CLP 🇨🇱,Expense,Utilities,9742.0,CLP,9742.0,Plan entel,,2025-04-02,2025-W14,2025-04,2025,Gastos fijos
2025-04-02 15:11:01+00:00,Main CLP 🇨🇱,Expense,Healthcare,20698.0,CLP,20698.0,,kinesiologo,2025-04-02,2025-W14,2025-04,2025,Gastos fijos
2025-04-02 15:12:20+00:00,Main CLP 🇨🇱,Expense,Sport,87700.0,CLP,87700.0,Cuota incorporación socio club providencia y primer mes nado,natacion,2025-04-02,2025-W14,2025-04,2025,Secundarios
2025-04-02 20:43:39+00:00,Main CLP 🇨🇱,Income,Sale,120000.0,CLP,120000.0,Comisión venta lente Olympus 12 40,,2025-04-02,2025-W14,2025-04,2025,Otros
2025-04-02 20:43:57+00:00,Main CLP 🇨🇱,Income,Sale,114000.0,CLP,114000.0,Comisión lente 70 200,,2025-04-02,2025-W14,2025-04,2025,Otros
2025-04-03 00:20:08+00:00,Main CLP 🇨🇱,Expense,Shopping,170000.0,CLP,170000.0,Amplicador yamaha thr5 usado,music,2025-04-03,2025-W14,2025-04,2025,Chao culpa
2025-04-03 16:04:23+00:00,Main CLP 🇨🇱,Expense,Snacks & Coffee,3190.0,CLP,3190.0,,,2025-04-03,2025-W14,2025-04,2025,Chao culpa
2025-04-03 16:04:33+00:00,Main CLP 🇨🇱,Expense,Snacks & Coffee,2750.0,CLP,2750.0,,,2025-04-03,2025-W14,2025-04,2025,Chao culpa
2025-04-04 20:29:41+00:00,Main CLP 🇨🇱,Expense,Sport,50000.0,CLP,50000.0,Padma abril 12 clases ,yoga,2025-04-04,2025-W14,2025-04,2025,Secundarios
2025-04-05 14:57:50+00:00,Main CLP 🇨🇱,Expense,Shopping,1640000.0,CLP,1640000.0,Sony a7 cii,photography ,2025-04-05,2025-W14,2025-04,2025,Chao culpa
2025-04-05 19:54:09+00:00,Main CLP 🇨🇱,Expense,Restaurant,9020.0,CLP,9020.0,,,2025-04-05,2025-W14,2025-04,2025,Chao culpa
2025-04-05 21:13:36+00:00,Main CLP 🇨🇱,Expense,Snacks & Coffee,2600.0,CLP,2600.0,,,2025-04-05,2025-W14,2025-04,2025,Chao culpa
2025-04-06 21:13:01+00:00,Main CLP 🇨🇱,Expense,Transport,7800.0,CLP,7800.0,Santiago a placilla,bus,2025-04-06,2025-W14,2025-04,2025,Gastos fijos
2025-04-07 21:44:19+00:00,Main CLP 🇨🇱,Income,Sale,12000.0,CLP,12000.0,Comisión Banano lowepro,,2025-04-07,2025-W15,2025-04,2025,Otros
2025-04-10 14:40:35+00:00,Main CLP 🇨🇱,Expense,Snacks & Coffee,6170.0,CLP,6170.0,,,2025-04-10,2025-W15,2025-04,2025,Chao culpa
2025-04-10 16:05:27+00:00,Main CLP 🇨🇱,Expense,Healthcare,20698.0,CLP,20698.0,,kinesiologo,2025-04-10,2025-W15,2025-04,2025,Gastos fijos
2025-04-10 16:31:43+00:00,Main CLP 🇨🇱,Expense,Healthcare,50000.0,CLP,50000.0,,terapia,2025-04-10,2025-W15,2025-04,2025,Gastos fijos
2025-04-10 17:58:18+00:00,Main CLP 🇨🇱,Income,Sale,87000.0,CLP,87000.0,Comisión lumix 100 300,,2025-04-10,2025-W15,2025-04,2025,Otros
2025-04-10 22:57:12+00:00,Main CLP 🇨🇱,Income,Sale,40000.0,CLP,40000.0,Pedal chorus,,2025-04-10,2025-W15,2025-04,2025,Otros
2025-04-10 22:57:42+00:00,Main CLP 🇨🇱,Income,Sale,16000.0,CLP,16000.0,Cds dream theater budokan y scenes live,,2025-04-10,2025-W15,2025-04,2025,Otros
2025-04-11 00:18:33+00:00,Main CLP 🇨🇱,Expense,Activities,4000.0,CLP,4000.0,Clase baile cueca en pupuya,,2025-04-11,2025-W15,2025-04,2025,Chao culpa
2025-04-11 02:33:06+00:00,Main CLP 🇨🇱,Expense,Restaurant,12100.0,CLP,12100.0,Pupuya,,2025-04-11,2025-W15,2025-04,2025,Chao culpa
2025-04-11 22:27:54+00:00,Main CLP 🇨🇱,Expense,Groceries,13770.0,CLP,13770.0,,,2025-04-11,2025-W15,2025-04,2025,Gastos fijos
2025-04-12 20:08:19+00:00,Main CLP 🇨🇱,Expense,Activities,23000.0,CLP,23000.0,Pedropiedra,,2025-04-12,2025-W15,2025-04,2025,Chao culpa
2025-04-16 13:34:49+00:00,Main CLP 🇨🇱,Income,Sale,216000.0,CLP,216000.0,Comisión lente Olympus 12 100,,2025-04-16,2025-W16,2025-04,2025,Otros
2025-04-16 16:33:02+00:00,Main CLP 🇨🇱,Income,Insurance Payout,8750.0,CLP,8750.0,,terapia,2025-04-16,2025-W16,2025-04,2025,Otros
2025-04-16 16:33:21+00:00,Main CLP 🇨🇱,Income,Insurance Payout,8750.0,CLP,8750.0,,terapia,2025-04-16,2025-W16,2025-04,2025,Otros
2025-04-16 17:56:29+00:00,Main CLP 🇨🇱,Expense,Groceries,14575.0,CLP,14575.0,,supermercado,2025-04-16,2025-W16,2025-04,2025,Gastos fijos
2025-04-16 20:44:47+00:00,Main CLP 🇨🇱,Income,Sale,25000.0,CLP,25000.0,Blueray inron Maiden y DVD dream scenes ,,2025-04-16,2025-W16,2025-04,2025,Otros
2025-04-16 22:53:19+00:00,Main CLP 🇨🇱,Expense,Groceries,3150.0,CLP,3150.0,,goodmeal,2025-04-16,2025-W16,2025-04,2025,Gastos fijos
2025-04-17 14:30:43+00:00,Main CLP 🇨🇱,Expense,Maintenance ,15000.0,CLP,15000.0,Cambio cámara y ajuste camnios,,2025-04-17,2025-W16,2025-04,2025,Gastos fijos
2025-04-17 15:33:14+00:00,Main CLP 🇨🇱,Income,Insurance Payout,1541216.0,CLP,1541216.0,Seguro cesantia pago 1 de 3,,2025-04-17,2025-W16,2025-04,2025,Otros
2025-04-17 22:08:04+00:00,Main CLP 🇨🇱,Expense,Shopping,9990.0,CLP,9990.0,Pedal sustain piano,,2025-04-17,2025-W16,2025-04,2025,Chao culpa
2025-04-18 00:40:26+00:00,Main CLP 🇨🇱,Income,Sale,13000.0,CLP,13000.0,Blue ray george harrison,,2025-04-18,2025-W16,2025-04,2025,Otros
2025-04-18 13:34:07+00:00,Main CLP 🇨🇱,Expense,Education,300000.0,CLP,300000.0,Workshop Bodas Catalina Juger,,2025-04-18,2025-W16,2025-04,2025,Secundarios
2025-04-18 19:14:50+00:00,Main CLP 🇨🇱,Expense,Groceries,13845.0,CLP,13845.0,,supermercado,2025-04-18,2025-W16,2025-04,2025,Gastos fijos
2025-04-18 19:51:04+00:00,Main CLP 🇨🇱,Expense,Groceries,13560.0,CLP,13560.0,,supermercado,2025-04-18,2025-W16,2025-04,2025,Gastos fijos
2025-04-19 14:45:24+00:00,Main CLP 🇨🇱,Income,Sale,5000.0,CLP,5000.0,Cuerdas guitara ,,2025-04-19,2025-W16,2025-04,2025,Otros
2025-04-19 23:01:55+00:00,Main CLP 🇨🇱,Expense,Snacks & Coffee,3850.0,CLP,3850.0,,,2025-04-19,2025-W16,2025-04,2025,Chao culpa
2025-04-20 01:54:09+00:00,Main CLP 🇨🇱,Expense,Restaurant,5800.0,CLP,5800.0,Pizzas,,2025-04-20,2025-W16,2025-04,2025,Chao culpa
2025-04-21 14:45:45+00:00,Main CLP 🇨🇱,Income,Sale,180000.0,CLP,180000.0,Amplicador VOX ac4 tubos,,2025-04-21,2025-W17,2025-04,2025,Otros
2025-04-22 22:01:52+00:00,Main CLP 🇨🇱,Expense,Shopping,75000.0,CLP,75000.0,Mochila lowepro 450 pro tactic ,photography ,2025-04-22,2025-W17,2025-04,2025,Chao culpa
2025-04-23 15:09:44+00:00,Main CLP 🇨🇱,Expense,Subscriptions,790.0,CLP,790.0,Apple icloud plus 50 gb ,,2025-04-23,2025-W17,2025-04,2025,Gastos fijos
2025-04-23 17:20:37+00:00,Main CLP 🇨🇱,Expense,Alcohol,6270.0,CLP,6270.0,,,2025-04-23,2025-W17,2025-04,2025,Chao culpa
2025-04-23 17:23:46+00:00,Main CLP 🇨🇱,Expense,Shopping,18000.0,CLP,18000.0,Camino del artista,books,2025-04-23,2025-W17,2025-04,2025,Chao culpa
2025-04-23 17:24:10+00:00,Main CLP 🇨🇱,Expense,Snacks & Coffee,6490.0,CLP,6490.0,Brekii café y pelota coco,,2025-04-23,2025-W17,2025-04,2025,Chao culpa
2025-04-24 02:08:05+00:00,Main CLP 🇨🇱,Expense,Restaurant,19740.0,CLP,19740.0,La popular con mila,,2025-04-24,2025-W17,2025-04,2025,Chao culpa
2025-04-24 04:24:28+00:00,Main CLP 🇨🇱,Expense,Alcohol,6270.0,CLP,6270.0,,,2025-04-24,2025-W17,2025-04,2025,Chao culpa
2025-04-24 17:18:46+00:00,Main CLP 🇨🇱,Expense,Groceries,23890.0,CLP,23890.0,,,2025-04-24,2025-W17,2025-04,2025,Gastos fijos
2025-04-24 22:31:40+00:00,Main CLP 🇨🇱,Expense,Gifts,5520.0,CLP,5520.0,,,2025-04-24,2025-W17,2025-04,2025,Chao culpa
2025-04-25 02:12:38+00:00,Main CLP 🇨🇱,Expense,Groceries,4199.0,CLP,4199.0,,,2025-04-25,2025-W17,2025-04,2025,Gastos fijos
2025-04-27 22:08:30+00:00,Main CLP 🇨🇱,Expense,Groceries,25339.0,CLP,25339.0,,,2025-04-27,2025-W17,2025-04,2025,Gastos fijos
2025-04-28 20:43:40+00:00,Main CLP 🇨🇱,Expense,Tax,159302.0,CLP,159302.0,Contribuciones abril,,2025-04-28,2025-W18,2025-04,2025,Gastos fijos
2025-04-29 16:51:25+00:00,Main CLP 🇨🇱,Expense,Utilities,9742.0,CLP,9742.0,,mobile,2025-04-29,2025-W18,2025-04,2025,Gastos fijos
2025-04-29 21:30:44+00:00,Main CLP 🇨🇱,Income,Sale,810000.0,CLP,810000.0,Lente Sony 24-50 con 10% comisión rincón fotográfico por venta ,photography ,2025-04-29,2025-W18,2025-04,2025,Otros
2025-04-30 22:11:16+00:00,Main CLP 🇨🇱,Income,Sale,50000.0,CLP,50000.0,Amazon diré 10,,2025-04-30,2025-W18,2025-04,2025,Otros
2025-04-30 22:32:38+00:00,Main CLP 🇨🇱,Expense,Education,35000.0,CLP,35000.0,Joshua vocals ,,2025-04-30,2025-W18,2025-04,2025,Secundarios
2025-05-01 20:15:04+00:00,Main CLP 🇨🇱,Expense,Shopping,5240.0,CLP,5240.0,Libreta journal,,2025-05-01,2025-W18,2025-05,2025,Chao culpa
2025-05-02 15:52:57+00:00,Main CLP 🇨🇱,Income,Sale,14500.0,CLP,14500.0,Mochila altura photo,,2025-05-02,2025-W18,2025-05,2025,Otros
2025-05-02 16:17:58+00:00,Main CLP 🇨🇱,Expense,Sport,56200.0,CLP,56200.0,,natacion,2025-05-02,2025-W18,2025-05,2025,Secundarios
2025-05-02 19:52:22+00:00,Main CLP 🇨🇱,Expense,Shopping,29980.0,CLP,29980.0,Sillin y atril piano,,2025-05-02,2025-W18,2025-05,2025,Chao culpa
2025-05-02 20:27:47+00:00,Main CLP 🇨🇱,Expense,Maintenance ,52000.0,CLP,52000.0,Cambio llanta trek bici,,2025-05-02,2025-W18,2025-05,2025,Gastos fijos
2025-05-03 21:30:19+00:00,Main CLP 🇨🇱,Expense,Activities,20700.0,CLP,20700.0,Gepe en Club Chocolate ,,2025-05-03,2025-W18,2025-05,2025,Chao culpa
2025-05-04 20:43:38+00:00,Main CLP 🇨🇱,Expense,Groceries,14760.0,CLP,14760.0,,supermercado,2025-05-04,2025-W18,2025-05,2025,Gastos fijos
2025-05-04 23:15:48+00:00,Main CLP 🇨🇱,Expense,Groceries,9830.0,CLP,9830.0,Lider,,2025-05-04,2025-W18,2025-05,2025,Gastos fijos
2025-05-05 00:16:41+00:00,Main CLP 🇨🇱,Expense,Shopping,14490.0,CLP,14490.0,Microfono sm 58 replica ,,2025-05-05,2025-W19,2025-05,2025,Chao culpa
2025-05-05 17:21:38+00:00,Main CLP 🇨🇱,Expense,Sport,45000.0,CLP,45000.0,Yoga padma trimestral mes 1,,2025-05-05,2025-W19,2025-05,2025,Secundarios
2025-05-05 20:17:54+00:00,Main CLP 🇨🇱,Expense,Healthcare,50000.0,CLP,50000.0,Carla giavelli,terapia,2025-05-05,2025-W19,2025-05,2025,Gastos fijos
2025-05-05 20:42:09+00:00,Main CLP 🇨🇱,Expense,Insurance,1.0,CLP,1.0,No se paga mayo colmena por cambio de plan,,2025-05-05,2025-W19,2025-05,2025,Gastos fijos
2025-05-05 20:43:21+00:00,Main CLP 🇨🇱,Expense,Groceries,6000.0,CLP,6000.0,Jumbo cheaf app,,2025-05-05,2025-W19,2025-05,2025,Gastos fijos
2025-05-06 03:36:46+00:00,Main CLP 🇨🇱,Expense,Restaurant,9130.0,CLP,9130.0,,,2025-05-06,2025-W19,2025-05,2025,Chao culpa
2025-05-07 03:07:57+00:00,Main CLP 🇨🇱,Expense,Shopping,400000.0,CLP,400000.0,guitarra yamaha nt x1,,2025-05-07,2025-W19,2025-05,2025,Chao culpa
2025-05-09 12:29:34+00:00,Main CLP 🇨🇱,Expense,Snacks & Coffee,1400.0,CLP,1400.0,,,2025-05-09,2025-W19,2025-05,2025,Chao culpa
2025-05-09 12:29:42+00:00,Main CLP 🇨🇱,Expense,Snacks & Coffee,1200.0,CLP,1200.0,,,2025-05-09,2025-W19,2025-05,2025,Chao culpa
2025-05-09 13:44:21+00:00,Main CLP 🇨🇱,Expense,Transport,22900.0,CLP,22900.0,scl a p montt,bus,2025-05-09,2025-W19,2025-05,2025,Gastos fijos
2025-05-09 15:03:03+00:00,Main CLP 🇨🇱,Expense,Shopping,139990.0,CLP,139990.0,mochila Patagonia black hole 32l,,2025-05-09,2025-W19,2025-05,2025,Chao culpa
2025-05-09 15:03:13+00:00,Main CLP 🇨🇱,Expense,Restaurant,8000.0,CLP,8000.0,pizzas,,2025-05-09,2025-W19,2025-05,2025,Chao culpa
2025-05-09 17:14:17+00:00,Main CLP 🇨🇱,Income,Sale,330000.0,CLP,330000.0,guitarra takamine nylon,,2025-05-09,2025-W19,2025-05,2025,Otros
2025-05-10 01:17:56+00:00,Main CLP 🇨🇱,Expense,Transport,8000.0,CLP,8000.0,,public-transport,2025-05-10,2025-W19,2025-05,2025,Gastos fijos
2025-05-10 01:18:20+00:00,Main CLP 🇨🇱,Expense,Transport,13800.0,CLP,13800.0,,taxi,2025-05-10,2025-W19,2025-05,2025,Gastos fijos
2025-05-10 17:16:13+00:00,Main CLP 🇨🇱,Expense,Shopping,2800.0,CLP,2800.0,,,2025-05-10,2025-W19,2025-05,2025,Chao culpa
2025-05-11 00:03:34+00:00,Main CLP 🇨🇱,Expense,Transport,3000.0,CLP,3000.0,p montt maullin,,2025-05-11,2025-W19,2025-05,2025,Gastos fijos
2025-05-11 00:29:18+00:00,Main CLP 🇨🇱,Expense,Groceries,10642.0,CLP,10642.0,,,2025-05-11,2025-W19,2025-05,2025,Gastos fijos
2025-05-11 00:39:44+00:00,Main CLP 🇨🇱,Expense,Alcohol,5800.0,CLP,5800.0,,,2025-05-11,2025-W19,2025-05,2025,Chao culpa
2025-05-11 16:52:59+00:00,Main CLP 🇨🇱,Expense,Groceries,5538.0,CLP,5538.0,,,2025-05-11,2025-W19,2025-05,2025,Gastos fijos
2025-05-11 22:08:46+00:00,Main CLP 🇨🇱,Expense,Snacks & Coffee,4700.0,CLP,4700.0,,,2025-05-11,2025-W19,2025-05,2025,Chao culpa
2025-05-12 15:58:58+00:00,Main CLP 🇨🇱,Expense,Groceries,7692.0,CLP,7692.0,,,2025-05-12,2025-W20,2025-05,2025,Gastos fijos
2025-05-12 18:35:53+00:00,Main CLP 🇨🇱,Expense,Groceries,1844.0,CLP,1844.0,,,2025-05-12,2025-W20,2025-05,2025,Gastos fijos
2025-05-12 18:35:59+00:00,Main CLP 🇨🇱,Expense,Groceries,2000.0,CLP,2000.0,,,2025-05-12,2025-W20,2025-05,2025,Gastos fijos
2025-05-12 23:06:37+00:00,Main CLP 🇨🇱,Expense,Snacks & Coffee,1650.0,CLP,1650.0,,,2025-05-12,2025-W20,2025-05,2025,Chao culpa
2025-05-12 23:06:56+00:00,Main CLP 🇨🇱,Expense,Transport,10000.0,CLP,10000.0,Ida y vuelta maulkin pasaje Amortajado ,taxi,2025-05-12,2025-W20,2025-05,2025,Gastos fijos
2025-05-13 18:34:03+00:00,Main CLP 🇨🇱,Expense,Transport,3000.0,CLP,3000.0,Maullin a puerto montt,bus,2025-05-13,2025-W20,2025-05,2025,Gastos fijos
2025-05-13 18:34:14+00:00,Main CLP 🇨🇱,Expense,Transport,800.0,CLP,800.0,,public-transport,2025-05-13,2025-W20,2025-05,2025,Gastos fijos
2025-05-13 19:48:45+00:00,Main CLP 🇨🇱,Expense,Transport,3800.0,CLP,3800.0,,taxi,2025-05-13,2025-W20,2025-05,2025,Gastos fijos
2025-05-13 19:58:41+00:00,Main CLP 🇨🇱,Expense,Snacks & Coffee,1700.0,CLP,1700.0,,,2025-05-13,2025-W20,2025-05,2025,Chao culpa
2025-05-13 22:13:27+00:00,Main CLP 🇨🇱,Expense,Transport,1000.0,CLP,1000.0,,public-transport,2025-05-13,2025-W20,2025-05,2025,Gastos fijos
2025-05-13 22:13:37+00:00,Main CLP 🇨🇱,Expense,Snacks & Coffee,2000.0,CLP,2000.0,,,2025-05-13,2025-W20,2025-05,2025,Chao culpa
2025-05-14 22:47:57+00:00,Main CLP 🇨🇱,Expense,Transport,15700.0,CLP,15700.0,Puerto Montt a Santiago - Transantin,bus,2025-05-14,2025-W20,2025-05,2025,Gastos fijos
2025-05-14 23:00:17+00:00,Main CLP 🇨🇱,Expense,Snacks & Coffee,6765.0,CLP,6765.0,Cafe y cupcake ,,2025-05-14,2025-W20,2025-05,2025,Chao culpa
2025-05-15 00:21:54+00:00,Main CLP 🇨🇱,Expense,Acommodation,20000.0,CLP,20000.0,Alojamient con lucho 4 noches 5000 per night ,,2025-05-15,2025-W20,2025-05,2025,Gastos fijos
2025-05-15 00:22:11+00:00,Main CLP 🇨🇱,Expense,Transport,1000.0,CLP,1000.0,,public-transport,2025-05-15,2025-W20,2025-05,2025,Gastos fijos
2025-05-15 00:22:59+00:00,Main CLP 🇨🇱,Expense,Transport,15700.0,CLP,15700.0,Puerto montt a Santiago ,bus,2025-05-15,2025-W20,2025-05,2025,Gastos fijos
2025-05-15 17:08:04+00:00,Main CLP 🇨🇱,Income,Insurance Payout,1321042.0,CLP,1321042.0,Pago 2 de 3 seguro cesantía ,,2025-05-15,2025-W20,2025-05,2025,Otros
2025-05-15 18:55:35+00:00,Main CLP 🇨🇱,Expense,Shopping,15990.0,CLP,15990.0,Cuerdas pro arte,,2025-05-15,2025-W20,2025-05,2025,Chao culpa
2025-05-16 05:40:26+00:00,Main CLP 🇨🇱,Expense,Activities,8800.0,CLP,8800.0,Bocho y compañía - media luna,conciertos,2025-05-16,2025-W20,2025-05,2025,Chao culpa
2025-05-16 19:47:17+00:00,Main CLP 🇨🇱,Income,Sale,240000.0,CLP,240000.0,Ssd Samsung 4TB ,,2025-05-16,2025-W20,2025-05,2025,Otros
2025-05-16 20:43:25+00:00,Main CLP 🇨🇱,Expense,Transport,4330.0,CLP,4330.0,,taxi,2025-05-16,2025-W20,2025-05,2025,Gastos fijos
2025-05-17 18:04:45+00:00,Main CLP 🇨🇱,Expense,Groceries,5450.0,CLP,5450.0,,,2025-05-17,2025-W20,2025-05,2025,Gastos fijos
2025-05-19 15:47:06+00:00,Main CLP 🇨🇱,Expense,Shopping,7918.0,CLP,7918.0,Soporte celular bici,,2025-05-19,2025-W21,2025-05,2025,Chao culpa
2025-05-19 21:40:42+00:00,Main CLP 🇨🇱,Expense,Groceries,30990.0,CLP,30990.0,,supermercado,2025-05-19,2025-W21,2025-05,2025,Gastos fijos
2025-05-20 20:38:57+00:00,Main CLP 🇨🇱,Expense,Personal Care,25000.0,CLP,25000.0,Piercing 16 x 8mm argolla ,,2025-05-20,2025-W21,2025-05,2025,Gastos fijos
2025-05-20 21:40:20+00:00,Main CLP 🇨🇱,Income,Sale,500000.0,CLP,500000.0,Venta btc a rod price 101 MM CLP,,2025-05-20,2025-W21,2025-05,2025,Otros
2025-05-22 16:40:55+00:00,Main CLP 🇨🇱,Expense,Education,282663.0,CLP,282663.0,Mentorias tamara  merino pack 3,photography ,2025-05-22,2025-W21,2025-05,2025,Secundarios
2025-05-22 16:41:19+00:00,Main CLP 🇨🇱,Expense,Education,3490.0,CLP,3490.0,Domestika gestion tiempo creativos,,2025-05-22,2025-W21,2025-05,2025,Secundarios
2025-05-22 19:23:06+00:00,Main CLP 🇨🇱,Expense,Groceries,4500.0,CLP,4500.0,,,2025-05-22,2025-W21,2025-05,2025,Gastos fijos
2025-05-23 15:09:44+00:00,Main CLP 🇨🇱,Expense,Subscriptions,790.0,CLP,790.0,Apple icloud plus 50 gb ,,2025-05-23,2025-W21,2025-05,2025,Gastos fijos
2025-05-23 21:12:10+00:00,Main CLP 🇨🇱,Expense,Shopping,16992.0,CLP,16992.0,Anteojos speedo natacion,,2025-05-23,2025-W21,2025-05,2025,Chao culpa
2025-05-23 23:31:44+00:00,Main CLP 🇨🇱,Expense,Groceries,6080.0,CLP,6080.0,,supermercado,2025-05-23,2025-W21,2025-05,2025,Gastos fijos
2025-05-23 23:32:02+00:00,Main CLP 🇨🇱,Income,Sale,250000.0,CLP,250000.0,Venta btc a rod,,2025-05-23,2025-W21,2025-05,2025,Otros
2025-05-24 15:53:43+00:00,Main CLP 🇨🇱,Expense,Transport,15700.0,CLP,15700.0,Bus Santiago puerto montt,bus,2025-05-24,2025-W21,2025-05,2025,Gastos fijos
2025-05-25 20:43:53+00:00,Main CLP 🇨🇱,Income,Sale,16000.0,CLP,16000.0,Dos discos iron maiden,,2025-05-25,2025-W21,2025-05,2025,Otros
2025-05-26 20:49:59+00:00,Main CLP 🇨🇱,Expense,Insurance,159193.0,CLP,159193.0,,isapre-colmena,2025-05-26,2025-W22,2025-05,2025,Gastos fijos
2025-05-27 14:44:12+00:00,Main CLP 🇨🇱,Expense,Snacks & Coffee,2500.0,CLP,2500.0,,,2025-05-27,2025-W22,2025-05,2025,Chao culpa
2025-05-27 14:44:23+00:00,Main CLP 🇨🇱,Expense,Transport,1000.0,CLP,1000.0,,public-transport,2025-05-27,2025-W22,2025-05,2025,Gastos fijos
2025-05-27 15:13:57+00:00,Main CLP 🇨🇱,Expense,Snacks & Coffee,1500.0,CLP,1500.0,Empanada,,2025-05-27,2025-W22,2025-05,2025,Chao culpa
2025-05-27 15:31:46+00:00,Main CLP 🇨🇱,Expense,Transport,2500.0,CLP,2500.0,,taxi,2025-05-27,2025-W22,2025-05,2025,Gastos fijos
2025-05-27 23:15:25+00:00,Main CLP 🇨🇱,Expense,Snacks & Coffee,9020.0,CLP,9020.0,,,2025-05-27,2025-W22,2025-05,2025,Chao culpa
2025-05-28 00:40:47+00:00,Main CLP 🇨🇱,Income,Sale,46000.0,CLP,46000.0,Venta entrada st Vicent,,2025-05-28,2025-W22,2025-05,2025,Otros
2025-05-28 00:40:59+00:00,Main CLP 🇨🇱,Expense,Groceries,12000.0,CLP,12000.0,,,2025-05-28,2025-W22,2025-05,2025,Gastos fijos
2025-05-28 15:26:54+00:00,Main CLP 🇨🇱,Expense,Transport,6697.0,CLP,6697.0,,taxi,2025-05-28,2025-W22,2025-05,2025,Gastos fijos
2025-05-28 15:27:00+00:00,Main CLP 🇨🇱,Expense,Transport,1000.0,CLP,1000.0,,,2025-05-28,2025-W22,2025-05,2025,Gastos fijos
2025-05-28 15:30:32+00:00,Main CLP 🇨🇱,Expense,Transport,2500.0,CLP,2500.0,,taxi,2025-05-28,2025-W22,2025-05,2025,Gastos fijos
2025-05-28 21:28:47+00:00,Main CLP 🇨🇱,Expense,Snacks & Coffee,4510.0,CLP,4510.0,,,2025-05-28,2025-W22,2025-05,2025,Chao culpa
2025-05-28 22:38:44+00:00,Main CLP 🇨🇱,Expense,Transport,2700.0,CLP,2700.0,,taxi,2025-05-28,2025-W22,2025-05,2025,Gastos fijos
2025-05-28 23:40:02+00:00,Main CLP 🇨🇱,Expense,Utilities,9742.0,CLP,9742.0,Plan entel,,2025-05-28,2025-W22,2025-05,2025,Gastos fijos
2025-05-29 16:07:57+00:00,Main CLP 🇨🇱,Expense,Transport,1000.0,CLP,1000.0,,,2025-05-29,2025-W22,2025-05,2025,Gastos fijos
2025-05-29 16:08:07+00:00,Main CLP 🇨🇱,Expense,Transport,2460.0,CLP,2460.0,,,2025-05-29,2025-W22,2025-05,2025,Gastos fijos
2025-05-29 21:39:56+00:00,Main CLP 🇨🇱,Expense,Snacks & Coffee,5665.0,CLP,5665.0,,,2025-05-29,2025-W22,2025-05,2025,Chao culpa
2025-05-29 23:40:50+00:00,Main CLP 🇨🇱,Expense,Transport,5250.0,CLP,5250.0,A terminal p Montt ,taxi,2025-05-29,2025-W22,2025-05,2025,Gastos fijos
2025-05-29 23:41:09+00:00,Main CLP 🇨🇱,Expense,Transport,3000.0,CLP,3000.0,Bus p montt Maullin ,bus,2025-05-29,2025-W22,2025-05,2025,Gastos fijos
2025-05-30 00:49:19+00:00,Main CLP 🇨🇱,Expense,Snacks & Coffee,7570.0,CLP,7570.0,,,2025-05-30,2025-W22,2025-05,2025,Chao culpa
2025-05-30 15:42:35+00:00,Main CLP 🇨🇱,Expense,Groceries,9184.0,CLP,9184.0,,,2025-05-30,2025-W22,2025-05,2025,Gastos fijos
2025-05-30 22:42:50+00:00,Main CLP 🇨🇱,Expense,Snacks & Coffee,3645.0,CLP,3645.0,,,2025-05-30,2025-W22,2025-05,2025,Chao culpa
2025-05-31 15:12:18+00:00,Main CLP 🇨🇱,Expense,Groceries,5900.0,CLP,5900.0,,,2025-05-31,2025-W22,2025-05,2025,Gastos fijos
2025-05-31 20:59:37+00:00,Main CLP 🇨🇱,Expense,Shopping,2800.0,CLP,2800.0,,,2025-05-31,2025-W22,2025-05,2025,Chao culpa
2025-05-31 21:00:02+00:00,Main CLP 🇨🇱,Expense,Snacks & Coffee,1100.0,CLP,1100.0,,,2025-05-31,2025-W22,2025-05,2025,Chao culpa
2025-06-01 00:01:52+00:00,Main CLP 🇨🇱,Expense,Acommodation,25000.0,CLP,25000.0,Con luis 5 noches ,,2025-06-01,2025-W22,2025-06,2025,Gastos fijos
2025-06-01 17:15:44+00:00,Main CLP 🇨🇱,Expense,Restaurant,3990.0,CLP,3990.0,,,2025-06-01,2025-W22,2025-06,2025,Chao culpa
2025-06-01 17:35:54+00:00,Main CLP 🇨🇱,Expense,Snacks & Coffee,2990.0,CLP,2990.0,,,2025-06-01,2025-W22,2025-06,2025,Chao culpa
2025-06-01 17:36:01+00:00,Main CLP 🇨🇱,Expense,Snacks & Coffee,1000.0,CLP,1000.0,,,2025-06-01,2025-W22,2025-06,2025,Chao culpa
2025-06-01 20:43:52+00:00,Main CLP 🇨🇱,Expense,Transport,1793.0,CLP,1793.0,,taxi,2025-06-01,2025-W22,2025-06,2025,Gastos fijos
2025-06-01 20:45:57+00:00,Main CLP 🇨🇱,Expense,Acommodation,12614.0,CLP,12614.0,Esencia chilota - ancud,,2025-06-01,2025-W22,2025-06,2025,Gastos fijos
2025-06-01 20:51:55+00:00,Main CLP 🇨🇱,Expense,Transport,4250.0,CLP,4250.0,P montt chiloe kupoa credit ,bus,2025-06-01,2025-W22,2025-06,2025,Gastos fijos
2025-06-01 23:05:12+00:00,Main CLP 🇨🇱,Expense,Groceries,3850.0,CLP,3850.0,,,2025-06-01,2025-W22,2025-06,2025,Gastos fijos
2025-06-02 00:00:24+00:00,Main CLP 🇨🇱,Income,Insurance Payout,24340.0,CLP,24340.0,Fonoaudilogia uja sesion,,2025-06-02,2025-W23,2025-06,2025,Otros
2025-06-02 03:54:08+00:00,Main CLP 🇨🇱,Expense,Shopping,26890.0,CLP,26890.0,Marmot manga larga ,ropa,2025-06-02,2025-W23,2025-06,2025,Chao culpa
2025-06-02 15:24:29+00:00,Main CLP 🇨🇱,Expense,Utilities,9742.0,CLP,9742.0,Plan entel,,2025-06-02,2025-W23,2025-06,2025,Gastos fijos
2025-06-02 18:00:38+00:00,Main CLP 🇨🇱,Expense,Snacks & Coffee,2700.0,CLP,2700.0,,,2025-06-02,2025-W23,2025-06,2025,Chao culpa
2025-06-02 18:04:22+00:00,Main CLP 🇨🇱,Expense,Restaurant,6000.0,CLP,6000.0,,,2025-06-02,2025-W23,2025-06,2025,Chao culpa
2025-06-02 20:46:18+00:00,Main CLP 🇨🇱,Expense,Snacks & Coffee,2990.0,CLP,2990.0,,,2025-06-02,2025-W23,2025-06,2025,Chao culpa
2025-06-02 22:49:45+00:00,Main CLP 🇨🇱,Expense,Restaurant,6990.0,CLP,6990.0,,,2025-06-02,2025-W23,2025-06,2025,Chao culpa
2025-06-02 23:02:57+00:00,Main CLP 🇨🇱,Expense,Sport,56200.0,CLP,56200.0,,natacion,2025-06-02,2025-W23,2025-06,2025,Secundarios
2025-06-03 01:12:14+00:00,Main CLP 🇨🇱,Expense,Transport,6500.0,CLP,6500.0,Ancud a p montt,bus,2025-06-03,2025-W23,2025-06,2025,Gastos fijos
2025-06-03 01:12:33+00:00,Main CLP 🇨🇱,Expense,Transport,17200.0,CLP,17200.0,P mont a Santiago ,bus,2025-06-03,2025-W23,2025-06,2025,Gastos fijos
2025-06-03 15:24:42+00:00,Main CLP 🇨🇱,Expense,Groceries,6000.0,CLP,6000.0,,,2025-06-03,2025-W23,2025-06,2025,Gastos fijos
2025-06-03 15:32:32+00:00,Main CLP 🇨🇱,Expense,Groceries,33612.0,CLP,33612.0,,supermercado,2025-06-03,2025-W23,2025-06,2025,Gastos fijos
2025-06-04 14:17:45+00:00,Main CLP 🇨🇱,Income,Refund,12000.0,CLP,12000.0,Devolución esencia chilota noche cancelada,,2025-06-04,2025-W23,2025-06,2025,Otros
2025-06-04 20:32:15+00:00,Main CLP 🇨🇱,Expense,Groceries,41112.0,CLP,41112.0,,,2025-06-04,2025-W23,2025-06,2025,Gastos fijos
2025-06-04 20:59:17+00:00,Main CLP 🇨🇱,Expense,Shopping,26890.0,CLP,26890.0,Polera manga corta marmot windridge,ropa,2025-06-04,2025-W23,2025-06,2025,Chao culpa
2025-06-05 13:20:24+00:00,Main CLP 🇨🇱,Expense,Groceries,6000.0,CLP,6000.0,,,2025-06-05,2025-W23,2025-06,2025,Gastos fijos
2025-06-05 15:38:56+00:00,Main CLP 🇨🇱,Expense,Shopping,15330.0,CLP,15330.0,Libro punto y linea kandinsky,books,2025-06-05,2025-W23,2025-06,2025,Chao culpa
2025-06-05 16:09:09+00:00,Main CLP 🇨🇱,Expense,Groceries,7934.0,CLP,7934.0,,,2025-06-05,2025-W23,2025-06,2025,Gastos fijos
2025-06-05 17:31:56+00:00,Main CLP 🇨🇱,Expense,Other,25000.0,CLP,25000.0,Inscripcion natacion federadl,,2025-06-05,2025-W23,2025-06,2025,Gastos fijos
2025-06-05 19:28:03+00:00,Main CLP 🇨🇱,Expense,Snacks & Coffee,2800.0,CLP,2800.0,,,2025-06-05,2025-W23,2025-06,2025,Chao culpa
2025-06-06 14:30:29+00:00,Main CLP 🇨🇱,Expense,Personal Care,56433.0,CLP,56433.0,Skin care 4 cosas serum cara bloq y foam,,2025-06-06,2025-W23,2025-06,2025,Gastos fijos
2025-06-07 01:23:13+00:00,Main CLP 🇨🇱,Expense,Maintenance ,76000.0,CLP,76000.0,Calibración dos guitarra y un pack cuerdas,music,2025-06-07,2025-W23,2025-06,2025,Gastos fijos
2025-06-07 18:26:48+00:00,Main CLP 🇨🇱,Expense,Groceries,5874.0,CLP,5874.0,,,2025-06-07,2025-W23,2025-06,2025,Gastos fijos
2025-06-07 22:09:37+00:00,Main CLP 🇨🇱,Expense,Gifts,22865.0,CLP,22865.0,Baby shower dieter ,,2025-06-07,2025-W23,2025-06,2025,Chao culpa
2025-06-09 00:40:18+00:00,Main CLP 🇨🇱,Expense,Snacks & Coffee,4378.0,CLP,4378.0,,,2025-06-09,2025-W24,2025-06,2025,Chao culpa
2025-06-09 16:06:52+00:00,Main CLP 🇨🇱,Expense,Groceries,8000.0,CLP,8000.0,,,2025-06-09,2025-W24,2025-06,2025,Gastos fijos
2025-06-09 16:48:34+00:00,Main CLP 🇨🇱,Expense,Groceries,11362.0,CLP,11362.0,,,2025-06-09,2025-W24,2025-06,2025,Gastos fijos
2025-06-10 00:28:18+00:00,Main CLP 🇨🇱,Income,Sale,10000.0,CLP,10000.0,Funda tomtoc,,2025-06-10,2025-W24,2025-06,2025,Otros
2025-06-10 15:01:07+00:00,Main CLP 🇨🇱,Expense,Snacks & Coffee,2900.0,CLP,2900.0,,,2025-06-10,2025-W24,2025-06,2025,Chao culpa
2025-06-10 20:29:06+00:00,Main CLP 🇨🇱,Income,Sale,820000.0,CLP,820000.0,Guitarra silent yamaha,,2025-06-10,2025-W24,2025-06,2025,Otros
2025-06-10 21:37:01+00:00,Main CLP 🇨🇱,Expense,Snacks & Coffee,5180.0,CLP,5180.0,,,2025-06-10,2025-W24,2025-06,2025,Chao culpa
2025-06-11 15:23:40+00:00,Main CLP 🇨🇱,Expense,Healthcare,10160.0,CLP,10160.0,,kinesiologo,2025-06-11,2025-W24,2025-06,2025,Gastos fijos
2025-06-11 16:35:41+00:00,Main CLP 🇨🇱,Expense,Snacks & Coffee,3800.0,CLP,3800.0,,,2025-06-11,2025-W24,2025-06,2025,Chao culpa
2025-06-14 20:55:45+00:00,Main CLP 🇨🇱,Income,Sale,210000.0,CLP,210000.0,Venta ipad pro papa,,2025-06-14,2025-W24,2025-06,2025,Otros
2025-06-16 16:30:46+00:00,Main CLP 🇨🇱,Expense,Groceries,25470.0,CLP,25470.0,,,2025-06-16,2025-W25,2025-06,2025,Gastos fijos
2025-06-16 16:30:52+00:00,Main CLP 🇨🇱,Expense,Groceries,6000.0,CLP,6000.0,Cheaf verduras,,2025-06-16,2025-W25,2025-06,2025,Gastos fijos
2025-06-16 16:35:29+00:00,Main CLP 🇨🇱,Expense,Groceries,6000.0,CLP,6000.0,Cheaf lacteos,,2025-06-16,2025-W25,2025-06,2025,Gastos fijos
2025-06-16 18:42:57+00:00,Main CLP 🇨🇱,Expense,Groceries,2390.0,CLP,2390.0,,,2025-06-16,2025-W25,2025-06,2025,Gastos fijos
2025-06-16 23:03:35+00:00,Main CLP 🇨🇱,Expense,Flights,42378.0,CLP,42378.0,Pasaje ida SCl Medellin con millas,,2025-06-16,2025-W25,2025-06,2025,Otros
2025-06-17 20:25:03+00:00,Main CLP 🇨🇱,Expense,Groceries,10562.0,CLP,10562.0,,,2025-06-17,2025-W25,2025-06,2025,Gastos fijos
2025-06-18 02:00:19+00:00,Main CLP 🇨🇱,Income,Sale,21000.0,CLP,21000.0,Comisión apple pencil,,2025-06-18,2025-W25,2025-06,2025,Otros
2025-06-18 15:59:50+00:00,Main CLP 🇨🇱,Expense,Groceries,2680.0,CLP,2680.0,,,2025-06-18,2025-W25,2025-06,2025,Gastos fijos
2025-06-18 21:25:22+00:00,Main CLP 🇨🇱,Expense,Flights,113513.0,CLP,113513.0,Vuelo bogota a Santiago con millas,,2025-06-18,2025-W25,2025-06,2025,Otros
2025-06-18 22:47:56+00:00,Main CLP 🇨🇱,Expense,Activities,20125.0,CLP,20125.0,Concierto spinetta tributo ,,2025-06-18,2025-W25,2025-06,2025,Chao culpa
2025-06-19 02:08:18+00:00,Main CLP 🇨🇱,Expense,Alcohol,6000.0,CLP,6000.0,,,2025-06-19,2025-W25,2025-06,2025,Chao culpa
2025-06-19 14:43:35+00:00,Main CLP 🇨🇱,Income,Insurance Payout,35000.0,CLP,35000.0,,terapia,2025-06-19,2025-W25,2025-06,2025,Otros
2025-06-19 14:44:14+00:00,Main CLP 🇨🇱,Income,Insurance Payout,987955.0,CLP,987955.0,Seguro cesantía 3 y ultimo ,,2025-06-19,2025-W25,2025-06,2025,Otros
2025-06-19 16:15:10+00:00,Main CLP 🇨🇱,Expense,Snacks & Coffee,3150.0,CLP,3150.0,,,2025-06-19,2025-W25,2025-06,2025,Chao culpa
2025-06-19 18:55:34+00:00,Main CLP 🇨🇱,Expense,Restaurant,4193.0,CLP,4193.0,,,2025-06-19,2025-W25,2025-06,2025,Chao culpa
2025-06-19 22:31:14+00:00,Main CLP 🇨🇱,Expense,Groceries,3130.0,CLP,3130.0,,,2025-06-19,2025-W25,2025-06,2025,Gastos fijos
2025-06-20 17:06:07+00:00,Main CLP 🇨🇱,Expense,Snacks & Coffee,7700.0,CLP,7700.0,,,2025-06-20,2025-W25,2025-06,2025,Chao culpa
2025-06-20 18:13:41+00:00,Main CLP 🇨🇱,Expense,Groceries,15470.0,CLP,15470.0,,,2025-06-20,2025-W25,2025-06,2025,Gastos fijos
2025-06-20 18:23:54+00:00,Main CLP 🇨🇱,Expense,Snacks & Coffee,1730.0,CLP,1730.0,,,2025-06-20,2025-W25,2025-06,2025,Chao culpa
2025-06-20 23:12:12+00:00,Main CLP 🇨🇱,Income,Sale,8000.0,CLP,8000.0,Correa tanrac,,2025-06-20,2025-W25,2025-06,2025,Otros
2025-06-21 19:13:27+00:00,Main CLP 🇨🇱,Expense,Groceries,14413.0,CLP,14413.0,,,2025-06-21,2025-W25,2025-06,2025,Gastos fijos
2025-06-22 23:08:21+00:00,Main CLP 🇨🇱,Expense,Groceries,5000.0,CLP,5000.0,,,2025-06-22,2025-W25,2025-06,2025,Gastos fijos
2025-06-23 15:09:44+00:00,Main CLP 🇨🇱,Expense,Subscriptions,790.0,CLP,790.0,Apple icloud plus 50 gb ,,2025-06-23,2025-W26,2025-06,2025,Gastos fijos
2025-06-23 18:05:34+00:00,Main CLP 🇨🇱,Expense,Groceries,6000.0,CLP,6000.0,,,2025-06-23,2025-W26,2025-06,2025,Gastos fijos
2025-06-23 22:43:51+00:00,Main CLP 🇨🇱,Expense,Personal Care,15000.0,CLP,15000.0,,haircut,2025-06-23,2025-W26,2025-06,2025,Gastos fijos
2025-06-23 22:45:47+00:00,Main CLP 🇨🇱,Expense,Groceries,4012.0,CLP,4012.0,,,2025-06-23,2025-W26,2025-06,2025,Gastos fijos
2025-06-24 04:36:20+00:00,Main CLP 🇨🇱,Expense,Shopping,850000.0,CLP,850000.0,Sony 50mm 1.4 GM,photography ,2025-06-24,2025-W26,2025-06,2025,Chao culpa
2025-06-24 19:55:57+00:00,Main CLP 🇨🇱,Income,Sale,770000.0,CLP,770000.0,Lente sigma 16 28,,2025-06-24,2025-W26,2025-06,2025,Otros
2025-06-25 04:38:27+00:00,Main CLP 🇨🇱,Expense,Other,20000.0,CLP,20000.0,Estafa online marshall amplificador ,,2025-06-25,2025-W26,2025-06,2025,Gastos fijos
2025-06-25 22:51:33+00:00,Main CLP 🇨🇱,Expense,Shopping,154970.0,CLP,154970.0,"Marmot x3 - Pantalón convertible, polar negro, polar retro ",ropa,2025-06-25,2025-W26,2025-06,2025,Chao culpa
2025-07-01 01:07:18+00:00,Main CLP 🇨🇱,Expense,Groceries,5380.0,CLP,5380.0,,,2025-07-01,2025-W27,2025-07,2025,Gastos fijos
2025-07-01 13:11:20+00:00,Main CLP 🇨🇱,Income,Insurance Payout,35000.0,CLP,35000.0,,terapia,2025-07-01,2025-W27,2025-07,2025,Otros
2025-07-01 17:21:52+00:00,Main CLP 🇨🇱,Expense,Activities,159225.0,CLP,159225.0,Kendrick lamar,,2025-07-01,2025-W27,2025-07,2025,Chao culpa
2025-07-01 17:30:12+00:00,Main CLP 🇨🇱,Expense,Insurance,155694.0,CLP,155694.0,"Isapre mas vida, primer cotización ",isapre-masvida,2025-07-01,2025-W27,2025-07,2025,Gastos fijos
2025-07-02 15:24:29+00:00,Main CLP 🇨🇱,Expense,Utilities,9742.0,CLP,9742.0,Plan entel,,2025-07-02,2025-W27,2025-07,2025,Gastos fijos
2025-07-02 17:18:59+00:00,Main CLP 🇨🇱,Expense,Tax,159634.0,CLP,159634.0,Cuota 2 de 4 año 2025,contribuciones,2025-07-02,2025-W27,2025-07,2025,Gastos fijos
2025-07-02 18:11:59+00:00,Main CLP 🇨🇱,Expense,Groceries,12000.0,CLP,12000.0,,,2025-07-02,2025-W27,2025-07,2025,Gastos fijos
2025-07-02 21:03:04+00:00,Main CLP 🇨🇱,Expense,Groceries,9760.0,CLP,9760.0,,,2025-07-02,2025-W27,2025-07,2025,Gastos fijos
2025-07-03 00:30:16+00:00,Main CLP 🇨🇱,Income,Sale,261000.0,CLP,261000.0,Comision Macbook pro m1,,2025-07-03,2025-W27,2025-07,2025,Otros
2025-07-03 02:42:01+00:00,Main CLP 🇨🇱,Expense,Sport,56200.0,CLP,56200.0,,natacion,2025-07-03,2025-W27,2025-07,2025,Secundarios
2025-07-03 20:31:26+00:00,Main CLP 🇨🇱,Expense,Restaurant,7800.0,CLP,7800.0,Asado casa Jose ,,2025-07-03,2025-W27,2025-07,2025,Chao culpa
2025-07-03 21:51:39+00:00,Main CLP 🇨🇱,Expense,Gifts,12937.0,CLP,12937.0,Regalo Vicho bandita concierto animals,,2025-07-03,2025-W27,2025-07,2025,Chao culpa
2025-07-04 19:54:20+00:00,Main CLP 🇨🇱,Expense,Activities,8700.0,CLP,8700.0,Teatro ,,2025-07-04,2025-W27,2025-07,2025,Chao culpa
2025-07-04 23:05:42+00:00,Main CLP 🇨🇱,Expense,Transport,4000.0,CLP,4000.0,,,2025-07-04,2025-W27,2025-07,2025,Gastos fijos
2025-07-05 15:23:14+00:00,Main CLP 🇨🇱,Expense,Alcohol,8624.0,CLP,8624.0,,,2025-07-05,2025-W27,2025-07,2025,Chao culpa
2025-07-07 12:24:08+00:00,Main CLP 🇨🇱,Expense,Snacks & Coffee,3790.0,CLP,3790.0,,,2025-07-07,2025-W28,2025-07,2025,Chao culpa
2025-07-07 16:42:11+00:00,Main CLP 🇨🇱,Expense,Acommodation,22234.0,CLP,22234.0,,,2025-07-07,2025-W28,2025-07,2025,Gastos fijos
2025-07-07 16:43:07+00:00,Main CLP 🇨🇱,Expense,Transport,44000.0,CLP,44000.0,Santiago Mendoza ,bus,2025-07-07,2025-W28,2025-07,2025,Gastos fijos
2025-07-08 16:43:55+00:00,Main CLP 🇨🇱,Expense,Transport,40000.0,CLP,40000.0,,bus,2025-07-08,2025-W28,2025-07,2025,Gastos fijos
2025-07-09 20:07:13+00:00,Main CLP 🇨🇱,Income,Sale,35000.0,CLP,35000.0,Polar north face morado,,2025-07-09,2025-W28,2025-07,2025,Otros
2025-07-09 21:23:18+00:00,Main CLP 🇨🇱,Expense,Healthcare,50000.0,CLP,50000.0,Sandra limpieza ,dentista,2025-07-09,2025-W28,2025-07,2025,Gastos fijos
2025-07-09 23:41:26+00:00,Main CLP 🇨🇱,Expense,Pharmacy ,43933.0,CLP,43933.0,,,2025-07-09,2025-W28,2025-07,2025,Gastos fijos
2025-07-11 02:22:26+00:00,Main CLP 🇨🇱,Expense,Shopping,79900.0,CLP,79900.0,Chaqueta marmot verde,,2025-07-11,2025-W28,2025-07,2025,Chao culpa
2025-07-11 21:38:11+00:00,Main CLP 🇨🇱,Expense,Shopping,13962.0,CLP,13962.0,Lapicea y croquetlra,,2025-07-11,2025-W28,2025-07,2025,Chao culpa
2025-07-11 21:38:23+00:00,Main CLP 🇨🇱,Expense,Groceries,19880.0,CLP,19880.0,,,2025-07-11,2025-W28,2025-07,2025,Gastos fijos
2025-07-11 21:39:18+00:00,Main CLP 🇨🇱,Expense,Groceries,12000.0,CLP,12000.0,2 bolsas cheaf,,2025-07-11,2025-W28,2025-07,2025,Gastos fijos
2025-07-13 01:29:57+00:00,Main CLP 🇨🇱,Expense,Snacks & Coffee,4540.0,CLP,4540.0,,,2025-07-13,2025-W28,2025-07,2025,Chao culpa
2025-07-14 14:36:33+00:00,Main CLP 🇨🇱,Expense,Groceries,18900.0,CLP,18900.0,,,2025-07-14,2025-W29,2025-07,2025,Gastos fijos
2025-07-16 16:47:26+00:00,Main CLP 🇨🇱,Expense,Shopping,9980.0,CLP,9980.0,Soporte bici iphone,,2025-07-16,2025-W29,2025-07,2025,Chao culpa
2025-07-17 01:34:44+00:00,Main CLP 🇨🇱,Expense,Restaurant,18700.0,CLP,18700.0,,,2025-07-17,2025-W29,2025-07,2025,Chao culpa
2025-07-17 20:31:34+00:00,Main CLP 🇨🇱,Expense,Transport,4000.0,CLP,4000.0,,public-transport,2025-07-17,2025-W29,2025-07,2025,Gastos fijos
2025-07-18 15:07:55+00:00,Main CLP 🇨🇱,Expense,Pharmacy ,13319.0,CLP,13319.0,Etoricoxib 120 mg cuello,,2025-07-18,2025-W29,2025-07,2025,Gastos fijos
2025-07-18 15:36:55+00:00,Main CLP 🇨🇱,Expense,Shopping,3840.0,CLP,3840.0,,,2025-07-18,2025-W29,2025-07,2025,Chao culpa
2025-07-18 17:53:34+00:00,Main CLP 🇨🇱,Expense,Shopping,30000.0,CLP,30000.0,Foto libro atlas de ale olivares ,books,2025-07-18,2025-W29,2025-07,2025,Chao culpa
2025-07-18 18:37:28+00:00,Main CLP 🇨🇱,Expense,Restaurant,21065.0,CLP,21065.0,Caramagnola con Paloma,,2025-07-18,2025-W29,2025-07,2025,Chao culpa
2025-07-18 19:33:09+00:00,Main CLP 🇨🇱,Expense,Education,10000.0,CLP,10000.0,Taller Paz Olicares visual storytelling marcas,,2025-07-18,2025-W29,2025-07,2025,Secundarios
2025-07-19 19:43:08+00:00,Main CLP 🇨🇱,Expense,Groceries,2250.0,CLP,2250.0,,,2025-07-19,2025-W29,2025-07,2025,Gastos fijos
2025-07-19 19:58:04+00:00,Main CLP 🇨🇱,Expense,Groceries,6510.0,CLP,6510.0,,,2025-07-19,2025-W29,2025-07,2025,Gastos fijos
2025-07-20 23:07:10+00:00,Main CLP 🇨🇱,Expense,Groceries,12000.0,CLP,12000.0,Cafe aguila 500 g,,2025-07-20,2025-W29,2025-07,2025,Gastos fijos
2025-07-21 14:39:39+00:00,Main CLP 🇨🇱,Expense,Groceries,8000.0,CLP,8000.0,,,2025-07-21,2025-W30,2025-07,2025,Gastos fijos
2025-07-21 21:40:16+00:00,Main CLP 🇨🇱,Expense,Groceries,8540.0,CLP,8540.0,,,2025-07-21,2025-W30,2025-07,2025,Gastos fijos
2025-07-21 21:53:22+00:00,Main CLP 🇨🇱,Expense,Restaurant,7000.0,CLP,7000.0,Pizzas,,2025-07-21,2025-W30,2025-07,2025,Chao culpa
2025-07-21 23:09:42+00:00,Main CLP 🇨🇱,Income,Extra Income,90000.0,CLP,90000.0,Mama regala sesion canalizaciones ,,2025-07-21,2025-W30,2025-07,2025,Otros
2025-07-22 23:54:26+00:00,Main CLP 🇨🇱,Expense,Groceries,1900.0,CLP,1900.0,,,2025-07-22,2025-W30,2025-07,2025,Gastos fijos
2025-07-22 23:54:49+00:00,Main CLP 🇨🇱,Expense,Shopping,4000.0,CLP,4000.0,Marcadores ,,2025-07-22,2025-W30,2025-07,2025,Chao culpa
2025-07-23 15:09:44+00:00,Main CLP 🇨🇱,Expense,Subscriptions,990.0,CLP,990.0,Apple icloud plus 50 gb ,,2025-07-23,2025-W30,2025-07,2025,Gastos fijos
2025-07-23 15:27:21+00:00,Main CLP 🇨🇱,Expense,Education,3490.0,CLP,3490.0,Estrategia de marcas domestika ,,2025-07-23,2025-W30,2025-07,2025,Secundarios
2025-07-24 16:33:36+00:00,Main CLP 🇨🇱,Expense,Subscriptions,52459.0,CLP,52459.0,Plan mes matrimonios.cl,business ,2025-07-24,2025-W30,2025-07,2025,Gastos fijos
2025-07-26 00:21:53+00:00,Main CLP 🇨🇱,Expense,Subscriptions,6990.0,CLP,6990.0,Meet mensual,,2025-07-26,2025-W30,2025-07,2025,Gastos fijos
2025-07-26 00:22:00+00:00,Main CLP 🇨🇱,Expense,Restaurant,9774.0,CLP,9774.0,Melt pizza,,2025-07-26,2025-W30,2025-07,2025,Chao culpa
2025-07-27 12:42:24+00:00,Main CLP 🇨🇱,Expense,Groceries,21922.0,CLP,21922.0,,,2025-07-27,2025-W30,2025-07,2025,Gastos fijos
2025-07-31 20:47:13+00:00,Main CLP 🇨🇱,Expense,Sport,56200.0,CLP,56200.0,,natacion,2025-07-31,2025-W31,2025-07,2025,Secundarios
2025-08-01 12:41:46+00:00,Main CLP 🇨🇱,Expense,Groceries,6000.0,CLP,6000.0,,,2025-08-01,2025-W31,2025-08,2025,Gastos fijos
2025-08-01 18:18:35+00:00,Main CLP 🇨🇱,Expense,Groceries,14000.0,CLP,14000.0,Cheaf,,2025-08-01,2025-W31,2025-08,2025,Gastos fijos
2025-08-01 22:47:55+00:00,Main CLP 🇨🇱,Income,Sale,30000.0,CLP,30000.0,Comisión venta kindle,,2025-08-01,2025-W31,2025-08,2025,Otros
2025-08-02 15:24:29+00:00,Main CLP 🇨🇱,Expense,Utilities,9742.0,CLP,9742.0,Plan entel,,2025-08-02,2025-W31,2025-08,2025,Gastos fijos
2025-08-02 19:46:57+00:00,Main CLP 🇨🇱,Expense,Transport,4000.0,CLP,4000.0,,public-transport,2025-08-02,2025-W31,2025-08,2025,Gastos fijos
2025-08-03 01:25:15+00:00,Main CLP 🇨🇱,Expense,Restaurant,10000.0,CLP,10000.0,,,2025-08-03,2025-W31,2025-08,2025,Chao culpa
2025-08-03 01:53:23+00:00,Main CLP 🇨🇱,Expense,Shopping,15000.0,CLP,15000.0,"Libeo guano rovira
",,2025-08-03,2025-W31,2025-08,2025,Chao culpa
2025-08-03 01:53:38+00:00,Main CLP 🇨🇱,Expense,Shopping,3000.0,CLP,3000.0,Livro sobrecivir un femicidio,,2025-08-03,2025-W31,2025-08,2025,Chao culpa
2025-08-03 22:18:01+00:00,Main CLP 🇨🇱,Expense,Groceries,9034.0,CLP,9034.0,,,2025-08-03,2025-W31,2025-08,2025,Gastos fijos
2025-08-03 23:12:06+00:00,Main CLP 🇨🇱,Expense,Shopping,19000.0,CLP,19000.0,Fotolibro andrea Hernández raya Editorial ,books,2025-08-03,2025-W31,2025-08,2025,Chao culpa
2025-08-05 14:48:20+00:00,Main CLP 🇨🇱,Income,Insurance Payout,35000.0,CLP,35000.0,,terapia,2025-08-05,2025-W32,2025-08,2025,Otros
2025-08-07 00:19:36+00:00,Main CLP 🇨🇱,Expense,Snacks & Coffee,2390.0,CLP,2390.0,,,2025-08-07,2025-W32,2025-08,2025,Chao culpa
2025-08-07 13:42:11+00:00,Main CLP 🇨🇱,Expense,Snacks & Coffee,3080.0,CLP,3080.0,,,2025-08-07,2025-W32,2025-08,2025,Chao culpa
2025-08-07 17:17:09+00:00,Main CLP 🇨🇱,Expense,Insurance,97000.0,CLP,97000.0,Seguro viaje plan 90 brújula y tenedor ,,2025-08-07,2025-W32,2025-08,2025,Gastos fijos
2025-08-07 17:33:43+00:00,Main CLP 🇨🇱,Expense,Insurance,155345.0,CLP,155345.0,,isapre-masvida,2025-08-07,2025-W32,2025-08,2025,Gastos fijos
2025-08-07 20:39:47+00:00,Main CLP 🇨🇱,Expense,Gifts,9300.0,CLP,9300.0,,,2025-08-07,2025-W32,2025-08,2025,Chao culpa
2025-08-08 18:30:34+00:00,Main CLP 🇨🇱,Expense,Groceries,4183.0,CLP,4183.0,,,2025-08-08,2025-W32,2025-08,2025,Gastos fijos
2025-08-09 18:29:39+00:00,Main CLP 🇨🇱,Expense,Groceries,1990.0,CLP,1990.0,,,2025-08-09,2025-W32,2025-08,2025,Gastos fijos
2025-08-23 15:09:44+00:00,Main CLP 🇨🇱,Expense,Subscriptions,990.0,CLP,990.0,Apple icloud plus 50 gb ,,2025-08-23,2025-W34,2025-08,2025,Gastos fijos
2025-08-25 15:25:39+00:00,Main CLP 🇨🇱,Expense,Subscriptions,52459.0,CLP,52459.0,Matrimonios.cl mes 2,,2025-08-25,2025-W35,2025-08,2025,Gastos fijos
2025-08-25 18:25:52+00:00,Main CLP 🇨🇱,Expense,Restaurant,12900.0,CLP,12900.0,,,2025-08-25,2025-W35,2025-08,2025,Chao culpa
2025-09-02 15:24:29+00:00,Main CLP 🇨🇱,Expense,Utilities,9742.0,CLP,9742.0,Plan entel,,2025-09-02,2025-W36,2025-09,2025,Gastos fijos
2025-09-03 15:27:33+00:00,Main CLP 🇨🇱,Expense,Groceries,21890.0,CLP,21890.0,,,2025-09-03,2025-W36,2025-09,2025,Gastos fijos
2025-09-03 15:27:40+00:00,Main CLP 🇨🇱,Expense,Groceries,6000.0,CLP,6000.0,,,2025-09-03,2025-W36,2025-09,2025,Gastos fijos
2025-09-03 16:01:43+00:00,Main CLP 🇨🇱,Expense,Transport,2213.89352135,CLP,2214.0,Transvip aeropuerto a casa ,,2025-09-03,2025-W36,2025-09,2025,Gastos fijos
2025-09-03 20:31:59+00:00,Main CLP 🇨🇱,Expense,Groceries,9550.0,CLP,9550.0,,,2025-09-03,2025-W36,2025-09,2025,Gastos fijos
2025-09-03 20:46:53+00:00,Main CLP 🇨🇱,Expense,Snacks & Coffee,3380.0,CLP,3380.0,,,2025-09-03,2025-W36,2025-09,2025,Chao culpa
2025-09-04 01:48:20+00:00,Main CLP 🇨🇱,Expense,Sport,56200.0,CLP,56200.0,,natacion,2025-09-04,2025-W36,2025-09,2025,Secundarios
2025-09-04 16:53:31+00:00,Main CLP 🇨🇱,Expense,Sport,45000.0,CLP,45000.0,Yoga prorateado Sept - Abono trimestral inicio 4 septiembre al 3 diciembre ,"yoga,prorrateado",2025-09-04,2025-W36,2025-09,2025,Secundarios
2025-09-04 19:26:49+00:00,Main CLP 🇨🇱,Expense,Utilities,12290.0,CLP,12290.0,,mobile,2025-09-04,2025-W36,2025-09,2025,Gastos fijos
2025-09-05 05:16:53+00:00,Main CLP 🇨🇱,Expense,Insurance,156154.0,CLP,156154.0,,isapre-masvida,2025-09-05,2025-W36,2025-09,2025,Gastos fijos
2025-09-05 17:49:44+00:00,Main CLP 🇨🇱,Expense,Healthcare,15000.0,CLP,15000.0,,terapia,2025-09-05,2025-W36,2025-09,2025,Gastos fijos
2025-09-06 05:59:38+00:00,Main CLP 🇨🇱,Expense,Restaurant,18000.0,CLP,18000.0,,,2025-09-06,2025-W36,2025-09,2025,Chao culpa
2025-09-07 22:27:57+00:00,Main CLP 🇨🇱,Expense,Pharmacy ,30593.0,CLP,30593.0,Vitamina c pack 12,,2025-09-07,2025-W36,2025-09,2025,Gastos fijos
2025-09-07 22:46:45+00:00,Main CLP 🇨🇱,Expense,Groceries,5231.0,CLP,5231.0,,,2025-09-07,2025-W36,2025-09,2025,Gastos fijos
2025-09-07 22:46:57+00:00,Main CLP 🇨🇱,Expense,Shopping,3500.0,CLP,3500.0,,,2025-09-07,2025-W36,2025-09,2025,Chao culpa
2025-09-08 14:47:39+00:00,Main CLP 🇨🇱,Expense,Activities,18384.0,CLP,18384.0,Paloma salas invite a tewi,,2025-09-08,2025-W37,2025-09,2025,Chao culpa
2025-09-08 23:49:23+00:00,Main CLP 🇨🇱,Expense,Transport,5000.0,CLP,5000.0,,public-transport,2025-09-08,2025-W37,2025-09,2025,Gastos fijos
2025-09-09 02:32:16+00:00,Main CLP 🇨🇱,Expense,Restaurant,26460.0,CLP,26460.0,Paloma Comedy restaurant,,2025-09-09,2025-W37,2025-09,2025,Chao culpa
2025-09-09 03:21:10+00:00,Main CLP 🇨🇱,Income,Foto Matrimonios,150000.0,CLP,150000.0,Matri civil juan y Francisca ,,2025-09-09,2025-W37,2025-09,2025,Otros
2025-09-10 14:24:34+00:00,Main CLP 🇨🇱,Expense,Snacks & Coffee,3190.0,CLP,3190.0,,,2025-09-10,2025-W37,2025-09,2025,Chao culpa
2025-09-11 12:50:06+00:00,Main CLP 🇨🇱,Expense,Groceries,27780.0,CLP,27780.0,,,2025-09-11,2025-W37,2025-09,2025,Gastos fijos
2025-09-14 20:01:05+00:00,Main CLP 🇨🇱,Expense,Groceries,4055.0,CLP,4055.0,,,2025-09-14,2025-W37,2025-09,2025,Gastos fijos
2025-09-14 22:16:34+00:00,Main CLP 🇨🇱,Income,Sale,45000.0,CLP,45000.0,Comisión lente 45mm Olympus ,,2025-09-14,2025-W37,2025-09,2025,Otros
2025-09-17 21:33:41+00:00,Main CLP 🇨🇱,Expense,Tax,162420.0,CLP,162420.0,,contribciones,2025-09-17,2025-W38,2025-09,2025,Gastos fijos
2025-09-19 00:51:02+00:00,Main CLP 🇨🇱,Expense,Education,10000.0,CLP,10000.0,Curso storytellibg talleres de bolsillo,,2025-09-19,2025-W38,2025-09,2025,Secundarios
2025-09-19 21:52:14+00:00,Main CLP 🇨🇱,Expense,Alcohol,7450.0,CLP,7450.0,,,2025-09-19,2025-W38,2025-09,2025,Chao culpa
2025-09-19 23:09:35+00:00,Main CLP 🇨🇱,Income,Sale,40000.0,CLP,40000.0,Cepillo oral b electrico,,2025-09-19,2025-W38,2025-09,2025,Otros
2025-09-20 12:10:43+00:00,Main CLP 🇨🇱,Expense,Transport,10000.0,CLP,10000.0,,taxi,2025-09-20,2025-W38,2025-09,2025,Gastos fijos
2025-09-20 16:48:46+00:00,Main CLP 🇨🇱,Expense,Restaurant,10000.0,CLP,10000.0,Cuota empanadas afro,,2025-09-20,2025-W38,2025-09,2025,Chao culpa
2025-09-20 23:09:33+00:00,Main CLP 🇨🇱,Income,Sale,35000.0,CLP,35000.0,Mochila lowepro azul,,2025-09-20,2025-W38,2025-09,2025,Otros
2025-09-22 14:12:13+00:00,Main CLP 🇨🇱,Expense,Groceries,13607.0,CLP,13607.0,,,2025-09-22,2025-W39,2025-09,2025,Gastos fijos
2025-09-22 16:04:29+00:00,Main CLP 🇨🇱,Expense,Subscriptions,52459.0,CLP,52459.0,Matrimonio s.cl,,2025-09-22,2025-W39,2025-09,2025,Gastos fijos
2025-09-23 04:18:29+00:00,Main CLP 🇨🇱,Expense,Groceries,25125.0,CLP,25125.0,,,2025-09-23,2025-W39,2025-09,2025,Gastos fijos
2025-09-23 15:12:55+00:00,Main CLP 🇨🇱,Income,Sale,40000.0,CLP,40000.0,Teclado apple,,2025-09-23,2025-W39,2025-09,2025,Otros
2025-09-23 15:25:48+00:00,Main CLP 🇨🇱,Expense,Personal Care,15000.0,CLP,15000.0,Corte de pelo ,,2025-09-23,2025-W39,2025-09,2025,Gastos fijos
2025-09-23 17:10:17+00:00,Main CLP 🇨🇱,Income,Sale,80000.0,CLP,80000.0,Apple Trackpad ,,2025-09-23,2025-W39,2025-09,2025,Otros
2025-09-23 19:07:08+00:00,Main CLP 🇨🇱,Expense,Groceries,6000.0,CLP,6000.0,,,2025-09-23,2025-W39,2025-09,2025,Gastos fijos
2025-09-24 18:44:14+00:00,Main CLP 🇨🇱,Expense,Pharmacy ,8644.0,CLP,8644.0,Rupax antialergixo rupatadina,,2025-09-24,2025-W39,2025-09,2025,Gastos fijos
2025-09-24 23:02:03+00:00,Main CLP 🇨🇱,Expense,Snacks & Coffee,4800.0,CLP,4800.0,,,2025-09-24,2025-W39,2025-09,2025,Chao culpa
2025-09-25 16:50:08+00:00,Main CLP 🇨🇱,Expense,Healthcare,15000.0,CLP,15000.0,,terapia,2025-09-25,2025-W39,2025-09,2025,Gastos fijos
2025-09-26 15:04:53+00:00,Main CLP 🇨🇱,Expense,Shopping,12480.0,CLP,12480.0,,,2025-09-26,2025-W39,2025-09,2025,Chao culpa
2025-09-26 20:50:26+00:00,Main CLP 🇨🇱,Expense,Groceries,6000.0,CLP,6000.0,,,2025-09-26,2025-W39,2025-09,2025,Gastos fijos
2025-09-26 20:50:33+00:00,Main CLP 🇨🇱,Expense,Groceries,16295.0,CLP,16295.0,,,2025-09-26,2025-W39,2025-09,2025,Gastos fijos
2025-09-26 21:15:26+00:00,Main CLP 🇨🇱,Expense,Utilities,12990.0,CLP,12990.0,Plan entel,,2025-09-26,2025-W39,2025-09,2025,Gastos fijos
2025-09-27 17:10:57+00:00,Main CLP 🇨🇱,Expense,Snacks & Coffee,3800.0,CLP,3800.0,,,2025-09-27,2025-W39,2025-09,2025,Chao culpa
2025-09-27 17:11:08+00:00,Main CLP 🇨🇱,Expense,Gifts,16000.0,CLP,16000.0,,,2025-09-27,2025-W39,2025-09,2025,Chao culpa
2025-09-28 03:12:55+00:00,Main CLP 🇨🇱,Expense,Restaurant,21285.0,CLP,21285.0,Caragbola cita con Karin,,2025-09-28,2025-W39,2025-09,2025,Chao culpa
2025-09-29 02:38:42+00:00,Main CLP 🇨🇱,Expense,Shopping,12980.0,CLP,12980.0,Banano mammut usado ,,2025-09-29,2025-W40,2025-09,2025,Chao culpa
2025-09-29 22:27:46+00:00,Main CLP 🇨🇱,Expense,Shopping,16000.0,CLP,16000.0,Lentes sol Decathlon ,,2025-09-29,2025-W40,2025-09,2025,Chao culpa
2025-09-29 23:01:08+00:00,Main CLP 🇨🇱,Expense,Groceries,4400.0,CLP,4400.0,,,2025-09-29,2025-W40,2025-09,2025,Gastos fijos
2025-09-30 00:25:40+00:00,Main CLP 🇨🇱,Income,Sale,35000.0,CLP,35000.0,Teclado apple,,2025-09-30,2025-W40,2025-09,2025,Otros
2025-09-30 13:01:42+00:00,Main CLP 🇨🇱,Expense,Groceries,2000.0,CLP,2000.0,,,2025-09-30,2025-W40,2025-09,2025,Gastos fijos
2025-09-30 13:02:12+00:00,Main CLP 🇨🇱,Expense,Groceries,15600.0,CLP,15600.0,,,2025-09-30,2025-W40,2025-09,2025,Gastos fijos
2025-09-30 20:19:03+00:00,Main CLP 🇨🇱,Expense,Gifts,7712.0,CLP,7712.0,Dani banditadi lapiz,,2025-09-30,2025-W40,2025-09,2025,Chao culpa
2025-10-01 14:49:29+00:00,Main CLP 🇨🇱,Expense,Groceries,24627.0,CLP,24627.0,,,2025-10-01,2025-W40,2025-10,2025,Gastos fijos
2025-10-01 17:47:59+00:00,Main CLP 🇨🇱,Expense,Education,4079.0,CLP,4079.0,Domestika Instagram stories,online-course,2025-10-01,2025-W40,2025-10,2025,Secundarios
2025-10-01 18:30:04+00:00,Main CLP 🇨🇱,Expense,Alcohol,10550.0,CLP,10550.0,,,2025-10-01,2025-W40,2025-10,2025,Chao culpa
2025-10-01 20:17:13+00:00,Main CLP 🇨🇱,Expense,Activities,16500.0,CLP,16500.0,Concierto benja walker ,,2025-10-01,2025-W40,2025-10,2025,Chao culpa
2025-10-01 20:56:45+00:00,Main CLP 🇨🇱,Expense,Snacks & Coffee,4160.0,CLP,4160.0,,,2025-10-01,2025-W40,2025-10,2025,Chao culpa
2025-10-02 13:48:48+00:00,Main CLP 🇨🇱,Expense,Groceries,16300.0,CLP,16300.0,Tostaduria talca,,2025-10-02,2025-W40,2025-10,2025,Gastos fijos
2025-10-02 16:24:39+00:00,Main CLP 🇨🇱,Expense,Sport,56200.0,CLP,56200.0,,natacion,2025-10-02,2025-W40,2025-10,2025,Secundarios
2025-10-03 16:54:18+00:00,Main CLP 🇨🇱,Expense,Sport,45000.0,CLP,45000.0,,"yoga,prorrateado",2025-10-03,2025-W40,2025-10,2025,Secundarios
2025-10-03 18:28:40+00:00,Main CLP 🇨🇱,Expense,Groceries,3460.0,CLP,3460.0,,,2025-10-03,2025-W40,2025-10,2025,Gastos fijos
2025-10-03 18:28:52+00:00,Main CLP 🇨🇱,Expense,Groceries,6000.0,CLP,6000.0,,,2025-10-03,2025-W40,2025-10,2025,Gastos fijos
2025-10-04 22:23:47+00:00,Main CLP 🇨🇱,Expense,Shopping,17394.0,CLP,17394.0,Afeitadora Philip ,,2025-10-04,2025-W40,2025-10,2025,Chao culpa
2025-10-04 22:31:01+00:00,Main CLP 🇨🇱,Expense,Shopping,5990.0,CLP,5990.0,Dos camaras ,,2025-10-04,2025-W40,2025-10,2025,Chao culpa
2025-10-05 20:58:32+00:00,Main CLP 🇨🇱,Expense,Groceries,3800.0,CLP,3800.0,,,2025-10-05,2025-W40,2025-10,2025,Gastos fijos
2025-10-05 20:58:49+00:00,Main CLP 🇨🇱,Income,Sale,40000.0,CLP,40000.0,Tecladobapple latsm,,2025-10-05,2025-W40,2025-10,2025,Otros
2025-10-06 12:57:11+00:00,Main CLP 🇨🇱,Income,Gifts,120000.0,CLP,120000.0,mama para zapatillas,,2025-10-06,2025-W41,2025-10,2025,Chao culpa
2025-10-06 17:37:42+00:00,Main CLP 🇨🇱,Expense,Shopping,111990.0,CLP,111990.0,Zapatillas terrex free hiler adidas,,2025-10-06,2025-W41,2025-10,2025,Chao culpa
2025-10-06 17:54:42+00:00,Main CLP 🇨🇱,Expense,Groceries,6000.0,CLP,6000.0,,,2025-10-06,2025-W41,2025-10,2025,Gastos fijos
2025-10-06 22:52:10+00:00,Main CLP 🇨🇱,Income,Sale,160000.0,CLP,160000.0,Sandisk ssd 2 tb,,2025-10-06,2025-W41,2025-10,2025,Otros
2025-10-07 19:30:35+00:00,Main CLP 🇨🇱,Expense,Healthcare,15000.0,CLP,15000.0,,"bonificacion,terapia",2025-10-07,2025-W41,2025-10,2025,Gastos fijos
2025-10-08 16:12:13+00:00,Main CLP 🇨🇱,Expense,Shopping,10000.0,CLP,10000.0,Polera kendrick,ropa,2025-10-08,2025-W41,2025-10,2025,Chao culpa
2025-10-08 16:12:42+00:00,Main CLP 🇨🇱,Expense,Restaurant,13000.0,CLP,13000.0,,,2025-10-08,2025-W41,2025-10,2025,Chao culpa
2025-10-10 15:36:27+00:00,Main CLP 🇨🇱,Expense,Restaurant,10132.0,CLP,10132.0,holy moly,,2025-10-10,2025-W41,2025-10,2025,Chao culpa
2025-10-10 19:59:24+00:00,Main CLP 🇨🇱,Expense,Groceries,28646.0,CLP,28646.0,,,2025-10-10,2025-W41,2025-10,2025,Gastos fijos
2025-10-11 17:10:29+00:00,Main CLP 🇨🇱,Income,Sale,30000.0,CLP,30000.0,apppe trackpad 1st gen,,2025-10-11,2025-W41,2025-10,2025,Otros
2025-10-12 02:19:06+00:00,Main CLP 🇨🇱,Expense,Alcohol,2000.0,CLP,2000.0,,,2025-10-12,2025-W41,2025-10,2025,Chao culpa
2025-10-12 02:19:18+00:00,Main CLP 🇨🇱,Expense,Restaurant,10000.0,CLP,10000.0,,,2025-10-12,2025-W41,2025-10,2025,Chao culpa
2025-10-12 15:47:50+00:00,Main CLP 🇨🇱,Expense,Groceries,10837.0,CLP,10837.0,,,2025-10-12,2025-W41,2025-10,2025,Gastos fijos
2025-10-12 19:05:55+00:00,Main CLP 🇨🇱,Expense,Activities,12800.0,CLP,12800.0,irok wall,,2025-10-12,2025-W41,2025-10,2025,Chao culpa
2025-10-13 20:57:20+00:00,Main CLP 🇨🇱,Expense,Snacks & Coffee,2900.0,CLP,2900.0,,,2025-10-13,2025-W42,2025-10,2025,Chao culpa
2025-10-14 12:55:39+00:00,Main CLP 🇨🇱,Expense,Groceries,4309.0,CLP,4309.0,,goodmeal,2025-10-14,2025-W42,2025-10,2025,Gastos fijos
2025-10-14 19:37:59+00:00,Main CLP 🇨🇱,Expense,Groceries,3600.0,CLP,3600.0,ManAna y peras freat,,2025-10-14,2025-W42,2025-10,2025,Gastos fijos
2025-10-15 21:50:01+00:00,Main CLP 🇨🇱,Expense,Personal Care,15750.0,CLP,15750.0,Bloqueador isdin,,2025-10-15,2025-W42,2025-10,2025,Gastos fijos
2025-10-16 18:41:00+00:00,Main CLP 🇨🇱,Expense,Groceries,10000.0,CLP,10000.0,,goodmeal,2025-10-16,2025-W42,2025-10,2025,Gastos fijos
2025-10-16 21:40:02+00:00,Main CLP 🇨🇱,Expense,Groceries,1347.0,CLP,1347.0,,supermercado,2025-10-16,2025-W42,2025-10,2025,Gastos fijos
2025-10-16 23:12:52+00:00,Main CLP 🇨🇱,Income,Sale,30000.0,CLP,30000.0,Vox mini amp audifonos,,2025-10-16,2025-W42,2025-10,2025,Otros
2025-10-17 21:20:46+00:00,Main CLP 🇨🇱,Expense,Shopping,24000.0,CLP,24000.0,Decathlon botella short y calcetines c9,,2025-10-17,2025-W42,2025-10,2025,Chao culpa
2025-10-17 21:26:52+00:00,Main CLP 🇨🇱,Expense,Gifts,7980.0,CLP,7980.0,Carra pokemon damia,,2025-10-17,2025-W42,2025-10,2025,Chao culpa
2025-10-18 01:01:00+00:00,Main CLP 🇨🇱,Expense,Groceries,10000.0,CLP,10000.0,Picoteo con paona,,2025-10-18,2025-W42,2025-10,2025,Gastos fijos
2025-10-19 01:01:20+00:00,Main CLP 🇨🇱,Expense,Restaurant,5000.0,CLP,5000.0,Pizza melt,,2025-10-19,2025-W42,2025-10,2025,Chao culpa
2025-10-20 16:34:56+00:00,Main CLP 🇨🇱,Expense,Education,4990.0,CLP,4990.0,domestika Canva de 0 a 100,,2025-10-20,2025-W43,2025-10,2025,Secundarios
2025-10-22 01:51:30+00:00,Main CLP 🇨🇱,Expense,Education,19990.0,CLP,19990.0,armonia visual pdf brian calli,music,2025-10-22,2025-W43,2025-10,2025,Secundarios
2025-10-22 14:50:42+00:00,Main CLP 🇨🇱,Expense,Groceries,6050.0,CLP,6050.0,,panaderia,2025-10-22,2025-W43,2025-10,2025,Gastos fijos
2025-10-22 20:34:51+00:00,Main CLP 🇨🇱,Expense,Snacks & Coffee,2350.0,CLP,2350.0,,,2025-10-22,2025-W43,2025-10,2025,Chao culpa
2025-10-22 22:50:02+00:00,Main CLP 🇨🇱,Expense,Snacks & Coffee,6900.0,CLP,6900.0,,,2025-10-22,2025-W43,2025-10,2025,Chao culpa
2025-10-23 23:19:08+00:00,Main CLP 🇨🇱,Expense,Groceries,4600.0,CLP,4600.0,,,2025-10-23,2025-W43,2025-10,2025,Gastos fijos
2025-10-24 19:42:27+00:00,Main CLP 🇨🇱,Income,Sale,20000.0,CLP,20000.0,Mochila dakine,,2025-10-24,2025-W43,2025-10,2025,Otros
2025-10-24 19:47:21+00:00,Main CLP 🇨🇱,Expense,Snacks & Coffee,4500.0,CLP,4500.0,Croissant ,,2025-10-24,2025-W43,2025-10,2025,Chao culpa
2025-10-26 21:15:26+00:00,Main CLP 🇨🇱,Expense,Utilities,12990.0,CLP,12990.0,Plan entel,,2025-10-26,2025-W43,2025-10,2025,Gastos fijos
2025-10-27 14:52:41+00:00,Main CLP 🇨🇱,Expense,Shopping,11000.0,CLP,11000.0,Molinillo de cae manual,,2025-10-27,2025-W44,2025-10,2025,Chao culpa
2025-10-27 19:26:18+00:00,Main CLP 🇨🇱,Expense,Subscriptions,22900.0,CLP,22900.0,Bumble 3 meses,,2025-10-27,2025-W44,2025-10,2025,Gastos fijos
2025-10-27 22:19:25+00:00,Main CLP 🇨🇱,Expense,Groceries,19342.0,CLP,19342.0,,,2025-10-27,2025-W44,2025-10,2025,Gastos fijos
2025-10-27 22:19:55+00:00,Main CLP 🇨🇱,Expense,Groceries,4000.0,CLP,4000.0,,,2025-10-27,2025-W44,2025-10,2025,Gastos fijos
2025-10-28 21:51:02+00:00,Main CLP 🇨🇱,Expense,Snacks & Coffee,4480.0,CLP,4480.0,Fork helado y media kuna,,2025-10-28,2025-W44,2025-10,2025,Chao culpa
2025-10-29 19:43:57+00:00,Main CLP 🇨🇱,Expense,Groceries,12330.0,CLP,12330.0,,,2025-10-29,2025-W44,2025-10,2025,Gastos fijos
2025-10-30 14:49:01+00:00,Main CLP 🇨🇱,Expense,Groceries,6990.0,CLP,6990.0,,supermercado,2025-10-30,2025-W44,2025-10,2025,Gastos fijos
2025-10-30 23:33:02+00:00,Main CLP 🇨🇱,Expense,Groceries,55285.0,CLP,55285.0,Jumbo cocina condomes y ingredientes repostería ,supermercado,2025-10-30,2025-W44,2025-10,2025,Gastos fijos
2025-10-31 23:45:58+00:00,Main CLP 🇨🇱,Expense,Shopping,99990.0,CLP,99990.0,swim pro one year,,2025-10-31,2025-W44,2025-10,2025,Chao culpa
2025-11-03 22:43:17+00:00,Main CLP 🇨🇱,Income,Sale,30000.0,CLP,30000.0,Mouse apple pilas aa ,,2025-11-03,2025-W45,2025-11,2025,Otros
2025-11-04 00:22:45+00:00,Main CLP 🇨🇱,Expense,Sport,56200.0,CLP,56200.0,,natacion,2025-11-04,2025-W45,2025-11,2025,Secundarios
2025-11-04 17:01:23+00:00,Main CLP 🇨🇱,Expense,Groceries,8900.0,CLP,8900.0,Tostaduria ,,2025-11-04,2025-W45,2025-11,2025,Gastos fijos
2025-11-04 18:45:49+00:00,Main CLP 🇨🇱,Expense,Activities,23000.0,CLP,23000.0,Rita payes neacafe,conciertos,2025-11-04,2025-W45,2025-11,2025,Chao culpa
2025-11-04 23:23:17+00:00,Main CLP 🇨🇱,Expense,Snacks & Coffee,7700.0,CLP,7700.0,,,2025-11-04,2025-W45,2025-11,2025,Chao culpa
2025-11-05 21:11:20+00:00,Main CLP 🇨🇱,Income,Sale,380000.0,CLP,380000.0,Yamaha ntx 1,,2025-11-05,2025-W45,2025-11,2025,Otros
2025-11-06 17:58:45+00:00,Main CLP 🇨🇱,Expense,Groceries,35550.0,CLP,35550.0,Batch cooking,supermercado,2025-11-06,2025-W45,2025-11,2025,Gastos fijos
2025-11-07 03:44:17+00:00,Main CLP 🇨🇱,Expense,Groceries,17750.0,CLP,17750.0,Batch cooling 2 de 2,supermercado,2025-11-07,2025-W45,2025-11,2025,Gastos fijos
2025-11-07 18:08:44+00:00,Main CLP 🇨🇱,Expense,Groceries,3200.0,CLP,3200.0,Datiles,tostaduria,2025-11-07,2025-W45,2025-11,2025,Gastos fijos
2025-11-09 00:08:21+00:00,Main CLP 🇨🇱,Expense,Groceries,16210.0,CLP,16210.0,,,2025-11-09,2025-W45,2025-11,2025,Gastos fijos
2025-11-09 23:18:28+00:00,Main CLP 🇨🇱,Expense,Transport,4900.0,CLP,4900.0,Bus Placilla uno,bus,2025-11-09,2025-W45,2025-11,2025,Gastos fijos
2025-11-09 23:18:54+00:00,Main CLP 🇨🇱,Expense,Transport,4900.0,CLP,4900.0,Bus pkacilla dosoedir reembolo,bus,2025-11-09,2025-W45,2025-11,2025,Gastos fijos
2025-11-09 23:19:31+00:00,Main CLP 🇨🇱,Expense,Shopping,180000.0,CLP,180000.0,Arturia keylab essential 61 mk3,music,2025-11-09,2025-W45,2025-11,2025,Chao culpa
2025-11-09 23:19:57+00:00,Main CLP 🇨🇱,Expense,Shopping,70000.0,CLP,70000.0,Micrófono shure sm58,music,2025-11-09,2025-W45,2025-11,2025,Chao culpa
2025-11-13 19:06:50+00:00,Main CLP 🇨🇱,Expense,Groceries,5500.0,CLP,5500.0,Datiles kg suitt,tostaduria,2025-11-13,2025-W46,2025-11,2025,Gastos fijos
2025-11-13 21:52:48+00:00,Main CLP 🇨🇱,Expense,Groceries,1990.0,CLP,1990.0,,,2025-11-13,2025-W46,2025-11,2025,Gastos fijos
2025-11-14 17:46:01+00:00,Main CLP 🇨🇱,Expense,Groceries,2000.0,CLP,2000.0,4 pimentones,feria,2025-11-14,2025-W46,2025-11,2025,Gastos fijos
2025-11-14 17:46:13+00:00,Main CLP 🇨🇱,Expense,Groceries,1000.0,CLP,1000.0,3 zapallos italianos ,,2025-11-14,2025-W46,2025-11,2025,Gastos fijos
2025-11-14 17:49:06+00:00,Main CLP 🇨🇱,Expense,Groceries,500.0,CLP,500.0,Jengibre,,2025-11-14,2025-W46,2025-11,2025,Gastos fijos
2025-11-14 17:49:07+00:00,Main CLP 🇨🇱,Expense,Groceries,500.0,CLP,500.0,Jengibre,,2025-11-14,2025-W46,2025-11,2025,Gastos fijos
2025-11-14 18:12:19+00:00,Main CLP 🇨🇱,Expense,Groceries,18400.0,CLP,18400.0,"Kilo mai, zapallo semmilla, chia, coco rallado 500g",,2025-11-14,2025-W46,2025-11,2025,Gastos fijos
2025-11-14 18:34:37+00:00,Main CLP 🇨🇱,Expense,Restaurant,8000.0,CLP,8000.0,Arepa reina pepiada mas jugo la vega,,2025-11-14,2025-W46,2025-11,2025,Chao culpa
2025-11-14 20:25:12+00:00,Main CLP 🇨🇱,Expense,Shopping,70000.0,CLP,70000.0,Ninja procesadora 850w,,2025-11-14,2025-W46,2025-11,2025,Chao culpa
2025-11-17 19:35:26+00:00,Main CLP 🇨🇱,Income,Refund,5240.0,CLP,5240.0,Librería nacional ,,2025-11-17,2025-W47,2025-11,2025,Otros
2025-11-19 02:54:13+00:00,Main CLP 🇨🇱,Expense,Pharmacy ,22063.0,CLP,22063.0,Gotas hongo melena de leon - fisiobiss,,2025-11-19,2025-W47,2025-11,2025,Gastos fijos
2025-11-19 14:46:30+00:00,Main CLP 🇨🇱,Expense,Groceries,16090.0,CLP,16090.0,,,2025-11-19,2025-W47,2025-11,2025,Gastos fijos
2025-11-19 17:32:50+00:00,Main CLP 🇨🇱,Expense,Shopping,32000.0,CLP,32000.0,Zafu ,,2025-11-19,2025-W47,2025-11,2025,Chao culpa
2025-11-19 20:09:05+00:00,Main CLP 🇨🇱,Income,Foto Matrimonios,161000.0,CLP,161000.0,Matrimonio civil manuela pago 2 de 2,,2025-11-19,2025-W47,2025-11,2025,Otros
2025-11-19 21:16:11+00:00,Main CLP 🇨🇱,Expense,Personal Care,18000.0,CLP,18000.0,Corte de pello barberia condell en Latadia ,,2025-11-19,2025-W47,2025-11,2025,Gastos fijos
2025-11-19 22:33:47+00:00,Main CLP 🇨🇱,Expense,Gifts,11810.0,CLP,11810.0,Libro jane goodal a papa,,2025-11-19,2025-W47,2025-11,2025,Chao culpa
2025-11-20 15:10:36+00:00,Main CLP 🇨🇱,Expense,Healthcare,50000.0,CLP,50000.0,,terapia,2025-11-20,2025-W47,2025-11,2025,Gastos fijos
2025-11-21 16:44:15+00:00,Main CLP 🇨🇱,Expense,Maintenance ,7000.0,CLP,7000.0,Matencion tarjeta de crédito santander,,2025-11-21,2025-W47,2025-11,2025,Gastos fijos
2025-11-21 20:08:26+00:00,Main CLP 🇨🇱,Expense,Shopping,21947.0,CLP,21947.0,Kit hongos 1 kg a medias,,2025-11-21,2025-W47,2025-11,2025,Chao culpa
2025-11-21 20:44:41+00:00,Main CLP 🇨🇱,Expense,Transport,10000.0,CLP,10000.0,,public-transport,2025-11-21,2025-W47,2025-11,2025,Gastos fijos
2025-11-21 22:04:08+00:00,Main CLP 🇨🇱,Expense,Snacks & Coffee,700.0,CLP,700.0,,,2025-11-21,2025-W47,2025-11,2025,Chao culpa
2025-11-22 03:08:34+00:00,Main CLP 🇨🇱,Expense,Personal Care,18000.0,CLP,18000.0,Peluquería corte,peluqueria,2025-11-22,2025-W47,2025-11,2025,Gastos fijos
2025-11-22 15:52:32+00:00,Main CLP 🇨🇱,Expense,Snacks & Coffee,8490.0,CLP,8490.0,,,2025-11-22,2025-W47,2025-11,2025,Chao culpa
2025-11-22 16:38:07+00:00,Main CLP 🇨🇱,Income,Gifts,70000.0,CLP,70000.0,Mama regalo procesado ninja,,2025-11-22,2025-W47,2025-11,2025,Chao culpa
2025-11-25 21:44:31+00:00,Main CLP 🇨🇱,Expense,Groceries,6918.0,CLP,6918.0,,verduleria,2025-11-25,2025-W48,2025-11,2025,Gastos fijos
2025-11-25 21:46:00+00:00,Main CLP 🇨🇱,Expense,Groceries,1297.0,CLP,1297.0,,verduleria,2025-11-25,2025-W48,2025-11,2025,Gastos fijos
2025-11-26 14:55:48+00:00,Main CLP 🇨🇱,Expense,Groceries,4400.0,CLP,4400.0,,verduleria,2025-11-26,2025-W48,2025-11,2025,Gastos fijos
2025-11-26 14:55:57+00:00,Main CLP 🇨🇱,Expense,Shopping,3000.0,CLP,3000.0,,,2025-11-26,2025-W48,2025-11,2025,Chao culpa
2025-11-26 14:57:37+00:00,Main CLP 🇨🇱,Expense,Groceries,1650.0,CLP,1650.0,,verduleria,2025-11-26,2025-W48,2025-11,2025,Gastos fijos
2025-11-26 14:59:59+00:00,Main CLP 🇨🇱,Expense,Groceries,2000.0,CLP,2000.0,,verduleria,2025-11-26,2025-W48,2025-11,2025,Gastos fijos
2025-11-26 20:04:16+00:00,Main CLP 🇨🇱,Expense,Groceries,20366.0,CLP,20366.0,,supermercado,2025-11-26,2025-W48,2025-11,2025,Gastos fijos
2025-11-26 21:15:26+00:00,Main CLP 🇨🇱,Expense,Utilities,12990.0,CLP,12990.0,Plan entel,,2025-11-26,2025-W48,2025-11,2025,Gastos fijos
2025-11-27 17:22:04+00:00,Main CLP 🇨🇱,Expense,Activities,8000.0,CLP,8000.0,Bocho en bar el clan,,2025-11-27,2025-W48,2025-11,2025,Chao culpa
2025-11-27 17:34:27+00:00,Main CLP 🇨🇱,Expense,Transport,5000.0,CLP,5000.0,,taxi,2025-11-27,2025-W48,2025-11,2025,Gastos fijos
2025-11-27 17:34:41+00:00,Main CLP 🇨🇱,Expense,Alcohol,11000.0,CLP,11000.0,,,2025-11-27,2025-W48,2025-11,2025,Chao culpa
2025-11-27 21:47:52+00:00,Main CLP 🇨🇱,Expense,Utilities,8410.0,CLP,8410.0,,mobile,2025-11-27,2025-W48,2025-11,2025,Gastos fijos
2025-11-28 11:19:21+00:00,Main CLP 🇨🇱,Expense,Restaurant,18500.0,CLP,18500.0,Korea chicen,,2025-11-28,2025-W48,2025-11,2025,Chao culpa
2025-11-28 17:21:50+00:00,Main CLP 🇨🇱,Expense,Activities,9890.0,CLP,9890.0,Ladera sur festival viernes ,,2025-11-28,2025-W48,2025-11,2025,Chao culpa
2025-11-28 17:34:15+00:00,Main CLP 🇨🇱,Expense,Snacks & Coffee,4400.0,CLP,4400.0,,,2025-11-28,2025-W48,2025-11,2025,Chao culpa
2025-11-28 19:52:33+00:00,Main CLP 🇨🇱,Expense,Snacks & Coffee,3500.0,CLP,3500.0,,,2025-11-28,2025-W48,2025-11,2025,Chao culpa
2025-11-29 11:12:08+00:00,Main CLP 🇨🇱,Income,Sale,14400.0,CLP,14400.0,Venta laderq sur entrada,,2025-11-29,2025-W48,2025-11,2025,Otros
2025-11-29 11:12:19+00:00,Main CLP 🇨🇱,Expense,Activities,16800.0,CLP,16800.0,Ladera sur sabado,,2025-11-29,2025-W48,2025-11,2025,Chao culpa
2025-11-30 03:17:25+00:00,Main CLP 🇨🇱,Expense,Transport,22999.0,CLP,22999.0,Santiago a puerto montt ,bus,2025-11-30,2025-W48,2025-11,2025,Gastos fijos
2025-11-30 03:17:53+00:00,Main CLP 🇨🇱,Expense,Transport,22999.0,CLP,22999.0,Puerto Montt a Santiago ,bus,2025-11-30,2025-W48,2025-11,2025,Gastos fijos
2025-11-30 21:34:54+00:00,Main CLP 🇨🇱,Expense,Restaurant,3990.0,CLP,3990.0,,,2025-11-30,2025-W48,2025-11,2025,Chao culpa
2025-11-30 21:42:55+00:00,Main CLP 🇨🇱,Expense,Snacks & Coffee,2300.0,CLP,2300.0,Waffle,,2025-11-30,2025-W48,2025-11,2025,Chao culpa
2025-12-01 13:05:45+00:00,Main CLP 🇨🇱,Expense,Snacks & Coffee,3080.0,CLP,3080.0,,,2025-12-01,2025-W49,2025-12,2025,Chao culpa
2025-12-01 13:29:37+00:00,Main CLP 🇨🇱,Expense,Groceries,24673.0,CLP,24673.0,,,2025-12-01,2025-W49,2025-12,2025,Gastos fijos
2025-12-02 15:11:38+00:00,Main CLP 🇨🇱,Expense,Acommodation,5000.0,CLP,5000.0,,,2025-12-02,2025-W49,2025-12,2025,Gastos fijos
2025-12-02 16:07:03+00:00,Main CLP 🇨🇱,Expense,Transport,1000.0,CLP,1000.0,,,2025-12-02,2025-W49,2025-12,2025,Gastos fijos
2025-12-02 17:54:01+00:00,Main CLP 🇨🇱,Expense,Restaurant,15928.0,CLP,15928.0,,,2025-12-02,2025-W49,2025-12,2025,Chao culpa
2025-12-02 21:43:09+00:00,Main CLP 🇨🇱,Expense,Shopping,7117.0,CLP,7117.0,Difusor sohere ali express ,,2025-12-02,2025-W49,2025-12,2025,Chao culpa
2025-12-03 16:40:03+00:00,Main CLP 🇨🇱,Expense,Snacks & Coffee,3700.0,CLP,3700.0,Cafe en el proyector,,2025-12-03,2025-W49,2025-12,2025,Chao culpa
2025-12-03 17:01:21+00:00,Main CLP 🇨🇱,Expense,Restaurant,6500.0,CLP,6500.0,,,2025-12-03,2025-W49,2025-12,2025,Chao culpa
2025-12-04 19:25:08+00:00,Main CLP 🇨🇱,Expense,Groceries,5700.0,CLP,5700.0,,,2025-12-04,2025-W49,2025-12,2025,Gastos fijos
2025-12-04 19:25:17+00:00,Main CLP 🇨🇱,Expense,Snacks & Coffee,2000.0,CLP,2000.0,,,2025-12-04,2025-W49,2025-12,2025,Chao culpa
2025-12-04 22:21:00+00:00,Main CLP 🇨🇱,Expense,Snacks & Coffee,1000.0,CLP,1000.0,,,2025-12-04,2025-W49,2025-12,2025,Chao culpa
2025-12-05 21:11:22+00:00,Main CLP 🇨🇱,Expense,Restaurant,6000.0,CLP,6000.0,,,2025-12-05,2025-W49,2025-12,2025,Chao culpa
2025-12-05 21:11:30+00:00,Main CLP 🇨🇱,Expense,Snacks & Coffee,2900.0,CLP,2900.0,,,2025-12-05,2025-W49,2025-12,2025,Chao culpa
2025-12-07 21:38:56+00:00,Main CLP 🇨🇱,Expense,Transport,25580.0,CLP,25580.0,,bencina,2025-12-07,2025-W49,2025-12,2025,Gastos fijos
2025-12-08 15:12:28+00:00,Main CLP 🇨🇱,Expense,Snacks & Coffee,10924.0,CLP,10924.0,Jubta damir Thomas ,,2025-12-08,2025-W50,2025-12,2025,Chao culpa
2025-12-08 15:51:46+00:00,Main CLP 🇨🇱,Expense,Sport,56200.0,CLP,56200.0,,natacion,2025-12-08,2025-W50,2025-12,2025,Secundarios
2025-12-08 17:17:41+00:00,Main CLP 🇨🇱,Expense,Groceries,14450.0,CLP,14450.0,,supermercado,2025-12-08,2025-W50,2025-12,2025,Gastos fijos
2025-12-10 14:40:07+00:00,Main CLP 🇨🇱,Expense,Groceries,8660.0,CLP,8660.0,,verduleria,2025-12-10,2025-W50,2025-12,2025,Gastos fijos
2025-12-10 14:40:23+00:00,Main CLP 🇨🇱,Expense,Shopping,2500.0,CLP,2500.0,,,2025-12-10,2025-W50,2025-12,2025,Chao culpa
2025-12-10 14:44:24+00:00,Main CLP 🇨🇱,Expense,Groceries,4800.0,CLP,4800.0,,verduleria,2025-12-10,2025-W50,2025-12,2025,Gastos fijos
2025-12-10 14:58:12+00:00,Main CLP 🇨🇱,Expense,Groceries,6900.0,CLP,6900.0,,tostaduria,2025-12-10,2025-W50,2025-12,2025,Gastos fijos
2025-12-11 15:00:05+00:00,Main CLP 🇨🇱,Expense,Sport,45000.0,CLP,45000.0,Yoga padma,prorrateado,2025-12-11,2025-W50,2025-12,2025,Secundarios
2025-12-11 20:37:37+00:00,Main CLP 🇨🇱,Expense,Snacks & Coffee,4730.0,CLP,4730.0,,,2025-12-11,2025-W50,2025-12,2025,Chao culpa
2025-12-11 20:56:03+00:00,Main CLP 🇨🇱,Expense,Groceries,6248.0,CLP,6248.0,,verduleria,2025-12-11,2025-W50,2025-12,2025,Gastos fijos
2025-12-12 15:10:50+00:00,Main CLP 🇨🇱,Expense,Healthcare,50000.0,CLP,50000.0,,,2025-12-12,2025-W50,2025-12,2025,Gastos fijos
2025-12-13 19:02:35+00:00,Main CLP 🇨🇱,Expense,Subscriptions,8490.0,CLP,8490.0,Dispey plus 1 mes,,2025-12-13,2025-W50,2025-12,2025,Gastos fijos
2025-12-13 20:19:35+00:00,Main CLP 🇨🇱,Expense,Groceries,61412.0,CLP,61412.0,Gatos y mas,supermercado,2025-12-13,2025-W50,2025-12,2025,Gastos fijos
2025-12-14 00:35:33+00:00,Main CLP 🇨🇱,Expense,Groceries,6010.0,CLP,6010.0,,,2025-12-14,2025-W50,2025-12,2025,Gastos fijos
2025-12-16 01:36:11+00:00,Main CLP 🇨🇱,Expense,Shopping,32000.0,CLP,32000.0,difusor dome flash Godox Ml-cd15,photography ,2025-12-16,2025-W51,2025-12,2025,Chao culpa
2025-12-18 23:35:04+00:00,Main CLP 🇨🇱,Expense,Transport,30500.0,CLP,30500.0,,bencina,2025-12-18,2025-W51,2025-12,2025,Gastos fijos
2025-12-19 14:19:30+00:00,Main CLP 🇨🇱,Expense,Education,10000.0,CLP,10000.0,Curso byung chil hal martin hopenhayn,,2025-12-19,2025-W51,2025-12,2025,Secundarios
2025-12-19 15:26:23+00:00,Main CLP 🇨🇱,Expense,Activities,30000.0,CLP,30000.0,Dj genius of funk en onacius bellvista,,2025-12-19,2025-W51,2025-12,2025,Chao culpa
2025-12-19 15:26:31+00:00,Main CLP 🇨🇱,Expense,Transport,3500.0,CLP,3500.0,,taxi,2025-12-19,2025-W51,2025-12,2025,Gastos fijos
2025-12-19 15:26:38+00:00,Main CLP 🇨🇱,Expense,Alcohol,6000.0,CLP,6000.0,Aperol,,2025-12-19,2025-W51,2025-12,2025,Chao culpa
2025-12-19 18:23:15+00:00,Main CLP 🇨🇱,Expense,Activities,8800.0,CLP,8800.0,Juan barriga y tranki en subterraneo,,2025-12-19,2025-W51,2025-12,2025,Chao culpa
2025-12-20 00:53:58+00:00,Main CLP 🇨🇱,Expense,Alcohol,5500.0,CLP,5500.0,,,2025-12-20,2025-W51,2025-12,2025,Chao culpa
2025-12-21 04:16:17+00:00,Main CLP 🇨🇱,Expense,Gifts,30150.0,CLP,30150.0,Regalos navidad x4 obolo chocolate ,,2025-12-21,2025-W51,2025-12,2025,Chao culpa
2025-12-21 16:44:15+00:00,Main CLP 🇨🇱,Expense,Maintenance ,7000.0,CLP,7000.0,Matencion tarjeta de crédito santander,,2025-12-21,2025-W51,2025-12,2025,Gastos fijos
2025-12-22 15:10:10+00:00,Main CLP 🇨🇱,Expense,Education,90990.0,CLP,90990.0,Mentoria tanara merino,photography ,2025-12-22,2025-W52,2025-12,2025,Secundarios
2025-12-22 23:11:43+00:00,Main CLP 🇨🇱,Expense,Groceries,5780.0,CLP,5780.0,,,2025-12-22,2025-W52,2025-12,2025,Gastos fijos
2025-12-22 23:11:49+00:00,Main CLP 🇨🇱,Expense,Snacks & Coffee,6000.0,CLP,6000.0,,,2025-12-22,2025-W52,2025-12,2025,Chao culpa
2025-12-22 23:16:26+00:00,Main CLP 🇨🇱,Expense,Pharmacy ,10847.0,CLP,10847.0,FARMACIAS AHUMADA | BILBAO 4144 | LAS CONDES,Pharmacy,2025-12-22,2025-W52,2025-12,2025,Gastos fijos
2025-12-23 16:37:37+00:00,Main CLP 🇨🇱,Expense,Groceries,13850.0,CLP,13850.0,,,2025-12-23,2025-W52,2025-12,2025,Gastos fijos
2025-12-24 12:40:02+00:00,Main CLP 🇨🇱,Expense,Groceries,8730.0,CLP,8730.0,,,2025-12-24,2025-W52,2025-12,2025,Gastos fijos
2025-12-26 21:15:26+00:00,Main CLP 🇨🇱,Expense,Utilities,12990.0,CLP,12990.0,Plan entel,,2025-12-26,2025-W52,2025-12,2025,Gastos fijos
2025-12-26 22:21:29+00:00,Main CLP 🇨🇱,Expense,Groceries,6988.0,CLP,6988.0,"CENCOSUD RETAIL S.A. | AV. KENNEDY 9001, LAS CONDES-SANTIAGO | SANTIAGO | CL",supermercado,2025-12-26,2025-W52,2025-12,2025,Gastos fijos
2025-12-27 17:55:33+00:00,Main CLP 🇨🇱,Expense,Groceries,10211.0,CLP,10211.0,COMERCIAL BAKEA SPA | FLANDES 1828 | LAS CONDES,verduleria,2025-12-27,2025-W52,2025-12,2025,Gastos fijos
2025-12-27 23:22:57+00:00,Main CLP 🇨🇱,Expense,Shopping,36000.0,CLP,36000.0,DECATHLON CHILE SPA | Avenida Francie 750 Local | Las Conde,ropa,2025-12-27,2025-W52,2025-12,2025,Chao culpa
2025-12-27 23:46:32+00:00,Main CLP 🇨🇱,Expense,Shopping,34980.0,CLP,34980.0,"FALABELLA RETAIL S.A. | AV. ANDRES BELLO 2447, LOCAL 192 | PROVIDENCIA | CL",ropa,2025-12-27,2025-W52,2025-12,2025,Chao culpa
2025-12-29 12:41:23+00:00,Main CLP 🇨🇱,Expense,Groceries,6916.0,CLP,6916.0,COMERCIAL BAKEA SPA | FLANDES 1828 | LAS CONDES,verduleria,2025-12-29,2026-W01,2025-12,2025,Gastos fijos
2025-12-29 19:30:13+00:00,Main CLP 🇨🇱,Expense,Education,50000.0,CLP,50000.0,talleres de bolsillo pack timido 2 vivo 1 play,,2025-12-29,2026-W01,2025-12,2025,Secundarios
2025-12-30 00:21:05+00:00,Main CLP 🇨🇱,Expense,Shopping,64960.0,CLP,64960.0,"Falabella Retail S.A. - pantalones 2x , chaqueta y polera",ropa,2025-12-30,2026-W01,2025-12,2025,Chao culpa
2025-12-30 15:11:08+00:00,Main CLP 🇨🇱,Expense,Healthcare,50000.0,CLP,50000.0,,terapia,2025-12-30,2026-W01,2025-12,2025,Gastos fijos
2025-12-31 12:47:27+00:00,Main CLP 🇨🇱,Expense,Groceries,5510.0,CLP,5510.0,COMERCIAL BAKEA SPA | FLANDES 1828 | LAS CONDES | CL,verduleria,2025-12-31,2026-W01,2025-12,2025,Gastos fijos
2025-12-31 17:17:56+00:00,Main CLP 🇨🇱,Expense,Groceries,11420.0,CLP,11420.0,"CENCOSUD RETAIL S.A. | AV. KENNEDY 9001, LAS CONDES-SANTIAGO | SANTIAGO","breakfast,supermercado,lunch",2025-12-31,2026-W01,2025-12,2025,Gastos fijos
2025-12-31 18:37:32+00:00,Main CLP 🇨🇱,Expense,Groceries,6150.0,CLP,6150.0,,tostaduria,2025-12-31,2026-W01,2025-12,2025,Gastos fijos
2025-12-31 18:57:57+00:00,Main CLP 🇨🇱,Expense,Gifts,19514.0,CLP,19514.0,Regalo ceci grupal zapatos,,2025-12-31,2026-W01,2025-12,2025,Chao culpa
2025-12-31 19:12:24+00:00,Main CLP 🇨🇱,Income,Sale,5000.0,CLP,5000.0,Mouse,,2025-12-31,2026-W01,2025-12,2025,Otros
2026-01-01 21:47:12+00:00,Main CLP 🇨🇱,Expense,Transport,7357.0,CLP,7357.0,,taxi,2026-01-01,2026-W01,2026-01,2026,Gastos fijos
2026-01-02 15:34:55+00:00,Main CLP 🇨🇱,Expense,Healthcare,7800.0,CLP,7800.0,Urologo,,2026-01-02,2026-W01,2026-01,2026,Gastos fijos
2026-01-03 00:30:12+00:00,Main CLP 🇨🇱,Expense,Sport,56200.0,CLP,56200.0,,natacion,2026-01-03,2026-W01,2026-01,2026,Secundarios
2026-01-03 14:54:59+00:00,Main CLP 🇨🇱,Expense,Groceries,6391.0,CLP,6391.0,COMERCIAL BAKEA SPA | FLANDES 1828 | LAS CONDES,verduleria,2026-01-03,2026-W01,2026-01,2026,Gastos fijos
2026-01-04 02:46:47+00:00,Main CLP 🇨🇱,Expense,Groceries,12500.0,CLP,12500.0,,supermercado,2026-01-04,2026-W01,2026-01,2026,Gastos fijos
2026-01-04 13:57:28+00:00,Main CLP 🇨🇱,Income,Sale,10000.0,CLP,10000.0,teclado macbook,,2026-01-04,2026-W01,2026-01,2026,Otros
2026-01-05 01:26:02+00:00,Main CLP 🇨🇱,Income,Sale,165000.0,CLP,165000.0,Guitarra cort ad mini,,2026-01-05,2026-W02,2026-01,2026,Otros
2026-01-05 15:27:52+00:00,Main CLP 🇨🇱,Expense,Healthcare,50943.0,CLP,50943.0,Examens urologo - 2 eco y flujometria,,2026-01-05,2026-W02,2026-01,2026,Gastos fijos
2026-01-06 17:07:18+00:00,Main CLP 🇨🇱,Expense,Groceries,3848.0,CLP,3848.0,COMERCIAL BAKEA SPA | FLANDES 1828 | LAS CONDES,"verduras,supermercado",2026-01-06,2026-W02,2026-01,2026,Gastos fijos
2026-01-06 18:32:26+00:00,Main CLP 🇨🇱,Income,Sale,110000.0,CLP,110000.0,Laptop aspire 5 acer,,2026-01-06,2026-W02,2026-01,2026,Otros
2026-01-07 17:25:18+00:00,Main CLP 🇨🇱,Expense,Groceries,15120.0,CLP,15120.0,,supermercado,2026-01-07,2026-W02,2026-01,2026,Gastos fijos
2026-01-08 17:20:55+00:00,Main CLP 🇨🇱,Expense,Groceries,2111.0,CLP,2111.0,,,2026-01-08,2026-W02,2026-01,2026,Gastos fijos
2026-01-09 01:50:57+00:00,Main CLP 🇨🇱,Expense,Healthcare,59592.0,CLP,59592.0,Urgenci Indiaa mordedura gata,,2026-01-09,2026-W02,2026-01,2026,Gastos fijos
2026-01-09 02:16:43+00:00,Main CLP 🇨🇱,Expense,Shopping,830000.0,CLP,830000.0,Guitarra Taylor gs mini e mahogany ,music,2026-01-09,2026-W02,2026-01,2026,Chao culpa
2026-01-09 13:42:42+00:00,Main CLP 🇨🇱,Expense,Pharmacy ,28917.0,CLP,28917.0,FARMACIAS AHUMADA SpA | Cerro El Plomo 5630 of. 801-802 | Las Condes,Pharmacy,2026-01-09,2026-W02,2026-01,2026,Gastos fijos
2026-01-09 13:49:05+00:00,Main CLP 🇨🇱,Expense,Groceries,11741.0,CLP,11741.0,COMERCIAL BAKEA SPA | FLANDES 1828 | LAS CONDES,verduras,2026-01-09,2026-W02,2026-01,2026,Gastos fijos
2026-01-10 02:15:41+00:00,Main CLP 🇨🇱,Income,Sale,120000.0,CLP,120000.0,Laptop asus zenbook,,2026-01-10,2026-W02,2026-01,2026,Otros
2026-01-10 15:24:22+00:00,Main CLP 🇨🇱,Income,Insurance Payout,105000.0,CLP,105000.0,3 consultas terapia,terapia,2026-01-10,2026-W02,2026-01,2026,Otros
2026-01-10 15:34:32+00:00,Main CLP 🇨🇱,Expense,Tax,163205.0,CLP,163205.0,cuota 2025-q4 vence nov pague atrasada,contribuciones,2026-01-10,2026-W02,2026-01,2026,Gastos fijos
2026-01-10 20:18:51+00:00,Main CLP 🇨🇱,Expense,Transport,7000.0,CLP,7000.0,prod-turbus.kupos.cl,bus,2026-01-10,2026-W02,2026-01,2026,Gastos fijos
2026-01-13 17:13:58+00:00,Main CLP 🇨🇱,Income,Consultoria BI,832503.0,CLP,832503.0,Activos CCU Fase I a Go to Market ,,2026-01-13,2026-W03,2026-01,2026,Otros
2026-01-13 17:14:33+00:00,Main CLP 🇨🇱,Expense,Tax,126957.0,CLP,126957.0,Retención impuestos 15.25 boleta ,retencion,2026-01-13,2026-W03,2026-01,2026,Gastos fijos
2026-01-16 13:57:05+00:00,Main CLP 🇨🇱,Expense,Alcohol,10373.26463928,CLP,10373.0,,,2026-01-16,2026-W03,2026-01,2026,Chao culpa
2026-01-16 13:57:19+00:00,Main CLP 🇨🇱,Expense,Activities,21610.9679985,CLP,21611.0,Despedida soltero lucas,,2026-01-16,2026-W03,2026-01,2026,Chao culpa
2026-01-16 16:07:48+00:00,Main CLP 🇨🇱,Expense,Groceries,9313.0,CLP,9313.0,COMERCIAL BAKE A SPA | FLANDES 1826 | LAS CONDES,"verduras,supermercado",2026-01-16,2026-W03,2026-01,2026,Gastos fijos
2026-01-16 18:55:35+00:00,Main CLP 🇨🇱,Expense,Personal Care,18000.0,CLP,18000.0,,peluqueria,2026-01-16,2026-W03,2026-01,2026,Gastos fijos
2026-01-16 19:11:23+00:00,Main CLP 🇨🇱,Expense,Pharmacy ,15352.0,CLP,15352.0,FARMACIAS AHUMADA SpA | Cerro El Plomo 5630 of. 801-802 | LAS CONDES | CL,Pharmacy,2026-01-16,2026-W03,2026-01,2026,Gastos fijos
2026-01-16 19:16:04+00:00,Main CLP 🇨🇱,Expense,Shopping,13990.0,CLP,13990.0,spray sea salt pichara,,2026-01-16,2026-W03,2026-01,2026,Chao culpa
2026-01-16 19:50:39+00:00,Main CLP 🇨🇱,Expense,Education,45000.0,CLP,45000.0,ian presencia escenixa,coaching,2026-01-16,2026-W03,2026-01,2026,Secundarios
2026-01-17 13:56:53+00:00,Main CLP 🇨🇱,Income,Sale,10373.26463928,CLP,10373.0,mochila perro yosho,,2026-01-17,2026-W03,2026-01,2026,Otros
2026-01-18 13:56:37+00:00,Main CLP 🇨🇱,Expense,Groceries,5380.0,CLP,5380.0,CENCOSUD RETAIL S.A. | AV. KENNEDY 9001 | SANTIAGO | CL,supermercado,2026-01-18,2026-W03,2026-01,2026,Gastos fijos
2026-01-19 13:56:15+00:00,Main CLP 🇨🇱,Expense,Education,43221.935997,CLP,43222.0,joshua vocal coach,music,2026-01-19,2026-W04,2026-01,2026,Secundarios
2026-01-20 13:54:45+00:00,Main CLP 🇨🇱,Expense,Groceries,7576.0,CLP,7576.0,COMERCIAL BAKEA SPA | FLANDES 1828 | LAS CONDES,verduras,2026-01-20,2026-W04,2026-01,2026,Gastos fijos
2026-01-20 13:55:55+00:00,Main CLP 🇨🇱,Expense,Groceries,25550.0,CLP,25550.0,TOSTADURIA TALCA | Av Prg 1801 | SANTIAGO | CL,tostaduria,2026-01-20,2026-W04,2026-01,2026,Gastos fijos
2026-01-20 13:56:22+00:00,Main CLP 🇨🇱,Expense,Groceries,15959.0,CLP,15959.0,"CENCOSUD RETAIL S.A. | AV. KENNEDY 9001, LAS CONDES | SANTIAGO | CL",supermercado,2026-01-20,2026-W04,2026-01,2026,Gastos fijos
2026-01-21 16:44:15+00:00,Main CLP 🇨🇱,Expense,Maintenance ,7000.0,CLP,7000.0,Matencion tarjeta de crédito santander,,2026-01-21,2026-W04,2026-01,2026,Gastos fijos
2026-01-23 13:55:19+00:00,Main CLP 🇨🇱,Expense,Restaurant,15559.89695892,CLP,15560.0,Insert coin,,2026-01-23,2026-W04,2026-01,2026,Chao culpa
2026-01-24 13:54:24+00:00,Main CLP 🇨🇱,Expense,Groceries,4577.0,CLP,4577.0,COMERCIAL BAKEA SPA | FLANDES 1828 | LAS CONDES | CL,verduras,2026-01-24,2026-W04,2026-01,2026,Gastos fijos
2026-01-24 17:07:15+00:00,Main CLP 🇨🇱,Expense,Restaurant,11000.0,CLP,11000.0,Puzzas donde mallen bastian,,2026-01-24,2026-W04,2026-01,2026,Chao culpa
2026-01-26 14:33:25+00:00,Main CLP 🇨🇱,Income,Sale,25000.0,CLP,25000.0,Pedal donner delay,,2026-01-26,2026-W05,2026-01,2026,Otros
2026-01-26 21:15:26+00:00,Main CLP 🇨🇱,Expense,Utilities,12990.0,CLP,12990.0,Plan entel,mobile,2026-01-26,2026-W05,2026-01,2026,Gastos fijos
2026-01-26 23:35:24+00:00,Main CLP 🇨🇱,Income,Sale,40000.0,CLP,40000.0,camara Olympus acuática ,,2026-01-26,2026-W05,2026-01,2026,Otros
2026-01-28 14:12:06+00:00,Main CLP 🇨🇱,Expense,Groceries,4296.0,CLP,4296.0,COMERCIAL BAKEA SPA | FLANDES 1828 | LAS CONDES | CL,"frutas,verduras",2026-01-28,2026-W05,2026-01,2026,Gastos fijos
2026-01-28 17:30:38+00:00,Main CLP 🇨🇱,Expense,Pharmacy ,69900.0,CLP,69900.0,aradix doa cajas 20 mg,,2026-01-28,2026-W05,2026-01,2026,Gastos fijos
2026-01-28 23:01:02+00:00,Main CLP 🇨🇱,Expense,Transport,3098.0,CLP,3098.0,,,2026-01-28,2026-W05,2026-01,2026,Gastos fijos
2026-01-28 23:01:14+00:00,Main CLP 🇨🇱,Expense,Transport,4000.0,CLP,4000.0,,public-transport,2026-01-28,2026-W05,2026-01,2026,Gastos fijos
2026-01-29 03:10:04+00:00,Main CLP 🇨🇱,Expense,Restaurant,16060.0,CLP,16060.0,vinoteca,,2026-01-29,2026-W05,2026-01,2026,Chao culpa
2026-01-29 04:11:31+00:00,Main CLP 🇨🇱,Expense,Transport,4370.0,CLP,4370.0,,,2026-01-29,2026-W05,2026-01,2026,Gastos fijos
2026-01-30 20:23:38+00:00,Main CLP 🇨🇱,Expense,Subscriptions,24900.0,CLP,24900.0,day one year,apps ,2026-01-30,2026-W05,2026-01,2026,Gastos fijos
2026-01-31 13:00:52+00:00,Main CLP 🇨🇱,Expense,Transport,38260.0,CLP,38260.0,estanque lleno a tunquen,bencina,2026-01-31,2026-W05,2026-01,2026,Gastos fijos
2026-02-01 20:38:39+00:00,Main CLP 🇨🇱,Expense,Subscriptions,22900.0,CLP,22900.0,bumble 3 meses,apps ,2026-02-01,2026-W05,2026-02,2026,Gastos fijos
2026-02-02 14:21:38+00:00,Main CLP 🇨🇱,Income,Foto Matrimonios,200000.0,CLP,200000.0,matri enero 2  - Cate  ,,2026-02-02,2026-W06,2026-02,2026,Otros
2026-02-02 22:33:20+00:00,Main CLP 🇨🇱,Income,Foto Matrimonios,200000.0,CLP,200000.0,matri enero 1  - Fran y Jose ,,2026-02-02,2026-W06,2026-02,2026,Otros
2026-02-03 01:36:57+00:00,Main CLP 🇨🇱,Expense,Sport,56200.0,CLP,56200.0,,natacion,2026-02-03,2026-W06,2026-02,2026,Secundarios
2026-02-03 12:43:38+00:00,Main CLP 🇨🇱,Expense,Acommodation,212500.0,CLP,212500.0,arriendo mich feb 60%,,2026-02-03,2026-W06,2026-02,2026,Gastos fijos
2026-02-04 14:34:44+00:00,Main CLP 🇨🇱,Expense,Acommodation,220000.0,CLP,220000.0,"Arriendo casa tote en Petrcor pucon, 10 dias incluyendo limpieza ",,2026-02-04,2026-W06,2026-02,2026,Gastos fijos
2026-02-04 15:09:29+00:00,Main CLP 🇨🇱,Expense,Transport,33625.0,CLP,33625.0,COPEC | RUTA S SUR KM 195 - 27.7 lts 95,bencina,2026-02-04,2026-W06,2026-02,2026,Gastos fijos
2026-02-04 18:16:41+00:00,Main CLP 🇨🇱,Expense,Transport,33635.0,CLP,33635.0,Copec,bencina,2026-02-04,2026-W06,2026-02,2026,Gastos fijos
2026-02-04 22:16:18+00:00,Main CLP 🇨🇱,Expense,Transport,3400.0,CLP,3400.0,Peaje,,2026-02-04,2026-W06,2026-02,2026,Gastos fijos
2026-02-04 22:16:19+00:00,Main CLP 🇨🇱,Expense,Transport,3400.0,CLP,3400.0,Peaje,peajes,2026-02-04,2026-W06,2026-02,2026,Gastos fijos
2026-02-04 22:18:16+00:00,Main CLP 🇨🇱,Expense,Transport,3600.0,CLP,3600.0,,peajes,2026-02-04,2026-W06,2026-02,2026,Gastos fijos
2026-02-04 23:08:55+00:00,Main CLP 🇨🇱,Expense,Transport,37441.0,CLP,37441.0,"Copec 30.7 lts - 184,459 km",bencina,2026-02-04,2026-W06,2026-02,2026,Gastos fijos
2026-02-04 23:39:11+00:00,Main CLP 🇨🇱,Expense,Restaurant,7800.0,CLP,7800.0,Lomito,,2026-02-04,2026-W06,2026-02,2026,Chao culpa
2026-02-04 23:44:34+00:00,Main CLP 🇨🇱,Expense,Restaurant,12000.0,CLP,12000.0,Hamburguesa y cafe en aramco upa,,2026-02-04,2026-W06,2026-02,2026,Chao culpa
2026-02-05 13:19:22+00:00,Main CLP 🇨🇱,Expense,Groceries,29330.0,CLP,29330.0,,verduleria,2026-02-05,2026-W06,2026-02,2026,Gastos fijos
2026-02-05 13:56:04+00:00,Main CLP 🇨🇱,Expense,Groceries,106200.0,CLP,106200.0,LIDER,"frutas,verduras,supermercado,compras-valiosas",2026-02-05,2026-W06,2026-02,2026,Gastos fijos
2026-02-06 15:45:09+00:00,Main CLP 🇨🇱,Expense,Activities,45000.0,CLP,45000.0,inscripcion nacional aguas abiertas valdivia,natacion,2026-02-06,2026-W06,2026-02,2026,Chao culpa
2026-02-06 17:18:01+00:00,Main CLP 🇨🇱,Income,Foto Matrimonios,200000.0,CLP,200000.0,Matri cristi y martin con nico amaro,,2026-02-06,2026-W06,2026-02,2026,Otros
2026-02-10 21:27:57+00:00,Main CLP 🇨🇱,Expense,Sport,102500.0,CLP,102500.0,Club k9 trimestre desde ,natacion,2026-02-10,2026-W07,2026-02,2026,Secundarios
2026-02-10 21:57:38+00:00,Main CLP 🇨🇱,Expense,Groceries,17030.0,CLP,17030.0,Mercado local,,2026-02-10,2026-W07,2026-02,2026,Gastos fijos
2026-02-12 23:26:40+00:00,Main CLP 🇨🇱,Expense,Groceries,13000.0,CLP,13000.0,,verduleria,2026-02-12,2026-W07,2026-02,2026,Gastos fijos
2026-02-12 23:40:26+00:00,Main CLP 🇨🇱,Expense,Groceries,25150.0,CLP,25150.0,MINIMARKET MANUEL EDUARDO NARVAEZ TEJOS E.I.R.L. | CAMINO VILLARRICA PUCON 12 MOLCO BAJO | VILLARRICA,supermercado,2026-02-12,2026-W07,2026-02,2026,Gastos fijos
2026-02-13 12:57:17+00:00,Main CLP 🇨🇱,Expense,Sport,39000.0,CLP,39000.0,Arriendo traje natacion aguas abiertas,,2026-02-13,2026-W07,2026-02,2026,Secundarios
2026-02-14 14:40:17+00:00,Main CLP 🇨🇱,Expense,Transport,3600.0,CLP,3600.0,,peajes,2026-02-14,2026-W07,2026-02,2026,Gastos fijos
2026-02-14 15:59:41+00:00,Main CLP 🇨🇱,Expense,Groceries,15090.0,CLP,15090.0,lider Valdivia ,supermercado,2026-02-14,2026-W07,2026-02,2026,Gastos fijos
2026-02-14 21:45:28+00:00,Main CLP 🇨🇱,Expense,Restaurant,4500.0,CLP,4500.0,pizz,,2026-02-14,2026-W07,2026-02,2026,Chao culpa
2026-02-14 21:45:39+00:00,Main CLP 🇨🇱,Expense,Restaurant,6000.0,CLP,6000.0,rameb,,2026-02-14,2026-W07,2026-02,2026,Chao culpa
2026-02-15 16:06:23+00:00,Main CLP 🇨🇱,Expense,Transport,3600.0,CLP,3600.0,,peajes,2026-02-15,2026-W07,2026-02,2026,Gastos fijos
2026-02-15 17:17:17+00:00,Main CLP 🇨🇱,Expense,Transport,34600.0,CLP,34600.0,copec 28 litros 184996 kilomateraje - ,bencina,2026-02-15,2026-W07,2026-02,2026,Gastos fijos
2026-02-15 17:30:42+00:00,Main CLP 🇨🇱,Expense,Groceries,22589.0,CLP,22589.0,COMERCIAL AMAR HERMANOS Y COMPANIA LIMITADA | GERONIMO DE ALDERETE 999 | VILLARRICA,"verduras,supermercado",2026-02-15,2026-W07,2026-02,2026,Gastos fijos
2026-02-16 15:07:34+00:00,Main CLP 🇨🇱,Expense,Insurance,159777.0,CLP,159777.0,maa vida cuota enero,,2026-02-16,2026-W08,2026-02,2026,Gastos fijos
2026-02-18 21:12:41+00:00,Main CLP 🇨🇱,Expense,Activities,16500.0,CLP,16500.0,nano stern pucon,,2026-02-18,2026-W08,2026-02,2026,Chao culpa
2026-02-19 14:47:25+00:00,Main CLP 🇨🇱,Expense,Groceries,104.0,CLP,104.0,,,2026-02-19,2026-W08,2026-02,2026,Gastos fijos
2026-02-19 14:56:59+00:00,Main CLP 🇨🇱,Expense,Groceries,10440.0,CLP,10440.0,leli pilas y mas,,2026-02-19,2026-W08,2026-02,2026,Gastos fijos
2026-02-19 17:40:54+00:00,Main CLP 🇨🇱,Expense,Sport,190000.0,CLP,190000.0,padma yoga formacion anual 5 talleres,,2026-02-19,2026-W08,2026-02,2026,Secundarios
2026-02-19 23:06:09+00:00,Main CLP 🇨🇱,Expense,Groceries,19600.0,CLP,19600.0,datiles kg mani avena y mas,,2026-02-19,2026-W08,2026-02,2026,Gastos fijos
2026-02-19 23:06:32+00:00,Main CLP 🇨🇱,Expense,Groceries,15865.0,CLP,15865.0,frutillas lechuga huevos,,2026-02-19,2026-W08,2026-02,2026,Gastos fijos
2026-02-20 16:06:38+00:00,Main CLP 🇨🇱,Expense,Education,19554.0,CLP,19554.0,curso fotografia contraluz docu largo plazo,,2026-02-20,2026-W08,2026-02,2026,Secundarios
2026-02-21 00:40:10+00:00,Main CLP 🇨🇱,Expense,Transport,39900.0,CLP,39900.0,Bus lareles a Santiago ,bus,2026-02-21,2026-W08,2026-02,2026,Gastos fijos
2026-02-21 04:31:01+00:00,Main CLP 🇨🇱,Expense,Alcohol,6000.0,CLP,6000.0,,,2026-02-21,2026-W08,2026-02,2026,Chao culpa
2026-02-21 04:31:08+00:00,Main CLP 🇨🇱,Expense,Snacks & Coffee,3800.0,CLP,3800.0,,,2026-02-21,2026-W08,2026-02,2026,Chao culpa
2026-02-21 15:20:51+00:00,Main CLP 🇨🇱,Expense,Transport,5000.0,CLP,5000.0,Estacionamiento ,,2026-02-21,2026-W08,2026-02,2026,Gastos fijos
2026-02-21 16:44:15+00:00,Main CLP 🇨🇱,Expense,Maintenance ,7000.0,CLP,7000.0,Matencion tarjeta de crédito santander,,2026-02-21,2026-W08,2026-02,2026,Gastos fijos
2026-02-21 23:04:31+00:00,Main CLP 🇨🇱,Expense,Personal Care,3990.0,CLP,3990.0,Bloqueador,,2026-02-21,2026-W08,2026-02,2026,Gastos fijos
2026-02-21 23:10:55+00:00,Main CLP 🇨🇱,Expense,Groceries,8260.0,CLP,8260.0,,supermercado,2026-02-21,2026-W08,2026-02,2026,Gastos fijos
2026-02-22 22:33:58+00:00,Main CLP 🇨🇱,Expense,Activities,10000.0,CLP,10000.0,trekiings paseo y burgers,,2026-02-22,2026-W08,2026-02,2026,Chao culpa
2026-02-23 21:38:51+00:00,Main CLP 🇨🇱,Expense,Snacks & Coffee,3000.0,CLP,3000.0,,,2026-02-23,2026-W09,2026-02,2026,Chao culpa
2026-02-24 20:04:51+00:00,Main CLP 🇨🇱,Expense,Snacks & Coffee,800.0,CLP,800.0,,,2026-02-24,2026-W09,2026-02,2026,Chao culpa
2026-02-24 20:04:56+00:00,Main CLP 🇨🇱,Expense,Transport,1400.0,CLP,1400.0,,,2026-02-24,2026-W09,2026-02,2026,Gastos fijos
2026-02-26 16:20:39+00:00,Main CLP 🇨🇱,Expense,Utilities,12990.0,CLP,12990.0,,mobile,2026-02-26,2026-W09,2026-02,2026,Gastos fijos
2026-02-26 21:15:26+00:00,Main CLP 🇨🇱,Expense,Utilities,12990.0,CLP,12990.0,Plan entel,,2026-02-26,2026-W09,2026-02,2026,Gastos fijos
2026-02-27 02:46:16+00:00,Main CLP 🇨🇱,Expense,Subscriptions,8900.0,CLP,8900.0,Bumbke compiments x8,,2026-02-27,2026-W09,2026-02,2026,Gastos fijos
2026-02-27 09:08:48+00:00,Main CLP 🇨🇱,Expense,Transport,4000.0,CLP,4000.0,,public-transport,2026-02-27,2026-W09,2026-02,2026,Gastos fijos
2026-02-27 13:40:45+00:00,Main CLP 🇨🇱,Expense,Personal Care,84578.0,CLP,84578.0,Skin care y antialergico,,2026-02-27,2026-W09,2026-02,2026,Gastos fijos
2026-02-27 13:51:45+00:00,Main CLP 🇨🇱,Expense,Groceries,24980.0,CLP,24980.0,Junbo bilbao,,2026-02-27,2026-W09,2026-02,2026,Gastos fijos
2026-02-27 16:46:51+00:00,Main CLP 🇨🇱,Income,Foto Matrimonios,290000.0,CLP,290000.0,Luli y jp con hora extra,,2026-02-27,2026-W09,2026-02,2026,Otros
2026-02-27 16:59:37+00:00,Main CLP 🇨🇱,Income,Consultoria BI,237850.0,CLP,237850.0,Greenlab deposito,,2026-02-27,2026-W09,2026-02,2026,Otros
2026-02-27 17:46:48+00:00,Main CLP 🇨🇱,Expense,Education,10000.0,CLP,10000.0,Curso tbd play jose bengoa chile rural,online-course,2026-02-27,2026-W09,2026-02,2026,Secundarios
2026-02-28 06:12:51+00:00,Main CLP 🇨🇱,Expense,Transport,21100.0,CLP,21100.0,copec prius 2 papa 16 lts,bencina,2026-02-28,2026-W09,2026-02,2026,Gastos fijos
2026-02-28 16:47:14+00:00,Main CLP 🇨🇱,Income,Foto Matrimonios,200000.0,CLP,200000.0,Javi carlos,,2026-02-28,2026-W09,2026-02,2026,Otros
2026-02-28 18:57:38+00:00,Main CLP 🇨🇱,Expense,Shopping,25232.0,CLP,25232.0,Godox difusor segundo,photography ,2026-02-28,2026-W09,2026-02,2026,Chao culpa
2026-03-01 15:57:14+00:00,Main CLP 🇨🇱,Expense,Subscriptions,2200.0,CLP,2200.0,,,2026-03-01,2026-W09,2026-03,2026,Gastos fijos
2026-03-01 17:35:47+00:00,Main CLP 🇨🇱,Expense,Subscriptions,6400.0,CLP,6400.0,googlr cloud febrero billing,"business ,cloud services",2026-03-01,2026-W09,2026-03,2026,Gastos fijos
2026-03-02 13:28:04+00:00,Main CLP 🇨🇱,Expense,Gifts,55000.0,CLP,55000.0,matri lucas y flo,,2026-03-02,2026-W10,2026-03,2026,Chao culpa
2026-03-02 14:18:10+00:00,Main CLP 🇨🇱,Expense,Sport,56200.0,CLP,56200.0,club Providencia último mes socio año,natacion,2026-03-02,2026-W10,2026-03,2026,Secundarios
2026-03-03 21:33:48+00:00,Main CLP 🇨🇱,Expense,Snacks & Coffee,4730.0,CLP,4730.0,,,2026-03-03,2026-W10,2026-03,2026,Chao culpa
2026-03-04 13:10:48+00:00,Main CLP 🇨🇱,Expense,Acommodation,297000.0,CLP,297000.0,cabana mich molco descuento gasfiter incluido ,,2026-03-04,2026-W10,2026-03,2026,Gastos fijos
2026-03-04 19:28:24+00:00,Main CLP 🇨🇱,Expense,Shopping,53000.0,CLP,53000.0,DECATHLON,ropa,2026-03-04,2026-W10,2026-03,2026,Chao culpa
2026-03-04 20:31:08+00:00,Main CLP 🇨🇱,Expense,Shopping,225780.0,CLP,225780.0,terno guarneri alto concepto ,ropa,2026-03-04,2026-W10,2026-03,2026,Chao culpa
2026-03-04 21:55:55+00:00,Main CLP 🇨🇱,Expense,Shopping,450000.0,CLP,450000.0,lente sony 20mm G 1.8,photography ,2026-03-04,2026-W10,2026-03,2026,Chao culpa
2026-03-04 21:56:26+00:00,Main CLP 🇨🇱,Expense,Shopping,119000.0,CLP,119000.0,4 pantalones basement ,,2026-03-04,2026-W10,2026-03,2026,Chao culpa
2026-03-05 12:28:07+00:00,Main CLP 🇨🇱,Expense,Groceries,15672.0,CLP,15672.0,,supermercado,2026-03-05,2026-W10,2026-03,2026,Gastos fijos
2026-03-05 22:21:35+00:00,Main CLP 🇨🇱,Income,Sale,850000.0,CLP,850000.0,sony 50mm GM,,2026-03-05,2026-W10,2026-03,2026,Otros
2026-03-07 16:43:40+00:00,Main CLP 🇨🇱,Expense,Snacks & Coffee,6000.0,CLP,6000.0,,,2026-03-07,2026-W10,2026-03,2026,Chao culpa
2026-03-07 16:47:49+00:00,Main CLP 🇨🇱,Income,Foto Matrimonios,290000.0,CLP,290000.0,Keko fernanda hora extra,,2026-03-07,2026-W10,2026-03,2026,Otros
2026-03-09 13:51:59+00:00,Main CLP 🇨🇱,Expense,Snacks & Coffee,9000.0,CLP,9000.0,heladería valpo,,2026-03-09,2026-W11,2026-03,2026,Chao culpa
2026-03-09 13:52:20+00:00,Main CLP 🇨🇱,Expense,Transport,46500.0,CLP,46500.0,,bencina,2026-03-09,2026-W11,2026-03,2026,Gastos fijos
2026-03-09 13:52:51+00:00,Main CLP 🇨🇱,Income,Gifts,150000.0,CLP,150000.0,regalo cumple mama,,2026-03-09,2026-W11,2026-03,2026,Chao culpa
2026-03-11 15:34:44+00:00,Main CLP 🇨🇱,Expense,Shopping,28980.0,CLP,28980.0,cinturón y calcetines ,ropa,2026-03-11,2026-W11,2026-03,2026,Chao culpa
2026-03-12 23:38:15+00:00,Main CLP 🇨🇱,Expense,Education,45000.0,CLP,45000.0,sesion presencia Escénica 2 - marzo 11,,2026-03-12,2026-W11,2026-03,2026,Secundarios
2026-03-13 00:07:07+00:00,Main CLP 🇨🇱,Expense,Groceries,4550.0,CLP,4550.0,,,2026-03-13,2026-W11,2026-03,2026,Gastos fijos
2026-03-15 15:24:13+00:00,Main CLP 🇨🇱,Expense,Shopping,27980.0,CLP,27980.0,Calzoncillos arrow 2x packa de 6,ropa,2026-03-15,2026-W11,2026-03,2026,Chao culpa
2026-03-15 15:43:41+00:00,Main CLP 🇨🇱,Expense,Shopping,22790.0,CLP,22790.0,,music,2026-03-15,2026-W11,2026-03,2026,Chao culpa
2026-03-15 18:54:24+00:00,Main CLP 🇨🇱,Expense,Transport,10000.0,CLP,10000.0,,bencina,2026-03-15,2026-W11,2026-03,2026,Gastos fijos
2026-03-15 19:22:23+00:00,Main CLP 🇨🇱,Expense,Groceries,5490.0,CLP,5490.0,,,2026-03-15,2026-W11,2026-03,2026,Gastos fijos
2026-03-16 02:14:14+00:00,Main CLP 🇨🇱,Expense,Restaurant,16900.0,CLP,16900.0,Bocanariz cpn Alejandro ,,2026-03-16,2026-W12,2026-03,2026,Chao culpa
2026-03-17 00:09:23+00:00,Main CLP 🇨🇱,Expense,Activities,10000.0,CLP,10000.0,clase yoga suekta avind,,2026-03-17,2026-W12,2026-03,2026,Chao culpa
2026-03-18 11:23:19+00:00,Main CLP 🇨🇱,Expense,Shopping,6500.0,CLP,6500.0,rifa tekevaater,,2026-03-18,2026-W12,2026-03,2026,Chao culpa
2026-03-18 17:44:13+00:00,Main CLP 🇨🇱,Expense,Restaurant,27830.0,CLP,27830.0,trawen menu y dos limonadas ,,2026-03-18,2026-W12,2026-03,2026,Chao culpa
2026-03-21 16:44:15+00:00,Main CLP 🇨🇱,Expense,Maintenance ,7000.0,CLP,7000.0,Matencion tarjeta de crédito santander,,2026-03-21,2026-W12,2026-03,2026,Gastos fijos
2026-03-21 18:05:32+00:00,Main CLP 🇨🇱,Expense,Restaurant,6500.0,CLP,6500.0,gohan en Valdivia ,,2026-03-21,2026-W12,2026-03,2026,Chao culpa
2026-03-21 23:13:54+00:00,Main CLP 🇨🇱,Expense,Snacks & Coffee,4800.0,CLP,4800.0,,,2026-03-21,2026-W12,2026-03,2026,Chao culpa
2026-03-21 23:20:23+00:00,Main CLP 🇨🇱,Expense,Snacks & Coffee,1890.0,CLP,1890.0,,,2026-03-21,2026-W12,2026-03,2026,Chao culpa
2026-03-22 16:18:59+00:00,Main CLP 🇨🇱,Expense,Shopping,7800.0,CLP,7800.0,cuadenos malm chino ,,2026-03-22,2026-W12,2026-03,2026,Chao culpa
2026-03-22 20:52:48+00:00,Main CLP 🇨🇱,Expense,Groceries,38575.0,CLP,38575.0,,,2026-03-22,2026-W12,2026-03,2026,Gastos fijos
2026-03-24 22:30:39+00:00,Main CLP 🇨🇱,Expense,Transport,30528.0,CLP,30528.0,Copec,bencina,2026-03-24,2026-W13,2026-03,2026,Gastos fijos
2026-03-26 16:20:39+00:00,Main CLP 🇨🇱,Expense,Utilities,12990.0,CLP,12990.0,,mobile,2026-03-26,2026-W13,2026-03,2026,Gastos fijos
2026-03-26 21:15:26+00:00,Main CLP 🇨🇱,Expense,Utilities,12990.0,CLP,12990.0,Plan entel,,2026-03-26,2026-W13,2026-03,2026,Gastos fijos
2026-03-26 23:45:29+00:00,Main CLP 🇨🇱,Expense,Groceries,10130.0,CLP,10130.0,,,2026-03-26,2026-W13,2026-03,2026,Gastos fijos
2026-03-27 16:27:50+00:00,Main CLP 🇨🇱,Expense,Snacks & Coffee,2500.0,CLP,2500.0,,,2026-03-27,2026-W13,2026-03,2026,Chao culpa
2026-03-27 16:30:20+00:00,Main CLP 🇨🇱,Expense,Alcohol,10000.0,CLP,10000.0,aporte malon pedro puerto varas,,2026-03-27,2026-W13,2026-03,2026,Chao culpa
2026-03-28 18:31:39+00:00,Main CLP 🇨🇱,Expense,Restaurant,15600.0,CLP,15600.0,cita burger con ale contreras,,2026-03-28,2026-W13,2026-03,2026,Chao culpa
2026-03-28 18:31:48+00:00,Main CLP 🇨🇱,Expense,Snacks & Coffee,5600.0,CLP,5600.0,cita cafe,,2026-03-28,2026-W13,2026-03,2026,Chao culpa
2026-03-28 20:54:28+00:00,Main CLP 🇨🇱,Expense,Snacks & Coffee,12800.0,CLP,12800.0,Vino y gonger beer almuerzo cote y caro p varas,,2026-03-28,2026-W13,2026-03,2026,Chao culpa
2026-03-28 20:54:34+00:00,Main CLP 🇨🇱,Expense,Snacks & Coffee,4800.0,CLP,4800.0,,,2026-03-28,2026-W13,2026-03,2026,Chao culpa
2026-03-29 16:33:25+00:00,Main CLP 🇨🇱,Expense,Restaurant,17160.0,CLP,17160.0,"Churrasco en hotel donde tome llamada foundry workshop 
",,2026-03-29,2026-W13,2026-03,2026,Chao culpa
2026-03-31 16:29:34+00:00,Main CLP 🇨🇱,Income,Consultoria BI,300000.0,CLP,300000.0,deposito fase uno clinete Eugenio con Temponovo,,2026-03-31,2026-W14,2026-03,2026,Otros
2026-03-31 21:22:59+00:00,Main CLP 🇨🇱,Expense,Groceries,40882.0,CLP,40882.0,,,2026-03-31,2026-W14,2026-03,2026,Gastos fijos
2026-03-31 21:29:32+00:00,Main CLP 🇨🇱,Expense,Groceries,24800.0,CLP,24800.0,Granel,,2026-03-31,2026-W14,2026-03,2026,Gastos fijos
2026-04-01 01:31:34+00:00,Main CLP 🇨🇱,Expense,Maintenance ,7790.0,CLP,7790.0,seguro soap toyota,,2026-04-01,2026-W14,2026-04,2026,Gastos fijos
2026-04-01 01:37:13+00:00,Main CLP 🇨🇱,Expense,Maintenance ,75620.0,CLP,75620.0,permiso circulacion toyota,,2026-04-01,2026-W14,2026-04,2026,Gastos fijos
2026-04-01 18:04:57+00:00,Main CLP 🇨🇱,Expense,Activities,67000.0,CLP,67000.0,revucion sar alice thomas,,2026-04-01,2026-W14,2026-04,2026,Chao culpa
2026-04-01 22:00:07+00:00,Main CLP 🇨🇱,Expense,Activities,400000.0,CLP,400000.0,mentoria lab fotografia doxumental pmedellin 2026,photography ,2026-04-01,2026-W14,2026-04,2026,Chao culpa
2026-04-01 22:15:24+00:00,Main CLP 🇨🇱,Expense,Groceries,1.0,CLP,1.0,,,2026-04-01,2026-W14,2026-04,2026,Gastos fijos
2026-04-02 20:37:53+00:00,Main CLP 🇨🇱,Expense,Snacks & Coffee,4510.0,CLP,4510.0,,,2026-04-02,2026-W14,2026-04,2026,Chao culpa
2026-04-03 15:04:10+00:00,Main CLP 🇨🇱,Expense,Utilities,55000.0,CLP,55000.0,lena metro cubico Oregón a luis herrera,,2026-04-03,2026-W14,2026-04,2026,Gastos fijos
2026-04-03 17:08:22+00:00,Main CLP 🇨🇱,Expense,Shopping,7800.0,CLP,7800.0,,,2026-04-03,2026-W14,2026-04,2026,Chao culpa
2026-04-03 17:10:28+00:00,Main CLP 🇨🇱,Expense,Groceries,33219.0,CLP,33219.0,La sureña,,2026-04-03,2026-W14,2026-04,2026,Gastos fijos
2026-04-03 17:39:59+00:00,Main CLP 🇨🇱,Expense,Groceries,23156.0,CLP,23156.0,,,2026-04-03,2026-W14,2026-04,2026,Gastos fijos
2026-04-03 20:17:14+00:00,Main CLP 🇨🇱,Expense,Utilities,25000.0,CLP,25000.0,gas abastible,,2026-04-03,2026-W14,2026-04,2026,Gastos fijos
2026-04-03 22:46:53+00:00,Main CLP 🇨🇱,Expense,Snacks & Coffee,940.0,CLP,940.0,,,2026-04-03,2026-W14,2026-04,2026,Chao culpa
2026-04-04 02:05:44+00:00,Main CLP 🇨🇱,Income,Gifts,100000.0,CLP,100000.0,aporte mama isapre,,2026-04-04,2026-W14,2026-04,2026,Chao culpa
2026-04-04 18:35:20+00:00,Main CLP 🇨🇱,Expense,Insurance,160000.0,CLP,160000.0,,,2026-04-04,2026-W14,2026-04,2026,Gastos fijos
2026-04-04 19:05:20+00:00,Main CLP 🇨🇱,Expense,Acommodation,350000.0,CLP,350000.0,Mich cabana mes abril,,2026-04-04,2026-W14,2026-04,2026,Gastos fijos
2026-04-05 16:27:19+00:00,Main CLP 🇨🇱,Expense,Utilities,6000.0,CLP,6000.0,iniciador fuego kerosene,,2026-04-05,2026-W14,2026-04,2026,Gastos fijos
2026-04-05 21:17:30+00:00,Main CLP 🇨🇱,Expense,Insurance,160323.0,CLP,160323.0,,,2026-04-05,2026-W14,2026-04,2026,Gastos fijos
2026-04-06 14:00:25+00:00,Main CLP 🇨🇱,Expense,Subscriptions,4900.0,CLP,4900.0,VLC Remote,,2026-04-06,2026-W15,2026-04,2026,Gastos fijos
2021-11-11 21:02:30+00:00,UNFCU 🌏,Expense,Shopping,24.6540164,USD,20044.0,Kenko UV FILTER 67MM,photography ,2021-11-11,2021-W45,2021-11,2021,Chao culpa
2023-12-22 03:03:38+00:00,UNFCU 🌏,Expense,Gifts,50.0,USD,43510.0,Vino matrimonio julu montelig,,2023-12-22,2023-W51,2023-12,2023,Chao culpa
2023-12-25 13:09:10+00:00,UNFCU 🌏,Expense,Restaurant,13.11990168,USD,11417.0,,,2023-12-25,2023-W52,2023-12,2023,Chao culpa
2023-12-25 13:09:49+00:00,UNFCU 🌏,Expense,Shopping,15.30655196,USD,13320.0,Almohada avipm cuello ,,2023-12-25,2023-W52,2023-12,2023,Chao culpa
2023-12-25 13:10:07+00:00,UNFCU 🌏,Expense,Snacks & Coffee,2.95197788,USD,2569.0,,,2023-12-25,2023-W52,2023-12,2023,Chao culpa
2023-12-25 13:10:35+00:00,UNFCU 🌏,Expense,Restaurant,12.02657654,USD,10466.0,Frankfurt airport sandwich,,2023-12-25,2023-W52,2023-12,2023,Chao culpa
2023-12-26 13:07:37+00:00,UNFCU 🌏,Expense,Utilities,11.68770452,USD,10171.0,Sim card,,2023-12-26,2023-W52,2023-12,2023,Gastos fijos
2023-12-26 13:08:20+00:00,UNFCU 🌏,Expense,Transport,0.7791803,USD,678.0,,,2023-12-26,2023-W52,2023-12,2023,Gastos fijos
2023-12-27 02:33:28+00:00,UNFCU 🌏,Expense,Transport,21.4742,USD,18687.0,Airport taxi to hotel,,2023-12-27,2023-W52,2023-12,2023,Gastos fijos
2023-12-27 03:55:05+00:00,UNFCU 🌏,Expense,Acommodation,36.5793475,USD,31831.0,3 nights Hotel White Rose,,2023-12-27,2023-W52,2023-12,2023,Gastos fijos
2023-12-27 04:40:39+00:00,UNFCU 🌏,Expense,Flights,8.540875,USD,7432.0,Sim card india,,2023-12-27,2023-W52,2023-12,2023,Otros
2023-12-27 04:41:13+00:00,UNFCU 🌏,Expense,Shopping,7.32075,USD,6371.0,Usb x2 charger,,2023-12-27,2023-W52,2023-12,2023,Chao culpa
2023-12-27 06:23:17+00:00,UNFCU 🌏,Expense,Shopping,18.301875,USD,15926.0,Sunglasses blue,,2023-12-27,2023-W52,2023-12,2023,Chao culpa
2023-12-27 06:27:39+00:00,UNFCU 🌏,Expense,Flights,30.0,USD,26106.0,Currency excgange,,2023-12-27,2023-W52,2023-12,2023,Otros
2023-12-27 10:03:15+00:00,UNFCU 🌏,Expense,Restaurant,7.01262271,USD,6102.0,Burrito ,,2023-12-27,2023-W52,2023-12,2023,Chao culpa
2023-12-27 10:04:14+00:00,UNFCU 🌏,Expense,Shopping,51.9453534,USD,45203.0,Anker outlet travel,,2023-12-27,2023-W52,2023-12,2023,Chao culpa
2023-12-27 16:06:22+00:00,UNFCU 🌏,Expense,Restaurant,4.74628625,USD,4130.0,,,2023-12-27,2023-W52,2023-12,2023,Chao culpa
2023-12-27 16:20:03+00:00,UNFCU 🌏,Expense,Snacks & Coffee,0.6100625,USD,531.0,,,2023-12-27,2023-W52,2023-12,2023,Chao culpa
2023-12-28 04:39:30+00:00,UNFCU 🌏,Expense,Shopping,20.742125,USD,18050.0,Kurta,,2023-12-28,2023-W52,2023-12,2023,Chao culpa
2023-12-28 05:12:44+00:00,UNFCU 🌏,Expense,Activities,4.2704375,USD,3716.0,Tour tuk tuk yoyo - 50 propina happy money,,2023-12-28,2023-W52,2023-12,2023,Chao culpa
2023-12-28 09:59:46+00:00,UNFCU 🌏,Expense,Restaurant,5.2465375,USD,4566.0,,,2023-12-28,2023-W52,2023-12,2023,Chao culpa
2023-12-29 13:04:57+00:00,UNFCU 🌏,Expense,Pharmacy ,13.6409975,USD,11870.0,Skin care,,2023-12-29,2023-W52,2023-12,2023,Gastos fijos
2023-12-29 13:06:07+00:00,UNFCU 🌏,Expense,Restaurant,14.495085,USD,12614.0,Fort house kochi with hillary,dinner,2023-12-29,2023-W52,2023-12,2023,Chao culpa
2023-12-30 09:49:06+00:00,UNFCU 🌏,Expense,Restaurant,4.47785875,USD,3897.0,Qissa cafe,,2023-12-30,2023-W52,2023-12,2023,Chao culpa
2023-12-30 09:49:33+00:00,UNFCU 🌏,Expense,Restaurant,6.100625,USD,5309.0,,,2023-12-30,2023-W52,2023-12,2023,Chao culpa
2023-12-30 09:50:41+00:00,UNFCU 🌏,Expense,Acommodation,24.4025,USD,21235.0,Hote white rose 1 night,,2023-12-30,2023-W52,2023-12,2023,Gastos fijos
2023-12-31 09:01:40+00:00,UNFCU 🌏,Expense,Acommodation,24.4025,USD,21235.0,Hotel white rose kochi 1 night,,2023-12-31,2023-W52,2023-12,2023,Gastos fijos
2023-12-31 09:45:43+00:00,UNFCU 🌏,Expense,Restaurant,8.4188625,USD,7326.0,Tibetan kitchen ,,2023-12-31,2023-W52,2023-12,2023,Chao culpa
2023-12-31 09:46:13+00:00,UNFCU 🌏,Expense,Snacks & Coffee,2.0742125,USD,1805.0,,,2023-12-31,2023-W52,2023-12,2023,Chao culpa
2023-12-31 09:46:28+00:00,UNFCU 🌏,Expense,Transport,9.1509375,USD,7963.0,,,2023-12-31,2023-W52,2023-12,2023,Gastos fijos
2023-12-31 09:47:03+00:00,UNFCU 🌏,Expense,Restaurant,5.612575,USD,4884.0,Trouvaille,,2023-12-31,2023-W52,2023-12,2023,Chao culpa
2023-12-31 09:47:28+00:00,UNFCU 🌏,Expense,Transport,6.45446125,USD,5617.0,,,2023-12-31,2023-W52,2023-12,2023,Gastos fijos
2024-01-01 03:18:44+00:00,UNFCU 🌏,Expense,Flights,52.0,USD,45337.0,Sri lanka visa,visa,2024-01-01,2024-W01,2024-01,2024,Otros
2024-01-01 09:00:43+00:00,UNFCU 🌏,Expense,Restaurant,8.1748375,USD,7127.0,Teapot,,2024-01-01,2024-W01,2024-01,2024,Chao culpa
2024-01-01 11:02:41+00:00,UNFCU 🌏,Expense,Transport,18.009045,USD,15701.0,Airport kochi,taxi,2024-01-01,2024-W01,2024-01,2024,Gastos fijos
2024-01-01 11:06:10+00:00,UNFCU 🌏,Expense,Utilities,8.003562,USD,6978.0,Sim card dialogo 1 month,,2024-01-01,2024-W01,2024-01,2024,Gastos fijos
2024-01-01 12:42:10+00:00,UNFCU 🌏,Expense,Snacks & Coffee,2.74528125,USD,2394.0,,,2024-01-01,2024-W01,2024-01,2024,Chao culpa
2024-01-01 12:43:06+00:00,UNFCU 🌏,Expense,Restaurant,6.7106875,USD,5851.0,Turney sandwich airport ,,2024-01-01,2024-W01,2024-01,2024,Chao culpa
2024-01-02 06:33:53+00:00,UNFCU 🌏,Expense,Gifts,1.08783108,USD,948.0,Test ,,2024-01-02,2024-W01,2024-01,2024,Chao culpa
2024-01-02 06:55:24+00:00,UNFCU 🌏,Expense,Subscriptions,21.2488833,USD,18526.0,Tinder 1 month,,2024-01-02,2024-W01,2024-01,2024,Gastos fijos
2024-01-02 07:23:37+00:00,UNFCU 🌏,Expense,Transport,1.63338,USD,1424.0,,,2024-01-02,2024-W01,2024-01,2024,Gastos fijos
2024-01-02 08:53:00+00:00,UNFCU 🌏,Expense,Transport,4.7041344,USD,4101.0,Negombo Matamara,bus,2024-01-02,2024-W01,2024-01,2024,Gastos fijos
2024-01-02 08:58:41+00:00,UNFCU 🌏,Expense,Acommodation,12.740364,USD,11108.0,Marine hostel negombo,,2024-01-02,2024-W01,2024-01,2024,Gastos fijos
2024-01-02 08:59:04+00:00,UNFCU 🌏,Expense,Restaurant,3.593436,USD,3133.0,,,2024-01-02,2024-W01,2024-01,2024,Chao culpa
2024-01-02 11:03:29+00:00,UNFCU 🌏,Expense,Transport,0.326676,USD,285.0,Bus matara weligama ,,2024-01-02,2024-W01,2024-01,2024,Gastos fijos
2024-01-02 12:29:51+00:00,UNFCU 🌏,Expense,Restaurant,11.106984,USD,9684.0,Hangtime restaurant ,,2024-01-02,2024-W01,2024-01,2024,Chao culpa
2024-01-02 12:35:17+00:00,UNFCU 🌏,Expense,Acommodation,45.73464,USD,39874.0,hangtime hostel 4 nights,,2024-01-02,2024-W01,2024-01,2024,Gastos fijos
2024-01-02 12:36:23+00:00,UNFCU 🌏,Expense,Snacks & Coffee,2.74528125,USD,2394.0,,,2024-01-02,2024-W01,2024-01,2024,Chao culpa
2024-01-02 14:39:21+00:00,UNFCU 🌏,Expense,Groceries,1.6823814,USD,1467.0,,,2024-01-02,2024-W01,2024-01,2024,Gastos fijos
2024-01-03 04:44:49+00:00,UNFCU 🌏,Expense,Sport,6.53352,USD,5696.0,Yoga antonella,yoga,2024-01-03,2024-W01,2024-01,2024,Secundarios
2024-01-03 06:24:24+00:00,UNFCU 🌏,Expense,Restaurant,14.70042,USD,12817.0,Breakfast,,2024-01-03,2024-W01,2024-01,2024,Chao culpa
2024-01-03 13:09:15+00:00,UNFCU 🌏,Expense,Sport,1.63338,USD,1424.0,Surf 1.5 hours,,2024-01-03,2024-W01,2024-01,2024,Secundarios
2024-01-03 13:20:54+00:00,UNFCU 🌏,Expense,Activities,1.63338,USD,1424.0,Doctor house party hostel,,2024-01-03,2024-W01,2024-01,2024,Chao culpa
2024-01-03 15:52:50+00:00,UNFCU 🌏,Expense,Alcohol,6.860196,USD,5981.0,3 beers,,2024-01-03,2024-W01,2024-01,2024,Chao culpa
2024-01-03 15:53:04+00:00,UNFCU 🌏,Expense,Transport,3.26676,USD,2848.0,,,2024-01-03,2024-W01,2024-01,2024,Gastos fijos
2024-01-03 18:25:02+00:00,UNFCU 🌏,Expense,Transport,4.90014,USD,4272.0,,,2024-01-03,2024-W01,2024-01,2024,Gastos fijos
2024-01-03 18:25:27+00:00,UNFCU 🌏,Expense,Restaurant,14.70042,USD,12817.0,Egg kotti and dessert,,2024-01-03,2024-W01,2024-01,2024,Chao culpa
2024-01-04 00:57:46+00:00,UNFCU 🌏,Expense,Activities,55.53492,USD,48419.0,Whale watching mirissa,,2024-01-04,2024-W01,2024-01,2024,Chao culpa
2024-01-04 09:39:43+00:00,UNFCU 🌏,Expense,Restaurant,10.126956,USD,8829.0,,,2024-01-04,2024-W01,2024-01,2024,Chao culpa
2024-01-04 12:32:23+00:00,UNFCU 🌏,Expense,Snacks & Coffee,3.593436,USD,3133.0,Nomad cafe,,2024-01-04,2024-W01,2024-01,2024,Chao culpa
2024-01-04 12:56:13+00:00,UNFCU 🌏,Expense,Groceries,1.63338,USD,1424.0,,,2024-01-04,2024-W01,2024-01,2024,Gastos fijos
2024-01-04 12:56:24+00:00,UNFCU 🌏,Expense,Personal Care,1.960056,USD,1709.0,Laundry ,,2024-01-04,2024-W01,2024-01,2024,Gastos fijos
2024-01-04 13:34:18+00:00,UNFCU 🌏,Expense,Groceries,11.43366,USD,9969.0,Cachey hand sanitizer ,,2024-01-04,2024-W01,2024-01,2024,Gastos fijos
2024-01-04 13:39:37+00:00,UNFCU 🌏,Expense,Restaurant,5.1288132,USD,4472.0,,,2024-01-04,2024-W01,2024-01,2024,Chao culpa
2024-01-05 04:32:10+00:00,UNFCU 🌏,Expense,Sport,6.53352,USD,5696.0,Yoga,yoga,2024-01-05,2024-W01,2024-01,2024,Secundarios
2024-01-05 10:34:56+00:00,UNFCU 🌏,Expense,Restaurant,7.5462156,USD,6579.0,Fish kotti papaya juice,,2024-01-05,2024-W01,2024-01,2024,Chao culpa
2024-01-05 13:32:55+00:00,UNFCU 🌏,Expense,Snacks & Coffee,1.63338,USD,1424.0,,,2024-01-05,2024-W01,2024-01,2024,Chao culpa
2024-01-06 04:32:22+00:00,UNFCU 🌏,Expense,Activities,6.53352,USD,5696.0,Yoga,,2024-01-06,2024-W01,2024-01,2024,Chao culpa
2024-01-06 06:02:42+00:00,UNFCU 🌏,Expense,Transport,2.3520672,USD,2051.0,,,2024-01-06,2024-W01,2024-01,2024,Gastos fijos
2024-01-06 06:02:52+00:00,UNFCU 🌏,Expense,Transport,0.326676,USD,285.0,,,2024-01-06,2024-W01,2024-01,2024,Gastos fijos
2024-01-06 09:12:11+00:00,UNFCU 🌏,Expense,Snacks & Coffee,1.796718,USD,1566.0,,,2024-01-06,2024-W01,2024-01,2024,Chao culpa
2024-01-06 14:12:18+00:00,UNFCU 🌏,Expense,Restaurant,8.820252,USD,7690.0,,,2024-01-06,2024-W01,2024-01,2024,Chao culpa
2024-01-07 06:29:56+00:00,UNFCU 🌏,Expense,Subscriptions,4.9901733,USD,4351.0,Going solo travel matching one time oay,,2024-01-07,2024-W01,2024-01,2024,Gastos fijos
2024-01-07 08:17:25+00:00,UNFCU 🌏,Expense,Shopping,0.490014,USD,427.0,Keychain elephant ,,2024-01-07,2024-W01,2024-01,2024,Chao culpa
2024-01-07 08:20:39+00:00,UNFCU 🌏,Expense,Shopping,0.4736802,USD,413.0,Soap,,2024-01-07,2024-W01,2024-01,2024,Chao culpa
2024-01-07 08:26:17+00:00,UNFCU 🌏,Expense,Shopping,0.653352,USD,570.0,Sticker,,2024-01-07,2024-W01,2024-01,2024,Chao culpa
2024-01-07 08:38:43+00:00,UNFCU 🌏,Expense,Shopping,8.656914,USD,7548.0,T shirt,,2024-01-07,2024-W01,2024-01,2024,Chao culpa
2024-01-07 09:20:31+00:00,UNFCU 🌏,Expense,Restaurant,4.410126,USD,3845.0,,,2024-01-07,2024-W01,2024-01,2024,Chao culpa
2024-01-07 11:58:49+00:00,UNFCU 🌏,Expense,Shopping,5.553492,USD,4842.0,Estuche sri lanka,,2024-01-07,2024-W01,2024-01,2024,Chao culpa
2024-01-07 12:14:36+00:00,UNFCU 🌏,Expense,Shopping,3.103422,USD,2706.0,Handmade soap maya,,2024-01-07,2024-W01,2024-01,2024,Chao culpa
2024-01-07 12:15:02+00:00,UNFCU 🌏,Expense,Sport,29.40084,USD,25633.0,3 yoga classes 1 world yoga Christine ,yoga,2024-01-07,2024-W01,2024-01,2024,Secundarios
2024-01-07 14:12:00+00:00,UNFCU 🌏,Expense,Restaurant,6.206844,USD,5411.0,Indu food ,,2024-01-07,2024-W01,2024-01,2024,Chao culpa
2024-01-07 14:12:07+00:00,UNFCU 🌏,Expense,Groceries,0.8820252,USD,769.0,,,2024-01-07,2024-W01,2024-01,2024,Gastos fijos
2024-01-07 14:16:07+00:00,UNFCU 🌏,Expense,Groceries,0.326676,USD,285.0,,,2024-01-07,2024-W01,2024-01,2024,Gastos fijos
2024-01-07 16:34:58+00:00,UNFCU 🌏,Expense,Personal Care,9.34578,USD,8148.0,Piercing sro oreja,,2024-01-07,2024-W01,2024-01,2024,Gastos fijos
2024-01-08 12:13:58+00:00,UNFCU 🌏,Expense,Restaurant,6.6822327,USD,5826.0,Pizza in ella,,2024-01-08,2024-W02,2024-01,2024,Chao culpa
2024-01-08 12:42:50+00:00,UNFCU 🌏,Expense,Groceries,7.3520136,USD,6410.0,,,2024-01-08,2024-W02,2024-01,2024,Gastos fijos
2024-01-09 07:32:24+00:00,UNFCU 🌏,Expense,Snacks & Coffee,4.4548218,USD,3884.0,One love cafe ella,,2024-01-09,2024-W02,2024-01,2024,Chao culpa
2024-01-09 09:24:14+00:00,UNFCU 🌏,Expense,Restaurant,5.607468,USD,4889.0,,,2024-01-09,2024-W02,2024-01,2024,Chao culpa
2024-01-09 09:35:07+00:00,UNFCU 🌏,Expense,Acommodation,37.38312,USD,32593.0,Avocado Hostel Ella 4 nights with breakfast ,,2024-01-09,2024-W02,2024-01,2024,Gastos fijos
2024-01-09 09:35:18+00:00,UNFCU 🌏,Expense,Activities,9.34578,USD,8148.0,Cooking class,,2024-01-09,2024-W02,2024-01,2024,Chao culpa
2024-01-09 09:35:33+00:00,UNFCU 🌏,Expense,Alcohol,6.542046,USD,5704.0,,,2024-01-09,2024-W02,2024-01,2024,Chao culpa
2024-01-10 04:15:54+00:00,UNFCU 🌏,Expense,Acommodation,8.385093,USD,7311.0,White house,,2024-01-10,2024-W02,2024-01,2024,Gastos fijos
2024-01-10 04:17:28+00:00,UNFCU 🌏,Expense,Restaurant,13.354037,USD,11643.0,Dinner white house,,2024-01-10,2024-W02,2024-01,2024,Chao culpa
2024-01-10 06:19:04+00:00,UNFCU 🌏,Expense,Transport,0.7142857,USD,623.0,Bus nalahh to hatton,,2024-01-10,2024-W02,2024-01,2024,Gastos fijos
2024-01-10 06:21:00+00:00,UNFCU 🌏,Expense,Transport,1.401867,USD,1222.0,Train ella to hattong,,2024-01-10,2024-W02,2024-01,2024,Gastos fijos
2024-01-10 07:59:24+00:00,UNFCU 🌏,Expense,Groceries,6.1490682,USD,5361.0,Cosas almuerzo hatton railwat,,2024-01-10,2024-W02,2024-01,2024,Gastos fijos
2024-01-10 09:09:56+00:00,UNFCU 🌏,Expense,Snacks & Coffee,1.242236,USD,1083.0,Kit lat,,2024-01-10,2024-W02,2024-01,2024,Chao culpa
2024-01-10 09:34:57+00:00,UNFCU 🌏,Expense,Transport,0.67289616,USD,587.0,Bus Hatton to Nallaniha adam oeak,,2024-01-10,2024-W02,2024-01,2024,Gastos fijos
2024-01-10 14:08:43+00:00,UNFCU 🌏,Expense,Acommodation,9.7826085,USD,8529.0,,,2024-01-10,2024-W02,2024-01,2024,Gastos fijos
2024-01-10 22:05:22+00:00,UNFCU 🌏,Expense,Activities,3.11526,USD,2716.0,Donarion adams peak,,2024-01-10,2024-W02,2024-01,2024,Chao culpa
2024-01-11 02:31:06+00:00,UNFCU 🌏,Expense,Activities,1.55763,USD,1358.0,Donations,,2024-01-11,2024-W02,2024-01,2024,Chao culpa
2024-01-11 02:31:26+00:00,UNFCU 🌏,Expense,Shopping,0.467289,USD,407.0,Ayurveda balm pain reliever,,2024-01-11,2024-W02,2024-01,2024,Chao culpa
2024-01-11 03:11:37+00:00,UNFCU 🌏,Expense,Shopping,5.900621,USD,5145.0,Ayurveda muscle pain and teas,,2024-01-11,2024-W02,2024-01,2024,Chao culpa
2024-01-11 04:07:02+00:00,UNFCU 🌏,Expense,Restaurant,4.347826,USD,3791.0,breakfast admas peak,,2024-01-11,2024-W02,2024-01,2024,Chao culpa
2024-01-11 15:19:59+00:00,UNFCU 🌏,Expense,Acommodation,8.8509315,USD,7717.0,Colombo hostel,,2024-01-11,2024-W02,2024-01,2024,Gastos fijos
2024-01-11 15:22:02+00:00,UNFCU 🌏,Expense,Groceries,6.0559005,USD,5280.0,Cosas train picar,,2024-01-11,2024-W02,2024-01,2024,Gastos fijos
2024-01-12 07:29:10+00:00,UNFCU 🌏,Expense,Groceries,14.285714,USD,12455.0,,,2024-01-12,2024-W02,2024-01,2024,Gastos fijos
2024-01-12 08:29:31+00:00,UNFCU 🌏,Expense,Snacks & Coffee,0.310559,USD,271.0,,,2024-01-12,2024-W02,2024-01,2024,Chao culpa
2024-01-12 12:12:46+00:00,UNFCU 🌏,Expense,Transport,2.4223602,USD,2112.0,Bus colombo Galle,,2024-01-12,2024-W02,2024-01,2024,Gastos fijos
2024-01-12 12:24:07+00:00,UNFCU 🌏,Expense,Transport,0.931677,USD,812.0,Galle midigama bus,,2024-01-12,2024-W02,2024-01,2024,Gastos fijos
2024-01-12 13:34:24+00:00,UNFCU 🌏,Expense,Acommodation,32.6708068,USD,28484.0,Medigama 3 nights,,2024-01-12,2024-W02,2024-01,2024,Gastos fijos
2024-01-13 05:41:15+00:00,UNFCU 🌏,Expense,Sport,62.1118,USD,54153.0,Surf class x5  private Lucky’s Weligama,,2024-01-13,2024-W02,2024-01,2024,Secundarios
2024-01-13 05:41:35+00:00,UNFCU 🌏,Expense,Transport,3.10559,USD,2708.0,Gas half tank,,2024-01-13,2024-W02,2024-01,2024,Gastos fijos
2024-01-13 05:41:51+00:00,UNFCU 🌏,Expense,Transport,4.658385,USD,4061.0,Scooter rent day,,2024-01-13,2024-W02,2024-01,2024,Gastos fijos
2024-01-13 09:00:21+00:00,UNFCU 🌏,Expense,Restaurant,4.968944,USD,4332.0,,,2024-01-13,2024-W02,2024-01,2024,Chao culpa
2024-01-14 05:00:18+00:00,UNFCU 🌏,Expense,Gifts,0.6832298,USD,596.0,Fisherman tip,,2024-01-14,2024-W02,2024-01,2024,Chao culpa
2024-01-14 06:59:29+00:00,UNFCU 🌏,Expense,Restaurant,4.5031055,USD,3926.0,,,2024-01-14,2024-W02,2024-01,2024,Chao culpa
2024-01-14 13:13:39+00:00,UNFCU 🌏,Expense,Shopping,3.10559,USD,2708.0,Aro y aloe vera cream,,2024-01-14,2024-W02,2024-01,2024,Chao culpa
2024-01-14 13:37:59+00:00,UNFCU 🌏,Expense,Groceries,8.2298135,USD,7175.0,,,2024-01-14,2024-W02,2024-01,2024,Gastos fijos
2024-01-14 13:50:12+00:00,UNFCU 🌏,Expense,Groceries,6.04347814,USD,5269.0,,,2024-01-14,2024-W02,2024-01,2024,Gastos fijos
2024-01-15 01:37:10+00:00,UNFCU 🌏,Expense,Groceries,1.4285714,USD,1246.0,,,2024-01-15,2024-W03,2024-01,2024,Gastos fijos
2024-01-15 05:30:41+00:00,UNFCU 🌏,Expense,Transport,0.7763975,USD,677.0,Midigama to Galle,,2024-01-15,2024-W03,2024-01,2024,Gastos fijos
2024-01-15 08:09:33+00:00,UNFCU 🌏,Expense,Shopping,17.080745,USD,14892.0,Sunglasses ,,2024-01-15,2024-W03,2024-01,2024,Chao culpa
2024-01-15 08:41:57+00:00,UNFCU 🌏,Expense,Shopping,5.279503,USD,4603.0,Polera blanca,,2024-01-15,2024-W03,2024-01,2024,Chao culpa
2024-01-15 09:15:34+00:00,UNFCU 🌏,Expense,Groceries,2.3291925,USD,2031.0,Cinamoon honey,,2024-01-15,2024-W03,2024-01,2024,Gastos fijos
2024-01-15 11:18:43+00:00,UNFCU 🌏,Expense,Transport,0.931677,USD,812.0,,,2024-01-15,2024-W03,2024-01,2024,Gastos fijos
2024-01-16 05:16:12+00:00,UNFCU 🌏,Expense,Transport,13.975155,USD,12184.0,Scooter 3 days,,2024-01-16,2024-W03,2024-01,2024,Gastos fijos
2024-01-16 06:22:21+00:00,UNFCU 🌏,Expense,Groceries,11.52795008,USD,10051.0,,,2024-01-16,2024-W03,2024-01,2024,Gastos fijos
2024-01-16 15:38:51+00:00,UNFCU 🌏,Expense,Flights,99.0,USD,86314.0,Flight Cok Delhi,,2024-01-16,2024-W03,2024-01,2024,Otros
2024-01-17 08:37:16+00:00,UNFCU 🌏,Expense,Alcohol,3.726708,USD,3249.0,,,2024-01-17,2024-W03,2024-01,2024,Chao culpa
2024-01-17 08:38:19+00:00,UNFCU 🌏,Expense,Restaurant,7.453416,USD,6498.0,Hamburger manikas,,2024-01-17,2024-W03,2024-01,2024,Chao culpa
2024-01-18 03:50:50+00:00,UNFCU 🌏,Expense,Groceries,2.6397515,USD,2301.0,,,2024-01-18,2024-W03,2024-01,2024,Gastos fijos
2024-01-18 08:03:01+00:00,UNFCU 🌏,Expense,Restaurant,3.416149,USD,2978.0,,,2024-01-18,2024-W03,2024-01,2024,Chao culpa
2024-01-19 08:29:13+00:00,UNFCU 🌏,Expense,Restaurant,3.416149,USD,2978.0,,,2024-01-19,2024-W03,2024-01,2024,Chao culpa
2024-01-20 02:06:45+00:00,UNFCU 🌏,Expense,Transport,1.552795,USD,1354.0,Bicycle rental,,2024-01-20,2024-W03,2024-01,2024,Gastos fijos
2024-01-20 10:26:45+00:00,UNFCU 🌏,Expense,Snacks & Coffee,0.7763975,USD,677.0,,,2024-01-20,2024-W03,2024-01,2024,Chao culpa
2024-01-20 10:27:20+00:00,UNFCU 🌏,Expense,Restaurant,6.521739,USD,5686.0,Fish curry Rajas ahangama,,2024-01-20,2024-W03,2024-01,2024,Chao culpa
2024-01-21 01:38:28+00:00,UNFCU 🌏,Expense,Acommodation,89.1925448,USD,77763.0,Suef forever nights and dinner,,2024-01-21,2024-W03,2024-01,2024,Gastos fijos
2024-01-21 02:38:33+00:00,UNFCU 🌏,Expense,Transport,3.0434782,USD,2653.0,Bus midigama colombo,,2024-01-21,2024-W03,2024-01,2024,Gastos fijos
2024-01-21 05:16:21+00:00,UNFCU 🌏,Expense,Restaurant,1.863354,USD,1625.0,Sandwich  ,,2024-01-21,2024-W03,2024-01,2024,Chao culpa
2024-01-21 07:29:15+00:00,UNFCU 🌏,Expense,Transport,0.310559,USD,271.0,Dambulla to sgiriya,,2024-01-21,2024-W03,2024-01,2024,Gastos fijos
2024-01-21 10:49:07+00:00,UNFCU 🌏,Expense,Transport,2.795031,USD,2437.0,,,2024-01-21,2024-W03,2024-01,2024,Gastos fijos
2024-01-21 10:49:49+00:00,UNFCU 🌏,Expense,Transport,1.863354,USD,1625.0,,,2024-01-21,2024-W03,2024-01,2024,Gastos fijos
2024-01-21 11:27:22+00:00,UNFCU 🌏,Expense,Transport,2.795031,USD,2437.0,Bus colobo to willpatu junction,,2024-01-21,2024-W03,2024-01,2024,Gastos fijos
2024-01-21 16:46:25+00:00,UNFCU 🌏,Expense,Transport,1.863354,USD,1625.0,Tuk tuk junction,,2024-01-21,2024-W03,2024-01,2024,Gastos fijos
2024-01-22 05:15:59+00:00,UNFCU 🌏,Expense,Restaurant,5.4347825,USD,4738.0,,,2024-01-22,2024-W04,2024-01,2024,Chao culpa
2024-01-22 13:00:15+00:00,UNFCU 🌏,Expense,Acommodation,17.52794996,USD,15282.0,Willpatu llt 2 nights,,2024-01-22,2024-W04,2024-01,2024,Gastos fijos
2024-01-22 13:01:08+00:00,UNFCU 🌏,Expense,Activities,86.95652,USD,75814.0,Willpatu safari full day,,2024-01-22,2024-W04,2024-01,2024,Chao culpa
2024-01-22 13:01:22+00:00,UNFCU 🌏,Expense,Gifts,3.10559,USD,2708.0,Driver tip safari,,2024-01-22,2024-W04,2024-01,2024,Chao culpa
2024-01-23 03:32:44+00:00,UNFCU 🌏,Expense,Transport,0.621118,USD,542.0,Bus will pati junction to anradpura,,2024-01-23,2024-W04,2024-01,2024,Gastos fijos
2024-01-23 03:32:59+00:00,UNFCU 🌏,Expense,Transport,0.621118,USD,542.0,Tuk to junctions ,,2024-01-23,2024-W04,2024-01,2024,Gastos fijos
2024-01-23 05:15:31+00:00,UNFCU 🌏,Expense,Transport,1.552795,USD,1354.0,Bus anradhapura to Dambulla,,2024-01-23,2024-W04,2024-01,2024,Gastos fijos
2024-01-23 14:47:04+00:00,UNFCU 🌏,Expense,Groceries,4.037267,USD,3520.0,,,2024-01-23,2024-W04,2024-01,2024,Gastos fijos
2024-01-24 04:35:29+00:00,UNFCU 🌏,Expense,Transport,1.0869565,USD,948.0,Tuk to pudubgala rock,,2024-01-24,2024-W04,2024-01,2024,Gastos fijos
2024-01-24 04:35:41+00:00,UNFCU 🌏,Expense,Activities,3.10559,USD,2708.0,Pudugabla rock,,2024-01-24,2024-W04,2024-01,2024,Chao culpa
2024-01-24 04:35:47+00:00,UNFCU 🌏,Expense,Groceries,2.0186335,USD,1760.0,,,2024-01-24,2024-W04,2024-01,2024,Gastos fijos
2024-01-24 08:11:01+00:00,UNFCU 🌏,Expense,Snacks & Coffee,1.242236,USD,1083.0,,,2024-01-24,2024-W04,2024-01,2024,Chao culpa
2024-01-24 15:18:02+00:00,UNFCU 🌏,Expense,Restaurant,4.347826,USD,3791.0,,,2024-01-24,2024-W04,2024-01,2024,Chao culpa
2024-01-24 15:18:41+00:00,UNFCU 🌏,Expense,Activities,18.63354,USD,16246.0,Eco park elephant,,2024-01-24,2024-W04,2024-01,2024,Chao culpa
2024-01-25 03:17:33+00:00,UNFCU 🌏,Expense,Shopping,384.0,USD,334794.0,iPhone 14 Pro Trade In - falta santander cobro,,2024-01-25,2024-W04,2024-01,2024,Chao culpa
2024-01-25 05:49:58+00:00,UNFCU 🌏,Expense,Utilities,3.10559,USD,2708.0,Data top up 7 days 10 gb daily ,,2024-01-25,2024-W04,2024-01,2024,Gastos fijos
2024-01-25 09:23:59+00:00,UNFCU 🌏,Expense,Transport,1.863354,USD,1625.0,Bike half day,,2024-01-25,2024-W04,2024-01,2024,Gastos fijos
2024-01-25 09:24:24+00:00,UNFCU 🌏,Expense,Transport,1.863354,USD,1625.0,Bike half day,,2024-01-25,2024-W04,2024-01,2024,Gastos fijos
2024-01-25 09:25:44+00:00,UNFCU 🌏,Expense,Activities,36.5625,USD,31877.0,Lions rock,,2024-01-25,2024-W04,2024-01,2024,Chao culpa
2024-01-25 14:19:58+00:00,UNFCU 🌏,Expense,Acommodation,31.875,USD,27791.0,Another world sigiriya 3 nights,,2024-01-25,2024-W04,2024-01,2024,Gastos fijos
2024-01-26 04:13:48+00:00,UNFCU 🌏,Expense,Transport,1.5625,USD,1362.0,Sigiriya to Kandy,,2024-01-26,2024-W04,2024-01,2024,Gastos fijos
2024-01-26 04:13:54+00:00,UNFCU 🌏,Expense,Groceries,0.9375,USD,817.0,,,2024-01-26,2024-W04,2024-01,2024,Gastos fijos
2024-01-26 15:32:40+00:00,UNFCU 🌏,Expense,Restaurant,9.375,USD,8174.0,Italian,,2024-01-26,2024-W04,2024-01,2024,Chao culpa
2024-01-26 15:32:54+00:00,UNFCU 🌏,Expense,Transport,1.5625,USD,1362.0,,,2024-01-26,2024-W04,2024-01,2024,Gastos fijos
2024-01-26 15:33:17+00:00,UNFCU 🌏,Expense,Transport,3.75,USD,3269.0,Tuk to nuwara eliya,,2024-01-26,2024-W04,2024-01,2024,Gastos fijos
2024-01-27 03:07:05+00:00,UNFCU 🌏,Expense,Acommodation,10.9375,USD,9536.0,Laughing leopard nuwara ella 1 night and cancellation fee,,2024-01-27,2024-W04,2024-01,2024,Gastos fijos
2024-01-27 03:45:31+00:00,UNFCU 🌏,Expense,Transport,1.25,USD,1090.0,,,2024-01-27,2024-W04,2024-01,2024,Gastos fijos
2024-01-27 03:45:37+00:00,UNFCU 🌏,Expense,Groceries,0.8125,USD,708.0,,,2024-01-27,2024-W04,2024-01,2024,Gastos fijos
2024-01-27 05:38:21+00:00,UNFCU 🌏,Expense,Snacks & Coffee,0.875,USD,763.0,,,2024-01-27,2024-W04,2024-01,2024,Chao culpa
2024-01-27 13:15:50+00:00,UNFCU 🌏,Expense,Acommodation,8.28125,USD,7220.0,Vine way nuwara ella 1 night,,2024-01-27,2024-W04,2024-01,2024,Gastos fijos
2024-01-28 03:56:50+00:00,UNFCU 🌏,Expense,Transport,0.9375,USD,817.0,,,2024-01-28,2024-W04,2024-01,2024,Gastos fijos
2024-01-28 03:56:57+00:00,UNFCU 🌏,Expense,Groceries,1.1875,USD,1035.0,,,2024-01-28,2024-W04,2024-01,2024,Gastos fijos
2024-01-28 03:57:08+00:00,UNFCU 🌏,Expense,Restaurant,0.9375,USD,817.0,,,2024-01-28,2024-W04,2024-01,2024,Chao culpa
2024-01-28 04:53:21+00:00,UNFCU 🌏,Expense,Transport,11.40625,USD,9945.0,Train to Colombo  second class reservation ,,2024-01-28,2024-W04,2024-01,2024,Gastos fijos
2024-01-28 06:10:02+00:00,UNFCU 🌏,Expense,Snacks & Coffee,2.59375,USD,2261.0,,,2024-01-28,2024-W04,2024-01,2024,Chao culpa
2024-01-28 06:10:22+00:00,UNFCU 🌏,Expense,Transport,0.25,USD,218.0,Bus nuwara eliya to nanu oya,,2024-01-28,2024-W04,2024-01,2024,Gastos fijos
2024-01-28 16:09:29+00:00,UNFCU 🌏,Expense,Transport,0.5625,USD,490.0,Coñombo to negombo,,2024-01-28,2024-W04,2024-01,2024,Gastos fijos
2024-01-28 17:51:00+00:00,UNFCU 🌏,Expense,Restaurant,8.953125,USD,7806.0,Italian carbonara,,2024-01-28,2024-W04,2024-01,2024,Chao culpa
2024-01-29 03:20:51+00:00,UNFCU 🌏,Expense,Transport,2.03125,USD,1771.0,,,2024-01-29,2024-W05,2024-01,2024,Gastos fijos
2024-01-29 03:21:00+00:00,UNFCU 🌏,Expense,Transport,1.21875,USD,1063.0,,,2024-01-29,2024-W05,2024-01,2024,Gastos fijos
2024-01-29 08:31:38+00:00,UNFCU 🌏,Expense,Acommodation,7.8125,USD,6811.0,Negombo 1 nights ,,2024-01-29,2024-W05,2024-01,2024,Gastos fijos
2024-01-29 09:01:43+00:00,UNFCU 🌏,Expense,Acommodation,4.0625,USD,3542.0,Ceylon negombo 1 night,,2024-01-29,2024-W05,2024-01,2024,Gastos fijos
2024-01-29 09:01:53+00:00,UNFCU 🌏,Expense,Transport,2.3125,USD,2016.0,,,2024-01-29,2024-W05,2024-01,2024,Gastos fijos
2024-01-29 10:14:04+00:00,UNFCU 🌏,Expense,Restaurant,3.4375,USD,2997.0,,,2024-01-29,2024-W05,2024-01,2024,Chao culpa
2024-01-30 04:12:20+00:00,UNFCU 🌏,Expense,Transport,2.5,USD,2180.0,Tuk to airport ,,2024-01-30,2024-W05,2024-01,2024,Gastos fijos
2024-01-30 04:13:03+00:00,UNFCU 🌏,Expense,Restaurant,5.625,USD,4904.0,,,2024-01-30,2024-W05,2024-01,2024,Chao culpa
2024-01-30 04:13:47+00:00,UNFCU 🌏,Expense,Utilities,6.100625,USD,5319.0,28 day data plan 3 gb daily airtel,,2024-01-30,2024-W05,2024-01,2024,Gastos fijos
2024-01-30 05:50:01+00:00,UNFCU 🌏,Expense,Restaurant,8.1748375,USD,7127.0,Kochin airport sandwich and xogee,,2024-01-30,2024-W05,2024-01,2024,Chao culpa
2024-01-30 14:00:15+00:00,UNFCU 🌏,Expense,Acommodation,17.3989825,USD,15169.0,New delhi hindustan 2 night ,,2024-01-30,2024-W05,2024-01,2024,Gastos fijos
2024-01-30 16:00:02+00:00,UNFCU 🌏,Expense,Restaurant,3.36903,USD,2937.0,Dhal makani 2 naans,,2024-01-30,2024-W05,2024-01,2024,Chao culpa
2024-01-31 04:51:52+00:00,UNFCU 🌏,Expense,Restaurant,3.0080625,USD,2623.0,,,2024-01-31,2024-W05,2024-01,2024,Chao culpa
2024-01-31 05:11:35+00:00,UNFCU 🌏,Expense,Groceries,0.240645,USD,210.0,,,2024-01-31,2024-W05,2024-01,2024,Gastos fijos
2024-01-31 05:13:43+00:00,UNFCU 🌏,Expense,Snacks & Coffee,0.721935,USD,629.0,,,2024-01-31,2024-W05,2024-01,2024,Chao culpa
2024-01-31 05:19:54+00:00,UNFCU 🌏,Expense,Personal Care,14.4387,USD,12589.0,Sunscreen face and lotion,,2024-01-31,2024-W05,2024-01,2024,Gastos fijos
2024-01-31 05:37:22+00:00,UNFCU 🌏,Expense,Transport,0.721935,USD,629.0,Metro x2,,2024-01-31,2024-W05,2024-01,2024,Gastos fijos
2024-01-31 07:13:53+00:00,UNFCU 🌏,Expense,Shopping,72.1935,USD,62943.0,Yamaha guitar used,music,2024-01-31,2024-W05,2024-01,2024,Chao culpa
2024-01-31 08:24:13+00:00,UNFCU 🌏,Expense,Restaurant,2.73132075,USD,2381.0,Mañai kofta,,2024-01-31,2024-W05,2024-01,2024,Chao culpa
2024-01-31 14:03:50+00:00,UNFCU 🌏,Expense,Snacks & Coffee,2.165805,USD,1888.0,,,2024-01-31,2024-W05,2024-01,2024,Chao culpa
2024-01-31 14:09:33+00:00,UNFCU 🌏,Expense,Personal Care,5.053545,USD,4406.0,Laundry 2 kg 800 grans,,2024-01-31,2024-W05,2024-01,2024,Gastos fijos
2024-01-31 14:13:52+00:00,UNFCU 🌏,Expense,Shopping,2.40645,USD,2098.0,,,2024-01-31,2024-W05,2024-01,2024,Chao culpa
2024-01-31 16:30:40+00:00,UNFCU 🌏,Expense,Restaurant,4.8129,USD,4196.0,Palak paneer hostel,,2024-01-31,2024-W05,2024-01,2024,Chao culpa
2024-02-01 03:15:13+00:00,UNFCU 🌏,Expense,Education,1050.0,USD,976794.0,Yoga TTC 200 Hours Vinyasa Yogashala ,,2024-02-01,2024-W05,2024-02,2024,Secundarios
2024-02-01 03:15:56+00:00,UNFCU 🌏,Expense,Education,200.0,USD,186056.0,Yoga TTC Lost Deposit First School Vinyasa,,2024-02-01,2024-W05,2024-02,2024,Secundarios
2024-02-01 03:36:09+00:00,UNFCU 🌏,Expense,Transport,1.0829025,USD,1007.0,,,2024-02-01,2024-W05,2024-02,2024,Gastos fijos
2024-02-01 03:36:18+00:00,UNFCU 🌏,Expense,Snacks & Coffee,0.6016125,USD,560.0,,,2024-02-01,2024-W05,2024-02,2024,Chao culpa
2024-02-01 03:48:51+00:00,UNFCU 🌏,Expense,Activities,337.43966256,USD,313913.0,pre deposit yoga vinyasa rishikesh,,2024-02-01,2024-W05,2024-02,2024,Chao culpa
2024-02-01 08:29:14+00:00,UNFCU 🌏,Expense,Restaurant,4.8129,USD,4477.0,Chana masala,,2024-02-01,2024-W05,2024-02,2024,Chao culpa
2024-02-02 08:45:30+00:00,UNFCU 🌏,Expense,Education,1192.588491,USD,1109441.0,Yoga 200 hours full vinyasa yogashala,,2024-02-02,2024-W05,2024-02,2024,Secundarios
2024-02-02 16:46:52+00:00,UNFCU 🌏,Expense,Shopping,46.88940375,USD,43620.0,decathlon,ropa,2024-02-02,2024-W05,2024-02,2024,Chao culpa
2024-02-03 04:48:58+00:00,UNFCU 🌏,Expense,Shopping,3.7781265,USD,3515.0,Te y pildoras peo,,2024-02-03,2024-W05,2024-02,2024,Chao culpa
2024-02-03 05:17:19+00:00,UNFCU 🌏,Expense,Shopping,0.8422575,USD,784.0,3 llaveros ohm,,2024-02-03,2024-W05,2024-02,2024,Chao culpa
2024-02-04 12:07:15+00:00,UNFCU 🌏,Expense,Snacks & Coffee,4.090965,USD,3806.0,,,2024-02-04,2024-W05,2024-02,2024,Chao culpa
2024-02-04 12:07:27+00:00,UNFCU 🌏,Expense,Shopping,5.4145125,USD,5037.0,Guitar strings,music,2024-02-04,2024-W05,2024-02,2024,Chao culpa
2024-02-04 12:08:19+00:00,UNFCU 🌏,Expense,Restaurant,3.609675,USD,3358.0,,,2024-02-04,2024-W05,2024-02,2024,Chao culpa
2024-02-05 09:24:02+00:00,UNFCU 🌏,Expense,Shopping,0.6016125,USD,560.0,Monedro,,2024-02-05,2024-W06,2024-02,2024,Chao culpa
2024-02-05 09:24:36+00:00,UNFCU 🌏,Expense,Shopping,2.40645,USD,2239.0,Guitar strings dervice,music,2024-02-05,2024-W06,2024-02,2024,Chao culpa
2024-02-07 04:13:17+00:00,UNFCU 🌏,Expense,Shopping,8.72338125,USD,8115.0,"Cough , cold penuat buter highleter",,2024-02-07,2024-W06,2024-02,2024,Chao culpa
2024-02-07 15:29:59+00:00,UNFCU 🌏,Expense,Groceries,9.7461225,USD,9067.0,,,2024-02-07,2024-W06,2024-02,2024,Gastos fijos
2024-02-08 16:00:17+00:00,UNFCU 🌏,Expense,Shopping,1.8048375,USD,1679.0,Cuaderno ,,2024-02-08,2024-W06,2024-02,2024,Chao culpa
2024-02-09 15:10:45+00:00,UNFCU 🌏,Expense,Shopping,16.2435375,USD,15111.0,Iphone tripod and 3 in 1 data cable,,2024-02-09,2024-W06,2024-02,2024,Chao culpa
2024-02-10 18:26:19+00:00,UNFCU 🌏,Expense,Shopping,75.71894925,USD,70440.0,Decathlon varios down jacket,ropa,2024-02-10,2024-W06,2024-02,2024,Chao culpa
2024-02-11 05:58:40+00:00,UNFCU 🌏,Expense,Restaurant,2.647095,USD,2463.0,Dhosa,,2024-02-11,2024-W06,2024-02,2024,Chao culpa
2024-02-11 08:46:30+00:00,UNFCU 🌏,Expense,Restaurant,4.8129,USD,4477.0,,,2024-02-11,2024-W06,2024-02,2024,Chao culpa
2024-02-11 08:48:47+00:00,UNFCU 🌏,Expense,Restaurant,4.2112875,USD,3918.0,,,2024-02-11,2024-W06,2024-02,2024,Chao culpa
2024-02-11 14:29:24+00:00,UNFCU 🌏,Expense,Shopping,16.5323115,USD,15380.0,Varios,,2024-02-11,2024-W06,2024-02,2024,Chao culpa
2024-02-12 17:01:55+00:00,UNFCU 🌏,Expense,Shopping,42.690423,USD,39714.0,Yoga foldable mat,,2024-02-12,2024-W07,2024-02,2024,Chao culpa
2024-02-13 06:24:40+00:00,UNFCU 🌏,Expense,Gifts,12.03225,USD,11193.0,Cuadernos,,2024-02-13,2024-W07,2024-02,2024,Chao culpa
2024-02-13 06:29:16+00:00,UNFCU 🌏,Expense,Gifts,4.8129,USD,4477.0,Mochila jose y estuche dami,,2024-02-13,2024-W07,2024-02,2024,Chao culpa
2024-02-13 07:04:28+00:00,UNFCU 🌏,Expense,Shopping,3.0080625,USD,2798.0,Notebook and huevito,,2024-02-13,2024-W07,2024-02,2024,Chao culpa
2024-02-13 09:28:52+00:00,UNFCU 🌏,Expense,Restaurant,8.66322,USD,8059.0,,,2024-02-13,2024-W07,2024-02,2024,Chao culpa
2024-02-13 15:26:07+00:00,UNFCU 🌏,Expense,Restaurant,4.2112875,USD,3918.0,,,2024-02-13,2024-W07,2024-02,2024,Chao culpa
2024-02-14 04:20:53+00:00,UNFCU 🌏,Expense,Shopping,4.8129,USD,4477.0,Polera neoali gris,,2024-02-14,2024-W07,2024-02,2024,Chao culpa
2024-02-14 05:01:49+00:00,UNFCU 🌏,Expense,Gifts,30.080625,USD,27983.0,Regalo lonchi tambor,,2024-02-14,2024-W07,2024-02,2024,Chao culpa
2024-02-15 05:01:53+00:00,UNFCU 🌏,Expense,Restaurant,1.92516,USD,1791.0,,,2024-02-15,2024-W07,2024-02,2024,Chao culpa
2024-02-15 08:58:59+00:00,UNFCU 🌏,Income,Sale,6.016125,USD,5597.0,Yoga pants to magnus ,,2024-02-15,2024-W07,2024-02,2024,Otros
2024-02-15 09:43:38+00:00,UNFCU 🌏,Expense,Restaurant,1.684515,USD,1567.0,,,2024-02-15,2024-W07,2024-02,2024,Chao culpa
2024-02-16 08:58:14+00:00,UNFCU 🌏,Expense,Groceries,10.2274125,USD,9514.0,,,2024-02-16,2024-W07,2024-02,2024,Gastos fijos
2024-02-16 08:59:16+00:00,UNFCU 🌏,Expense,Groceries,2.40645,USD,2239.0,,,2024-02-16,2024-W07,2024-02,2024,Gastos fijos
2024-02-18 08:53:42+00:00,UNFCU 🌏,Expense,Restaurant,7.941285,USD,7388.0,,,2024-02-18,2024-W07,2024-02,2024,Chao culpa
2024-02-18 08:54:25+00:00,UNFCU 🌏,Expense,Activities,14.4387,USD,13432.0,Beatles ashram,,2024-02-18,2024-W07,2024-02,2024,Chao culpa
2024-02-18 15:08:06+00:00,UNFCU 🌏,Expense,Snacks & Coffee,2.0454825,USD,1903.0,,,2024-02-18,2024-W07,2024-02,2024,Chao culpa
2024-02-19 09:28:57+00:00,UNFCU 🌏,Expense,Snacks & Coffee,1.203225,USD,1119.0,,,2024-02-19,2024-W08,2024-02,2024,Chao culpa
2024-02-19 14:22:01+00:00,UNFCU 🌏,Expense,Groceries,6.73806,USD,6268.0,,,2024-02-19,2024-W08,2024-02,2024,Gastos fijos
2024-02-20 04:36:56+00:00,UNFCU 🌏,Expense,Snacks & Coffee,1.44387,USD,1343.0,,,2024-02-20,2024-W08,2024-02,2024,Chao culpa
2024-02-21 11:44:27+00:00,UNFCU 🌏,Expense,Snacks & Coffee,2.7674175,USD,2574.0,,,2024-02-21,2024-W08,2024-02,2024,Chao culpa
2024-02-21 12:38:07+00:00,UNFCU 🌏,Expense,Shopping,4.8129,USD,4477.0,Pair earrings ,,2024-02-21,2024-W08,2024-02,2024,Chao culpa
2024-02-21 13:19:17+00:00,UNFCU 🌏,Expense,Snacks & Coffee,0.8903865,USD,828.0,,,2024-02-21,2024-W08,2024-02,2024,Chao culpa
2024-02-23 12:34:43+00:00,UNFCU 🌏,Expense,Snacks & Coffee,2.88774,USD,2686.0,,,2024-02-23,2024-W08,2024-02,2024,Chao culpa
2024-02-24 11:08:49+00:00,UNFCU 🌏,Expense,Groceries,9.5054775,USD,8843.0,,,2024-02-24,2024-W08,2024-02,2024,Gastos fijos
2024-02-25 07:26:09+00:00,UNFCU 🌏,Expense,Restaurant,3.36903,USD,3134.0,Sceret garden puta gread,,2024-02-25,2024-W08,2024-02,2024,Chao culpa
2024-02-25 16:23:24+00:00,UNFCU 🌏,Expense,Restaurant,9.0241875,USD,8395.0,Thali on ,,2024-02-25,2024-W08,2024-02,2024,Chao culpa
2024-02-25 16:23:36+00:00,UNFCU 🌏,Expense,Restaurant,2.647095,USD,2463.0,,,2024-02-25,2024-W08,2024-02,2024,Chao culpa
2024-02-26 04:33:27+00:00,UNFCU 🌏,Expense,Sport,3.609675,USD,3358.0,Yoga shobit,yoga,2024-02-26,2024-W09,2024-02,2024,Secundarios
2024-02-26 14:59:16+00:00,UNFCU 🌏,Expense,Restaurant,4.8129,USD,4477.0,Abocado ,,2024-02-26,2024-W09,2024-02,2024,Chao culpa
2024-02-26 15:00:15+00:00,UNFCU 🌏,Expense,Restaurant,2.165805,USD,2015.0,Omelet,,2024-02-26,2024-W09,2024-02,2024,Chao culpa
2024-02-26 15:00:32+00:00,UNFCU 🌏,Expense,Snacks & Coffee,1.8048375,USD,1679.0,Golden milk ,,2024-02-26,2024-W09,2024-02,2024,Chao culpa
2024-02-26 15:00:43+00:00,UNFCU 🌏,Expense,Snacks & Coffee,1.203225,USD,1119.0,Banana bread,,2024-02-26,2024-W09,2024-02,2024,Chao culpa
2024-02-26 15:01:06+00:00,UNFCU 🌏,Expense,Acommodation,12.6338625,USD,11753.0,Lighthouse hotel,,2024-02-26,2024-W09,2024-02,2024,Gastos fijos
2024-02-27 07:02:59+00:00,UNFCU 🌏,Expense,Groceries,5.11370625,USD,4757.0,,,2024-02-27,2024-W09,2024-02,2024,Gastos fijos
2024-02-27 07:03:15+00:00,UNFCU 🌏,Expense,Activities,24.0645,USD,22387.0,Trauma session ii,,2024-02-27,2024-W09,2024-02,2024,Chao culpa
2024-02-27 09:59:50+00:00,UNFCU 🌏,Expense,Restaurant,5.1738675,USD,4813.0,Little bufa,,2024-02-27,2024-W09,2024-02,2024,Chao culpa
2024-02-27 11:51:05+00:00,UNFCU 🌏,Expense,Transport,0.48129,USD,448.0,,,2024-02-27,2024-W09,2024-02,2024,Gastos fijos
2024-02-27 16:37:28+00:00,UNFCU 🌏,Expense,Restaurant,3.128385,USD,2910.0,,,2024-02-27,2024-W09,2024-02,2024,Chao culpa
2024-02-28 09:05:55+00:00,UNFCU 🌏,Expense,Activities,18.048375,USD,16790.0,Music class Daniel kantha,,2024-02-28,2024-W09,2024-02,2024,Chao culpa
2024-02-28 09:06:23+00:00,UNFCU 🌏,Expense,Restaurant,3.85032,USD,3582.0,Rawat dhal makani,,2024-02-28,2024-W09,2024-02,2024,Chao culpa
2024-02-28 11:58:17+00:00,UNFCU 🌏,Expense,Transport,2.88774,USD,2686.0,3 boat ganga,,2024-02-28,2024-W09,2024-02,2024,Gastos fijos
2024-02-28 12:35:27+00:00,UNFCU 🌏,Expense,Personal Care,4.8129,USD,4477.0,Ear cleaning with medicines ,,2024-02-28,2024-W09,2024-02,2024,Gastos fijos
2024-02-28 15:58:43+00:00,UNFCU 🌏,Expense,Activities,3.609675,USD,3358.0,Concert,,2024-02-28,2024-W09,2024-02,2024,Chao culpa
2024-02-29 04:08:53+00:00,UNFCU 🌏,Expense,Sport,3.609675,USD,3358.0,Yoga,yoga,2024-02-29,2024-W09,2024-02,2024,Secundarios
2024-02-29 07:11:50+00:00,UNFCU 🌏,Expense,Transport,0.96258,USD,895.0,,,2024-02-29,2024-W09,2024-02,2024,Gastos fijos
2024-02-29 09:52:35+00:00,UNFCU 🌏,Expense,Personal Care,22.861275,USD,21267.0,"Samahan , serum, crean, spirulina ",,2024-02-29,2024-W09,2024-02,2024,Gastos fijos
2024-02-29 11:16:00+00:00,UNFCU 🌏,Expense,Restaurant,5.534835,USD,5149.0,,,2024-02-29,2024-W09,2024-02,2024,Chao culpa
2024-02-29 15:45:27+00:00,UNFCU 🌏,Expense,Snacks & Coffee,1.8048375,USD,1679.0,,,2024-02-29,2024-W09,2024-02,2024,Chao culpa
2024-03-01 05:52:45+00:00,UNFCU 🌏,Expense,Activities,2.40645,USD,2325.0,Yoga mittra,,2024-03-01,2024-W09,2024-03,2024,Chao culpa
2024-03-01 06:33:33+00:00,UNFCU 🌏,Expense,Acommodation,37.9015875,USD,36624.0,Lighthouse 3 nights ,,2024-03-01,2024-W09,2024-03,2024,Gastos fijos
2024-03-01 08:35:43+00:00,UNFCU 🌏,Expense,Snacks & Coffee,1.8048375,USD,1744.0,Golden milk ,,2024-03-01,2024-W09,2024-03,2024,Chao culpa
2024-03-01 13:05:36+00:00,UNFCU 🌏,Expense,Restaurant,2.165805,USD,2093.0,,,2024-03-01,2024-W09,2024-03,2024,Chao culpa
2024-03-01 13:05:58+00:00,UNFCU 🌏,Expense,Restaurant,3.0080625,USD,2907.0,Falafel vegan shala,,2024-03-01,2024-W09,2024-03,2024,Chao culpa
2024-03-02 05:24:32+00:00,UNFCU 🌏,Expense,Activities,54.145125,USD,52319.0,Music healing workshop daniel kantha,,2024-03-02,2024-W09,2024-03,2024,Chao culpa
2024-03-02 12:31:02+00:00,UNFCU 🌏,Expense,Restaurant,3.609675,USD,3488.0,,,2024-03-02,2024-W09,2024-03,2024,Chao culpa
2024-03-02 12:51:21+00:00,UNFCU 🌏,Expense,Snacks & Coffee,2.88774,USD,2790.0,,,2024-03-02,2024-W09,2024-03,2024,Chao culpa
2024-03-03 04:18:57+00:00,UNFCU 🌏,Expense,Groceries,3.36903,USD,3255.0,,,2024-03-03,2024-W09,2024-03,2024,Gastos fijos
2024-03-03 13:05:34+00:00,UNFCU 🌏,Expense,Shopping,2.70725625,USD,2616.0,Book little of budhish pocket,books,2024-03-03,2024-W09,2024-03,2024,Chao culpa
2024-03-03 13:06:01+00:00,UNFCU 🌏,Expense,Snacks & Coffee,5.1738675,USD,4999.0,Boehi cafe,,2024-03-03,2024-W09,2024-03,2024,Chao culpa
2024-03-03 13:33:09+00:00,UNFCU 🌏,Expense,Snacks & Coffee,0.721935,USD,698.0,,,2024-03-03,2024-W09,2024-03,2024,Chao culpa
2024-03-04 06:13:22+00:00,UNFCU 🌏,Expense,Groceries,6.8583825,USD,6627.0,,,2024-03-04,2024-W10,2024-03,2024,Gastos fijos
2024-03-04 07:19:08+00:00,UNFCU 🌏,Expense,Healthcare,12.03225,USD,11627.0,Ayurveda consultation ,,2024-03-04,2024-W10,2024-03,2024,Gastos fijos
2024-03-04 08:41:31+00:00,UNFCU 🌏,Expense,Restaurant,2.40645,USD,2325.0,,,2024-03-04,2024-W10,2024-03,2024,Chao culpa
2024-03-04 08:42:51+00:00,UNFCU 🌏,Expense,Pharmacy ,18.92672925,USD,18289.0,Ayurveda 1 month,,2024-03-04,2024-W10,2024-03,2024,Gastos fijos
2024-03-04 09:10:50+00:00,UNFCU 🌏,Expense,Snacks & Coffee,1.684515,USD,1628.0,,,2024-03-04,2024-W10,2024-03,2024,Chao culpa
2024-03-05 04:55:36+00:00,UNFCU 🌏,Expense,Snacks & Coffee,5.11370625,USD,4941.0,,,2024-03-05,2024-W10,2024-03,2024,Chao culpa
2024-03-06 06:17:17+00:00,UNFCU 🌏,Expense,Groceries,12.6338625,USD,12208.0,Muesli and aeeed,,2024-03-06,2024-W10,2024-03,2024,Gastos fijos
2024-03-06 09:29:56+00:00,UNFCU 🌏,Expense,Snacks & Coffee,4.572255,USD,4418.0,,,2024-03-06,2024-W10,2024-03,2024,Chao culpa
2024-03-06 11:12:35+00:00,UNFCU 🌏,Expense,Activities,108.29025,USD,104639.0,Baba message 3 day course,,2024-03-06,2024-W10,2024-03,2024,Chao culpa
2024-03-07 03:37:55+00:00,UNFCU 🌏,Expense,Other,105.0,USD,101459.0,akiflow premium no cancelado,perdida,2024-03-07,2024-W10,2024-03,2024,Gastos fijos
2024-03-07 08:53:32+00:00,UNFCU 🌏,Expense,Restaurant,2.40645,USD,2325.0,Wheat greaass,,2024-03-07,2024-W10,2024-03,2024,Chao culpa
2024-03-07 08:53:49+00:00,UNFCU 🌏,Expense,Restaurant,2.40645,USD,2325.0,Little talk burger,,2024-03-07,2024-W10,2024-03,2024,Chao culpa
2024-03-07 08:54:05+00:00,UNFCU 🌏,Expense,Shopping,1.684515,USD,1628.0,Croquis y lapiz,,2024-03-07,2024-W10,2024-03,2024,Chao culpa
2024-03-08 06:49:21+00:00,UNFCU 🌏,Expense,Activities,2.40645,USD,2325.0,Yoga mittra,,2024-03-08,2024-W10,2024-03,2024,Chao culpa
2024-03-08 06:49:37+00:00,UNFCU 🌏,Expense,Groceries,8.62712325,USD,8336.0,Snacks for birthday ,,2024-03-08,2024-W10,2024-03,2024,Gastos fijos
2024-03-08 10:13:19+00:00,UNFCU 🌏,Expense,Acommodation,111.2983125,USD,107545.0,9 nights lighthouse,,2024-03-08,2024-W10,2024-03,2024,Gastos fijos
2024-03-08 11:30:51+00:00,UNFCU 🌏,Expense,Activities,15.641925,USD,15114.0,Massage deep tissue baba,,2024-03-08,2024-W10,2024-03,2024,Chao culpa
2024-03-08 11:38:11+00:00,UNFCU 🌏,Expense,Restaurant,7.5803175,USD,7325.0,Little talk ,,2024-03-08,2024-W10,2024-03,2024,Chao culpa
2024-03-10 05:17:22+00:00,UNFCU 🌏,Expense,Restaurant,39.706425,USD,38368.0,My birthday dinner,,2024-03-10,2024-W10,2024-03,2024,Chao culpa
2024-03-10 05:42:28+00:00,UNFCU 🌏,Expense,Shopping,3.609675,USD,3488.0,,,2024-03-10,2024-W10,2024-03,2024,Chao culpa
2024-03-11 06:13:26+00:00,UNFCU 🌏,Expense,Activities,3.609675,USD,3488.0,Yoga ashish iyengar,,2024-03-11,2024-W11,2024-03,2024,Chao culpa
2024-03-11 06:46:14+00:00,UNFCU 🌏,Expense,Snacks & Coffee,1.684515,USD,1628.0,,,2024-03-11,2024-W11,2024-03,2024,Chao culpa
2024-03-11 09:29:29+00:00,UNFCU 🌏,Expense,Snacks & Coffee,1.8048375,USD,1744.0,,,2024-03-11,2024-W11,2024-03,2024,Chao culpa
2024-03-11 09:29:34+00:00,UNFCU 🌏,Expense,Restaurant,2.647095,USD,2558.0,,,2024-03-11,2024-W11,2024-03,2024,Chao culpa
2024-03-11 10:50:07+00:00,UNFCU 🌏,Expense,Transport,11.887863,USD,11487.0,Bus Rishikesh delhi zingbus,,2024-03-11,2024-W11,2024-03,2024,Gastos fijos
2024-03-11 16:00:50+00:00,UNFCU 🌏,Expense,Restaurant,2.647095,USD,2558.0,,,2024-03-11,2024-W11,2024-03,2024,Chao culpa
2024-03-11 16:01:00+00:00,UNFCU 🌏,Expense,Pharmacy ,1.684515,USD,1628.0,,,2024-03-11,2024-W11,2024-03,2024,Gastos fijos
2024-03-12 04:19:37+00:00,UNFCU 🌏,Expense,Activities,3.609675,USD,3488.0,Yoga om shanti Om,,2024-03-12,2024-W11,2024-03,2024,Chao culpa
2024-03-12 04:44:28+00:00,UNFCU 🌏,Expense,Groceries,7.941285,USD,7674.0,,,2024-03-12,2024-W11,2024-03,2024,Gastos fijos
2024-03-13 09:20:27+00:00,UNFCU 🌏,Expense,Activities,56.12575,USD,54233.0,Bungee,,2024-03-13,2024-W11,2024-03,2024,Chao culpa
2024-03-13 09:20:44+00:00,UNFCU 🌏,Expense,Activities,12.20125,USD,11790.0,Bungee photos,,2024-03-13,2024-W11,2024-03,2024,Chao culpa
2024-03-13 09:21:26+00:00,UNFCU 🌏,Expense,Transport,5.18553125,USD,5011.0,Scooter and bus,,2024-03-13,2024-W11,2024-03,2024,Gastos fijos
2024-03-13 09:22:29+00:00,UNFCU 🌏,Expense,Restaurant,3.0503125,USD,2947.0,Annas mess,,2024-03-13,2024-W11,2024-03,2024,Chao culpa
2024-03-13 09:33:09+00:00,UNFCU 🌏,Expense,Snacks & Coffee,0.9761,USD,943.0,,,2024-03-13,2024-W11,2024-03,2024,Chao culpa
2024-03-13 10:09:45+00:00,UNFCU 🌏,Expense,Snacks & Coffee,1.5861625,USD,1533.0,,,2024-03-13,2024-W11,2024-03,2024,Chao culpa
2024-03-13 14:24:57+00:00,UNFCU 🌏,Expense,Acommodation,51.24525,USD,49517.0,4 mights lighthouse rishikesh,,2024-03-13,2024-W11,2024-03,2024,Gastos fijos
2024-03-14 05:45:03+00:00,UNFCU 🌏,Expense,Activities,6.100625,USD,5895.0,Body movement ,,2024-03-14,2024-W11,2024-03,2024,Chao culpa
2024-03-14 08:50:15+00:00,UNFCU 🌏,Expense,Restaurant,5.8566,USD,5659.0,,,2024-03-14,2024-W11,2024-03,2024,Chao culpa
2024-03-14 08:50:27+00:00,UNFCU 🌏,Expense,Activities,10.981125,USD,10611.0,Massage,,2024-03-14,2024-W11,2024-03,2024,Chao culpa
2024-03-14 10:32:21+00:00,UNFCU 🌏,Expense,Snacks & Coffee,1.5373575,USD,1486.0,,,2024-03-14,2024-W11,2024-03,2024,Chao culpa
2024-03-14 14:24:26+00:00,UNFCU 🌏,Expense,Transport,6.100625,USD,5895.0,Rishikesh nepali farm,,2024-03-14,2024-W11,2024-03,2024,Gastos fijos
2024-03-14 20:15:49+00:00,UNFCU 🌏,Expense,Acommodation,7.9308125,USD,7663.0,,,2024-03-14,2024-W11,2024-03,2024,Gastos fijos
2024-03-15 05:35:17+00:00,UNFCU 🌏,Expense,Snacks & Coffee,0.9761,USD,943.0,,,2024-03-15,2024-W11,2024-03,2024,Chao culpa
2024-03-15 05:35:30+00:00,UNFCU 🌏,Expense,Pharmacy ,4.4168525,USD,4268.0,,,2024-03-15,2024-W11,2024-03,2024,Gastos fijos
2024-03-15 05:54:53+00:00,UNFCU 🌏,Expense,Groceries,5.7833925,USD,5588.0,,,2024-03-15,2024-W11,2024-03,2024,Gastos fijos
2024-03-15 08:19:24+00:00,UNFCU 🌏,Expense,Shopping,1098.1125,USD,1061084.0,lens Sigma 24-70 Art,photography ,2024-03-15,2024-W11,2024-03,2024,Chao culpa
2024-03-15 08:19:33+00:00,UNFCU 🌏,Expense,Shopping,67.106875,USD,64844.0,Sony Battery,photography ,2024-03-15,2024-W11,2024-03,2024,Chao culpa
2024-03-15 08:19:41+00:00,UNFCU 🌏,Expense,Shopping,30.503125,USD,29475.0,Digitech Battery fot sony,photography ,2024-03-15,2024-W11,2024-03,2024,Chao culpa
2024-03-15 08:19:49+00:00,UNFCU 🌏,Expense,Shopping,6.100625,USD,5895.0,Rain cover for camera,photography ,2024-03-15,2024-W11,2024-03,2024,Chao culpa
2024-03-15 08:20:00+00:00,UNFCU 🌏,Expense,Shopping,24.4025,USD,23580.0,UV filter 82mm,photography ,2024-03-15,2024-W11,2024-03,2024,Chao culpa
2024-03-15 08:20:09+00:00,UNFCU 🌏,Expense,Shopping,12.20125,USD,11790.0,UV filter 72mm,photography ,2024-03-15,2024-W11,2024-03,2024,Chao culpa
2024-03-15 08:20:17+00:00,UNFCU 🌏,Income,Sale,1342.1375,USD,1296881.0,Canon R6 Camera,,2024-03-15,2024-W11,2024-03,2024,Otros
2024-03-15 08:20:25+00:00,UNFCU 🌏,Income,Sale,305.03125,USD,294746.0,Canon 35mm 1.8 RF,,2024-03-15,2024-W11,2024-03,2024,Otros
2024-03-15 08:20:34+00:00,UNFCU 🌏,Income,Sale,915.09375,USD,884237.0,Canon RF 14-35mm f4,,2024-03-15,2024-W11,2024-03,2024,Otros
2024-03-15 08:20:43+00:00,UNFCU 🌏,Income,Sale,341.635,USD,330115.0,Canon RF 100-400mm ,,2024-03-15,2024-W11,2024-03,2024,Otros
2024-03-15 08:20:51+00:00,UNFCU 🌏,Income,Sale,97.61,USD,94319.0,Canon RF 50mm 1.8,,2024-03-15,2024-W11,2024-03,2024,Otros
2024-03-15 08:21:05+00:00,UNFCU 🌏,Expense,Shopping,2489.055,USD,2405124.0,Sony alpha 7 iv,photography ,2024-03-15,2024-W11,2024-03,2024,Chao culpa
2024-03-15 08:22:05+00:00,UNFCU 🌏,Expense,Shopping,915.09375,USD,884237.0,lens Sigma 16-28mm 2.8,photography ,2024-03-15,2024-W11,2024-03,2024,Chao culpa
2024-03-15 08:22:39+00:00,UNFCU 🌏,Expense,Shopping,847.986875,USD,819393.0,Sigma 35mm Art,,2024-03-15,2024-W11,2024-03,2024,Chao culpa
2024-03-15 09:38:40+00:00,UNFCU 🌏,Expense,Shopping,41.35003625,USD,39956.0,Sandisk sd 256 ,photography ,2024-03-15,2024-W11,2024-03,2024,Chao culpa
2024-03-15 10:28:41+00:00,UNFCU 🌏,Income,Sale,18.301875,USD,17685.0,Sigma bags x2 and sony bag,,2024-03-15,2024-W11,2024-03,2024,Otros
2024-03-15 10:56:47+00:00,UNFCU 🌏,Expense,Shopping,14.6415,USD,14148.0,Iphone case 14 pro,,2024-03-15,2024-W11,2024-03,2024,Chao culpa
2024-03-15 11:28:54+00:00,UNFCU 🌏,Expense,Transport,1.3421375,USD,1297.0,,,2024-03-15,2024-W11,2024-03,2024,Gastos fijos
2024-03-15 11:36:24+00:00,UNFCU 🌏,Expense,Activities,7.32075,USD,7074.0,Humayun tomb,,2024-03-15,2024-W11,2024-03,2024,Chao culpa
2024-03-15 15:59:00+00:00,UNFCU 🌏,Expense,Transport,1.3421375,USD,1297.0,,,2024-03-15,2024-W11,2024-03,2024,Gastos fijos
2024-03-16 05:10:39+00:00,UNFCU 🌏,Expense,Acommodation,8.540875,USD,8253.0,Honduaran hostel delhi,,2024-03-16,2024-W11,2024-03,2024,Gastos fijos
2024-03-16 07:11:54+00:00,UNFCU 🌏,Expense,Transport,2.84289125,USD,2747.0,,taxi,2024-03-16,2024-W11,2024-03,2024,Gastos fijos
2024-03-16 19:05:20+00:00,UNFCU 🌏,Expense,Acommodation,12.20125,USD,11790.0,,,2024-03-16,2024-W11,2024-03,2024,Gastos fijos
2024-03-16 19:05:48+00:00,UNFCU 🌏,Expense,Restaurant,3.41635,USD,3301.0,,,2024-03-16,2024-W11,2024-03,2024,Chao culpa
2024-03-17 07:46:04+00:00,UNFCU 🌏,Expense,Restaurant,4.8805,USD,4716.0,,,2024-03-17,2024-W11,2024-03,2024,Chao culpa
2024-03-17 09:18:27+00:00,UNFCU 🌏,Expense,Transport,2.3182375,USD,2240.0,Bus bhuj to hotal aman - morbi,,2024-03-17,2024-W11,2024-03,2024,Gastos fijos
2024-03-17 19:04:20+00:00,UNFCU 🌏,Expense,Flights,130.54117375,USD,126139.0,Delhi Shimla,,2024-03-17,2024-W11,2024-03,2024,Otros
2024-03-17 19:05:03+00:00,UNFCU 🌏,Expense,Flights,87.849,USD,84887.0,Ahmedabad delhi,,2024-03-17,2024-W11,2024-03,2024,Otros
2024-03-18 07:22:35+00:00,UNFCU 🌏,Expense,Acommodation,12.20125,USD,11790.0,,,2024-03-18,2024-W12,2024-03,2024,Gastos fijos
2024-03-18 07:22:52+00:00,UNFCU 🌏,Expense,Utilities,0.6100625,USD,589.0,Unlimited 1 day data,,2024-03-18,2024-W12,2024-03,2024,Gastos fijos
2024-03-18 17:42:13+00:00,UNFCU 🌏,Expense,Restaurant,2.5622625,USD,2476.0,,,2024-03-18,2024-W12,2024-03,2024,Chao culpa
2024-03-19 01:51:41+00:00,UNFCU 🌏,Expense,Restaurant,2.5622625,USD,2476.0,,,2024-03-19,2024-W12,2024-03,2024,Chao culpa
2024-03-19 01:51:48+00:00,UNFCU 🌏,Expense,Restaurant,4.8805,USD,4716.0,,,2024-03-19,2024-W12,2024-03,2024,Chao culpa
2024-03-19 09:17:57+00:00,UNFCU 🌏,Expense,Acommodation,12.20125,USD,11790.0,,,2024-03-19,2024-W12,2024-03,2024,Gastos fijos
2024-03-20 14:42:14+00:00,UNFCU 🌏,Expense,Transport,13.421375,USD,12969.0,Tul full day,,2024-03-20,2024-W12,2024-03,2024,Gastos fijos
2024-03-20 14:42:30+00:00,UNFCU 🌏,Expense,Acommodation,12.20125,USD,11790.0,,,2024-03-20,2024-W12,2024-03,2024,Gastos fijos
2024-03-20 16:44:16+00:00,UNFCU 🌏,Expense,Gifts,4.8805,USD,4716.0,Regalo comida a Murat bhai,,2024-03-20,2024-W12,2024-03,2024,Chao culpa
2024-03-20 16:44:23+00:00,UNFCU 🌏,Expense,Restaurant,4.8805,USD,4716.0,,,2024-03-20,2024-W12,2024-03,2024,Chao culpa
2024-03-21 03:33:46+00:00,UNFCU 🌏,Expense,Transport,17.08175,USD,16506.0,Train Bhuj Ahmedabad ,,2024-03-21,2024-W12,2024-03,2024,Gastos fijos
2024-03-21 04:55:34+00:00,UNFCU 🌏,Expense,Transport,8.540875,USD,8253.0,Tuk morning salt mine,,2024-03-21,2024-W12,2024-03,2024,Gastos fijos
2024-03-21 05:54:45+00:00,UNFCU 🌏,Expense,Restaurant,1.708175,USD,1651.0,,,2024-03-21,2024-W12,2024-03,2024,Chao culpa
2024-03-21 10:02:44+00:00,UNFCU 🌏,Expense,Transport,1.8301875,USD,1768.0,Tuk to bus sattion,,2024-03-21,2024-W12,2024-03,2024,Gastos fijos
2024-03-21 10:02:58+00:00,UNFCU 🌏,Expense,Transport,0.9761,USD,943.0,Bus gandhidhan bhuj,,2024-03-21,2024-W12,2024-03,2024,Gastos fijos
2024-03-21 10:03:16+00:00,UNFCU 🌏,Expense,Transport,3.660375,USD,3537.0,Malia to ghandidham bus,,2024-03-21,2024-W12,2024-03,2024,Gastos fijos
2024-03-21 22:08:52+00:00,UNFCU 🌏,Expense,Restaurant,2.8062875,USD,2712.0,,,2024-03-21,2024-W12,2024-03,2024,Chao culpa
2024-03-21 22:10:13+00:00,UNFCU 🌏,Expense,Transport,2.84289125,USD,2747.0,,,2024-03-21,2024-W12,2024-03,2024,Gastos fijos
2024-03-21 22:10:24+00:00,UNFCU 🌏,Expense,Restaurant,5.8321975,USD,5636.0,,,2024-03-21,2024-W12,2024-03,2024,Chao culpa
2024-03-22 03:11:43+00:00,UNFCU 🌏,Expense,Shopping,14.62929875,USD,14136.0,Travel pillow,,2024-03-22,2024-W12,2024-03,2024,Chao culpa
2024-03-22 03:35:36+00:00,UNFCU 🌏,Expense,Transport,3.0503125,USD,2947.0,Taxi mall to ivy hotel,,2024-03-22,2024-W12,2024-03,2024,Gastos fijos
2024-03-22 04:21:37+00:00,UNFCU 🌏,Expense,Transport,4.636475,USD,4480.0,,,2024-03-22,2024-W12,2024-03,2024,Gastos fijos
2024-03-22 04:21:45+00:00,UNFCU 🌏,Expense,Acommodation,13.1529475,USD,12709.0,,,2024-03-22,2024-W12,2024-03,2024,Gastos fijos
2024-03-22 08:14:40+00:00,UNFCU 🌏,Expense,Shopping,39.288025,USD,37963.0,Peak design strap ,,2024-03-22,2024-W12,2024-03,2024,Chao culpa
2024-03-22 08:15:10+00:00,UNFCU 🌏,Expense,Shopping,62.031155,USD,59939.0,Sandisk 3 sd cards 128gb,,2024-03-22,2024-W12,2024-03,2024,Chao culpa
2024-03-22 08:16:09+00:00,UNFCU 🌏,Expense,Shopping,1037.2282625,USD,1002253.0,Tamron 70-180mm Lens,photography ,2024-03-22,2024-W12,2024-03,2024,Chao culpa
2024-03-22 08:16:42+00:00,UNFCU 🌏,Expense,Shopping,149.92896,USD,144873.0,Sandisk SSD 2 tb,,2024-03-22,2024-W12,2024-03,2024,Chao culpa
2024-03-22 08:17:05+00:00,UNFCU 🌏,Expense,Shopping,12.39647,USD,11978.0,Filter 67mm,,2024-03-22,2024-W12,2024-03,2024,Chao culpa
2024-03-22 08:17:32+00:00,UNFCU 🌏,Expense,Shopping,9.2973525,USD,8984.0,Ulanzi camera sensor cleaning kit,,2024-03-22,2024-W12,2024-03,2024,Chao culpa
2024-03-22 08:58:03+00:00,UNFCU 🌏,Expense,Shopping,21.96225,USD,21222.0,Lens pouch,,2024-03-22,2024-W12,2024-03,2024,Chao culpa
2024-03-22 09:41:17+00:00,UNFCU 🌏,Expense,Restaurant,8.4188625,USD,8135.0,Golden dragon,,2024-03-22,2024-W12,2024-03,2024,Chao culpa
2024-03-22 12:33:29+00:00,UNFCU 🌏,Expense,Shopping,43.9245,USD,42443.0,Parlante jbl clip 4,,2024-03-22,2024-W12,2024-03,2024,Chao culpa
2024-03-22 12:40:11+00:00,UNFCU 🌏,Expense,Shopping,334.89991,USD,323607.0,Decathlon backpack and more,,2024-03-22,2024-W12,2024-03,2024,Chao culpa
2024-03-23 01:20:41+00:00,UNFCU 🌏,Expense,Restaurant,9.028925,USD,8724.0,Airport breakfast ,,2024-03-23,2024-W12,2024-03,2024,Chao culpa
2024-03-23 02:55:51+00:00,UNFCU 🌏,Expense,Transport,7.5891775,USD,7333.0,The p kashmiri gate no 5,taxi,2024-03-23,2024-W12,2024-03,2024,Gastos fijos
2024-03-23 03:33:25+00:00,UNFCU 🌏,Expense,Transport,7.076725,USD,6838.0,Night bus Shimla Recongpeo - second book,,2024-03-23,2024-W12,2024-03,2024,Gastos fijos
2024-03-23 03:35:05+00:00,UNFCU 🌏,Expense,Transport,2.9038975,USD,2806.0,Ivy to airport ,taxi,2024-03-23,2024-W12,2024-03,2024,Gastos fijos
2024-03-23 08:00:04+00:00,UNFCU 🌏,Expense,Restaurant,6.4666625,USD,6249.0,,,2024-03-23,2024-W12,2024-03,2024,Chao culpa
2024-03-23 08:01:51+00:00,UNFCU 🌏,Expense,Snacks & Coffee,1.0981125,USD,1061.0,,,2024-03-23,2024-W12,2024-03,2024,Chao culpa
2024-03-23 10:24:15+00:00,UNFCU 🌏,Expense,Utilities,1.5861625,USD,1533.0,12 gb data,,2024-03-23,2024-W12,2024-03,2024,Gastos fijos
2024-03-23 11:16:11+00:00,UNFCU 🌏,Expense,Transport,8.540875,USD,8253.0,Bus shimla recong peo - CANCELED,,2024-03-23,2024-W12,2024-03,2024,Gastos fijos
2024-03-23 14:02:42+00:00,UNFCU 🌏,Expense,Restaurant,5.7345875,USD,5541.0,,,2024-03-23,2024-W12,2024-03,2024,Chao culpa
2024-03-24 11:57:08+00:00,UNFCU 🌏,Expense,Restaurant,2.684275,USD,2594.0,,,2024-03-24,2024-W12,2024-03,2024,Chao culpa
2024-03-24 14:28:46+00:00,UNFCU 🌏,Expense,Shopping,1.8301875,USD,1768.0,Polera holi,,2024-03-24,2024-W12,2024-03,2024,Chao culpa
2024-03-24 14:38:55+00:00,UNFCU 🌏,Expense,Restaurant,2.3182375,USD,2240.0,,,2024-03-24,2024-W12,2024-03,2024,Chao culpa
2024-03-25 03:11:15+00:00,UNFCU 🌏,Expense,Restaurant,3.660375,USD,3537.0,,,2024-03-25,2024-W13,2024-03,2024,Chao culpa
2024-03-25 16:02:19+00:00,UNFCU 🌏,Expense,Restaurant,1.220125,USD,1179.0,,,2024-03-25,2024-W13,2024-03,2024,Chao culpa
2024-03-26 05:18:48+00:00,UNFCU 🌏,Expense,Restaurant,3.2943375,USD,3183.0,,,2024-03-26,2024-W13,2024-03,2024,Chao culpa
2024-03-26 07:02:40+00:00,UNFCU 🌏,Expense,Transport,30.503125,USD,29475.0,Taxi sangla to recongpeo,,2024-03-26,2024-W13,2024-03,2024,Gastos fijos
2024-03-26 08:33:18+00:00,UNFCU 🌏,Expense,Transport,8.052825,USD,7781.0,Bus day recongpeo to shimla,,2024-03-26,2024-W13,2024-03,2024,Gastos fijos
2024-03-27 08:24:50+00:00,UNFCU 🌏,Expense,Restaurant,4.57546875,USD,4421.0,,,2024-03-27,2024-W13,2024-03,2024,Chao culpa
2024-03-27 08:40:34+00:00,UNFCU 🌏,Expense,Snacks & Coffee,2.3670425,USD,2287.0,,,2024-03-27,2024-W13,2024-03,2024,Chao culpa
2024-03-27 10:23:34+00:00,UNFCU 🌏,Expense,Snacks & Coffee,3.9044,USD,3773.0,,,2024-03-27,2024-W13,2024-03,2024,Chao culpa
2024-03-27 15:26:14+00:00,UNFCU 🌏,Expense,Transport,23.75583375,USD,22955.0,Bus shimla to delhi,,2024-03-27,2024-W13,2024-03,2024,Gastos fijos
2024-03-27 15:28:32+00:00,UNFCU 🌏,Expense,Restaurant,5.514965,USD,5329.0,,,2024-03-27,2024-W13,2024-03,2024,Chao culpa
2024-03-27 15:53:54+00:00,UNFCU 🌏,Expense,Transport,6.63748,USD,6414.0,Bus recongpeo to shimla,,2024-03-27,2024-W13,2024-03,2024,Gastos fijos
2024-03-28 02:55:35+00:00,UNFCU 🌏,Expense,Restaurant,5.0025125,USD,4834.0,,,2024-03-28,2024-W13,2024-03,2024,Chao culpa
2024-03-28 10:36:16+00:00,UNFCU 🌏,Expense,Tax,130.41737,USD,126020.0,Visa nepal 90 days,,2024-03-28,2024-W13,2024-03,2024,Gastos fijos
2024-03-28 13:54:41+00:00,UNFCU 🌏,Expense,Restaurant,7.2880295,USD,7042.0,,,2024-03-28,2024-W13,2024-03,2024,Chao culpa
2024-03-28 13:54:49+00:00,UNFCU 🌏,Expense,Transport,1.9179025,USD,1853.0,,,2024-03-28,2024-W13,2024-03,2024,Gastos fijos
2024-03-28 13:55:10+00:00,UNFCU 🌏,Expense,Transport,2.89779688,USD,2800.0,,,2024-03-28,2024-W13,2024-03,2024,Gastos fijos
2024-03-28 14:22:36+00:00,UNFCU 🌏,Expense,Shopping,11.507415,USD,11119.0,Guantes foto,,2024-03-28,2024-W13,2024-03,2024,Chao culpa
2024-03-28 14:39:57+00:00,UNFCU 🌏,Expense,Shopping,4.2193855,USD,4077.0,Candado y pilas,,2024-03-28,2024-W13,2024-03,2024,Chao culpa
2024-03-29 01:13:29+00:00,UNFCU 🌏,Expense,Acommodation,5.5235592,USD,5337.0,,,2024-03-29,2024-W13,2024-03,2024,Gastos fijos
2024-03-29 01:58:03+00:00,UNFCU 🌏,Expense,Snacks & Coffee,2.2247669,USD,2150.0,,,2024-03-29,2024-W13,2024-03,2024,Chao culpa
2024-03-29 02:34:30+00:00,UNFCU 🌏,Expense,Transport,12.0,USD,11595.0,Ktm pokhara,bus,2024-03-29,2024-W13,2024-03,2024,Gastos fijos
2024-03-29 02:35:17+00:00,UNFCU 🌏,Expense,Transport,0.95895125,USD,927.0,,,2024-03-29,2024-W13,2024-03,2024,Gastos fijos
2024-03-29 11:00:12+00:00,UNFCU 🌏,Expense,Restaurant,3.835805,USD,3706.0,,,2024-03-29,2024-W13,2024-03,2024,Chao culpa
2024-03-29 16:58:50+00:00,UNFCU 🌏,Expense,Restaurant,3.835805,USD,3706.0,,,2024-03-29,2024-W13,2024-03,2024,Chao culpa
2024-03-29 17:19:44+00:00,UNFCU 🌏,Expense,Snacks & Coffee,1.1507415,USD,1112.0,,,2024-03-29,2024-W13,2024-03,2024,Chao culpa
2024-03-30 04:36:57+00:00,UNFCU 🌏,Expense,Sport,3.835805,USD,3706.0,Yoga,yoga,2024-03-30,2024-W13,2024-03,2024,Secundarios
2024-03-30 05:31:42+00:00,UNFCU 🌏,Expense,Restaurant,7.3647456,USD,7116.0,,,2024-03-30,2024-W13,2024-03,2024,Chao culpa
2024-03-30 09:34:23+00:00,UNFCU 🌏,Expense,Restaurant,3.068644,USD,2965.0,Pasta,,2024-03-30,2024-W13,2024-03,2024,Chao culpa
2024-03-30 09:35:00+00:00,UNFCU 🌏,Expense,Acommodation,15.74214372,USD,15211.0,Hostel forest ñake backpackers ,,2024-03-30,2024-W13,2024-03,2024,Gastos fijos
2024-03-30 12:38:46+00:00,UNFCU 🌏,Expense,Restaurant,5.5235592,USD,5337.0,Vegan way - burger,,2024-03-30,2024-W13,2024-03,2024,Chao culpa
2024-03-30 13:01:34+00:00,UNFCU 🌏,Expense,Groceries,26.1601901,USD,25278.0,24 bars,,2024-03-30,2024-W13,2024-03,2024,Gastos fijos
2024-03-30 13:13:59+00:00,UNFCU 🌏,Expense,Personal Care,15.34322,USD,14826.0,Segundo aro izquierda piercing,,2024-03-30,2024-W13,2024-03,2024,Gastos fijos
2024-03-30 13:50:26+00:00,UNFCU 🌏,Expense,Restaurant,2.5316313,USD,2446.0,Chicken teriyaki roce,,2024-03-30,2024-W13,2024-03,2024,Chao culpa
2024-03-31 04:12:59+00:00,UNFCU 🌏,Expense,Restaurant,5.370127,USD,5189.0,,,2024-03-31,2024-W13,2024-03,2024,Chao culpa
2024-03-31 05:15:20+00:00,UNFCU 🌏,Expense,Flights,3.068644,USD,2965.0,Photo permit,,2024-03-31,2024-W13,2024-03,2024,Otros
2024-03-31 05:15:40+00:00,UNFCU 🌏,Expense,Transport,1.72611225,USD,1668.0,,,2024-03-31,2024-W13,2024-03,2024,Gastos fijos
2024-03-31 06:53:47+00:00,UNFCU 🌏,Expense,Activities,34.522245,USD,33358.0,Rental gear annapurna,,2024-03-31,2024-W13,2024-03,2024,Chao culpa
2024-03-31 06:54:00+00:00,UNFCU 🌏,Expense,Activities,7.67161,USD,7413.0,Deposit annapurna gear,,2024-03-31,2024-W13,2024-03,2024,Chao culpa
2024-03-31 08:16:05+00:00,UNFCU 🌏,Expense,Restaurant,9.8196608,USD,9489.0,,,2024-03-31,2024-W13,2024-03,2024,Chao culpa
2024-03-31 08:38:27+00:00,UNFCU 🌏,Expense,Shopping,1.1507415,USD,1112.0,,,2024-03-31,2024-W13,2024-03,2024,Chao culpa
2024-03-31 09:31:25+00:00,UNFCU 🌏,Expense,Transport,6.137288,USD,5930.0,Pokhara to Besisahar,bus,2024-03-31,2024-W13,2024-03,2024,Gastos fijos
2024-03-31 09:34:09+00:00,UNFCU 🌏,Expense,Personal Care,1.1507415,USD,1112.0,Laundry,,2024-03-31,2024-W13,2024-03,2024,Gastos fijos
2024-03-31 14:45:48+00:00,UNFCU 🌏,Expense,Restaurant,5.6002753,USD,5411.0,,,2024-03-31,2024-W13,2024-03,2024,Chao culpa
2024-03-31 14:54:19+00:00,UNFCU 🌏,Expense,Groceries,3.2987923,USD,3188.0,,,2024-03-31,2024-W13,2024-03,2024,Gastos fijos
2024-03-31 15:10:17+00:00,UNFCU 🌏,Expense,Groceries,1.7644703,USD,1705.0,,,2024-03-31,2024-W13,2024-03,2024,Gastos fijos
2024-03-31 15:10:41+00:00,UNFCU 🌏,Expense,Pharmacy ,7.9017583,USD,7635.0,,,2024-03-31,2024-W13,2024-03,2024,Gastos fijos
2024-04-01 01:53:32+00:00,UNFCU 🌏,Expense,Acommodation,12.1211438,USD,11870.0,,,2024-04-01,2024-W14,2024-04,2024,Gastos fijos
2024-04-01 07:35:59+00:00,UNFCU 🌏,Expense,Restaurant,8.438771,USD,8264.0,,,2024-04-01,2024-W14,2024-04,2024,Chao culpa
2024-04-01 07:36:28+00:00,UNFCU 🌏,Expense,Transport,11.507415,USD,11269.0,Jeep Besisahar to Dharapani,,2024-04-01,2024-W14,2024-04,2024,Gastos fijos
2024-04-02 01:53:39+00:00,UNFCU 🌏,Expense,Restaurant,11.507415,USD,11269.0,Dinner breakfast and sleep,"breakfast,dinner",2024-04-02,2024-W14,2024-04,2024,Chao culpa
2024-04-02 08:38:27+00:00,UNFCU 🌏,Expense,Restaurant,6.8277329,USD,6686.0,,,2024-04-02,2024-W14,2024-04,2024,Chao culpa
2024-04-03 04:12:29+00:00,UNFCU 🌏,Expense,Snacks & Coffee,1.2274576,USD,1202.0,,,2024-04-03,2024-W14,2024-04,2024,Chao culpa
2024-04-03 04:20:15+00:00,UNFCU 🌏,Expense,Snacks & Coffee,1.0740254,USD,1052.0,,,2024-04-03,2024-W14,2024-04,2024,Chao culpa
2024-04-03 08:01:21+00:00,UNFCU 🌏,Expense,Restaurant,9.205932,USD,9015.0,,,2024-04-03,2024-W14,2024-04,2024,Chao culpa
2024-04-04 01:33:11+00:00,UNFCU 🌏,Expense,Restaurant,14.00068825,USD,13710.0,Mountain bridge - uper pisang - mushroom noodle and breakfast ,,2024-04-04,2024-W14,2024-04,2024,Chao culpa
2024-04-04 07:42:13+00:00,UNFCU 🌏,Expense,Restaurant,10.3566735,USD,10142.0,,,2024-04-04,2024-W14,2024-04,2024,Chao culpa
2024-04-04 11:14:21+00:00,UNFCU 🌏,Expense,Restaurant,11.507415,USD,11269.0,Special Yak burger and garlic soup,dinner,2024-04-04,2024-W14,2024-04,2024,Chao culpa
2024-04-04 12:12:16+00:00,UNFCU 🌏,Expense,Snacks & Coffee,3.068644,USD,3005.0,,,2024-04-04,2024-W14,2024-04,2024,Chao culpa
2024-04-04 15:00:03+00:00,UNFCU 🌏,Expense,Personal Care,1.1507415,USD,1127.0,Shower hot,,2024-04-04,2024-W14,2024-04,2024,Gastos fijos
2024-04-05 05:26:46+00:00,UNFCU 🌏,Expense,Snacks & Coffee,6.5208685,USD,6386.0,,,2024-04-05,2024-W14,2024-04,2024,Chao culpa
2024-04-05 05:32:29+00:00,UNFCU 🌏,Expense,Shopping,1.7644703,USD,1728.0,,,2024-04-05,2024-W14,2024-04,2024,Chao culpa
2024-04-05 05:32:45+00:00,UNFCU 🌏,Expense,Shopping,1.9179025,USD,1878.0,,,2024-04-05,2024-W14,2024-04,2024,Chao culpa
2024-04-05 11:07:37+00:00,UNFCU 🌏,Expense,Snacks & Coffee,3.835805,USD,3756.0,,,2024-04-05,2024-W14,2024-04,2024,Chao culpa
2024-04-05 11:07:45+00:00,UNFCU 🌏,Expense,Restaurant,5.7537075,USD,5634.0,Veg burger,lunch,2024-04-05,2024-W14,2024-04,2024,Chao culpa
2024-04-05 11:12:33+00:00,UNFCU 🌏,Expense,Personal Care,6.5208685,USD,6386.0,"Crema, lip balm, banderitas",,2024-04-05,2024-W14,2024-04,2024,Gastos fijos
2024-04-05 11:13:19+00:00,UNFCU 🌏,Expense,Restaurant,3.835805,USD,3756.0,,breakfast,2024-04-05,2024-W14,2024-04,2024,Chao culpa
2024-04-05 14:58:30+00:00,UNFCU 🌏,Expense,Restaurant,10.3566735,USD,10142.0,"Moms, soup and omelet ",dinner,2024-04-05,2024-W14,2024-04,2024,Chao culpa
2024-04-06 06:56:58+00:00,UNFCU 🌏,Expense,Restaurant,7.9017583,USD,7738.0,,lunch,2024-04-06,2024-W14,2024-04,2024,Chao culpa
2024-04-06 06:59:54+00:00,UNFCU 🌏,Expense,Shopping,1.1507415,USD,1127.0,Sancho,,2024-04-06,2024-W14,2024-04,2024,Chao culpa
2024-04-06 07:13:02+00:00,UNFCU 🌏,Expense,Restaurant,7.2113134,USD,7062.0,,dinner,2024-04-06,2024-W14,2024-04,2024,Chao culpa
2024-04-06 07:14:06+00:00,UNFCU 🌏,Expense,Snacks & Coffee,3.835805,USD,3756.0,Ginger tea shared ,,2024-04-06,2024-W14,2024-04,2024,Chao culpa
2024-04-06 14:59:40+00:00,UNFCU 🌏,Expense,Restaurant,5.370127,USD,5259.0,Omelet and chapati,breakfast,2024-04-06,2024-W14,2024-04,2024,Chao culpa
2024-04-07 02:58:07+00:00,UNFCU 🌏,Expense,Restaurant,5.7537075,USD,5634.0,Veg burger,dinner,2024-04-07,2024-W14,2024-04,2024,Chao culpa
2024-04-07 02:58:26+00:00,UNFCU 🌏,Expense,Snacks & Coffee,3.068644,USD,3005.0,Sharwd teapot,,2024-04-07,2024-W14,2024-04,2024,Chao culpa
2024-04-07 07:14:17+00:00,UNFCU 🌏,Expense,Restaurant,4.6796821,USD,4583.0,,breakfast,2024-04-07,2024-W14,2024-04,2024,Chao culpa
2024-04-07 07:14:25+00:00,UNFCU 🌏,Expense,Restaurant,5.7537075,USD,5634.0,,lunch,2024-04-07,2024-W14,2024-04,2024,Chao culpa
2024-04-08 02:11:45+00:00,UNFCU 🌏,Expense,Restaurant,7.2880295,USD,7137.0,Momo and garlic soup,dinner,2024-04-08,2024-W15,2024-04,2024,Chao culpa
2024-04-08 02:58:39+00:00,UNFCU 🌏,Expense,Restaurant,3.068644,USD,3005.0,Porridge apple,breakfast,2024-04-08,2024-W15,2024-04,2024,Chao culpa
2024-04-08 02:58:50+00:00,UNFCU 🌏,Expense,Snacks & Coffee,0.3835805,USD,376.0,Hot water,,2024-04-08,2024-W15,2024-04,2024,Chao culpa
2024-04-08 07:54:37+00:00,UNFCU 🌏,Expense,Snacks & Coffee,4.02759525,USD,3944.0,Momos and tea,,2024-04-08,2024-W15,2024-04,2024,Chao culpa
2024-04-08 13:06:51+00:00,UNFCU 🌏,Expense,Restaurant,9.5895125,USD,9391.0,Yak cheese burger,lunch,2024-04-08,2024-W15,2024-04,2024,Chao culpa
2024-04-08 13:07:25+00:00,UNFCU 🌏,Expense,Snacks & Coffee,1.0740254,USD,1052.0,,,2024-04-08,2024-W15,2024-04,2024,Chao culpa
2024-04-08 13:07:41+00:00,UNFCU 🌏,Expense,Groceries,3.068644,USD,3005.0,Oreo and snikers,,2024-04-08,2024-W15,2024-04,2024,Gastos fijos
2024-04-09 02:13:42+00:00,UNFCU 🌏,Expense,Restaurant,7.4414617,USD,7287.0,"Chapati , omelet, hot water",breakfast,2024-04-09,2024-W15,2024-04,2024,Chao culpa
2024-04-09 10:54:32+00:00,UNFCU 🌏,Expense,Restaurant,6.904449,USD,6761.0,Noodle egg,,2024-04-09,2024-W15,2024-04,2024,Chao culpa
2024-04-09 10:54:50+00:00,UNFCU 🌏,Expense,Snacks & Coffee,4.18102745,USD,4094.0,Apple pie and tea,,2024-04-09,2024-W15,2024-04,2024,Chao culpa
2024-04-09 10:55:45+00:00,UNFCU 🌏,Expense,Snacks & Coffee,1.534322,USD,1503.0,Coconut biscuits,,2024-04-09,2024-W15,2024-04,2024,Chao culpa
2024-04-09 10:56:03+00:00,UNFCU 🌏,Expense,Groceries,1.9179025,USD,1878.0,Water bottle,,2024-04-09,2024-W15,2024-04,2024,Gastos fijos
2024-04-09 13:43:15+00:00,UNFCU 🌏,Expense,Restaurant,14.00068825,USD,13710.0,Fried noodle tuna and half momos garlic dipuo,dinner,2024-04-09,2024-W15,2024-04,2024,Chao culpa
2024-04-09 13:45:59+00:00,UNFCU 🌏,Expense,Groceries,2.301483,USD,2254.0,Water bottle ,,2024-04-09,2024-W15,2024-04,2024,Gastos fijos
2024-04-10 03:12:56+00:00,UNFCU 🌏,Expense,Restaurant,6.904449,USD,6761.0,Muktinah - Yak wrap second lunch,lunch,2024-04-10,2024-W15,2024-04,2024,Chao culpa
2024-04-10 03:13:34+00:00,UNFCU 🌏,Expense,Alcohol,14.9596395,USD,14650.0,Beer x3,,2024-04-10,2024-W15,2024-04,2024,Chao culpa
2024-04-10 03:20:49+00:00,UNFCU 🌏,Expense,Restaurant,5.7537075,USD,5634.0,Burrito,dinner,2024-04-10,2024-W15,2024-04,2024,Chao culpa
2024-04-10 07:03:58+00:00,UNFCU 🌏,Expense,Restaurant,6.5208685,USD,6386.0,"Egg chiwmein and apple
Juice ",lunch,2024-04-10,2024-W15,2024-04,2024,Chao culpa
2024-04-10 11:19:48+00:00,UNFCU 🌏,Expense,Personal Care,23.01483,USD,22538.0,Porter thorong la pass,,2024-04-10,2024-W15,2024-04,2024,Gastos fijos
2024-04-10 13:46:39+00:00,UNFCU 🌏,Expense,Restaurant,5.370127,USD,5259.0,,breakfast,2024-04-10,2024-W15,2024-04,2024,Chao culpa
2024-04-11 03:21:27+00:00,UNFCU 🌏,Expense,Restaurant,6.5208685,USD,6386.0,Shat shuka,breakfast,2024-04-11,2024-W15,2024-04,2024,Chao culpa
2024-04-11 03:22:11+00:00,UNFCU 🌏,Expense,Restaurant,9.973093,USD,9766.0,Yak burger and wai wai sodeko,lunch,2024-04-11,2024-W15,2024-04,2024,Chao culpa
2024-04-11 03:22:23+00:00,UNFCU 🌏,Expense,Alcohol,4.9865465,USD,4883.0,Beer outside bob marley,lunch,2024-04-11,2024-W15,2024-04,2024,Chao culpa
2024-04-11 03:23:18+00:00,UNFCU 🌏,Expense,Restaurant,6.904449,USD,6761.0,Chicken mushroom wrap,dinner,2024-04-11,2024-W15,2024-04,2024,Chao culpa
2024-04-11 03:23:28+00:00,UNFCU 🌏,Expense,Alcohol,4.9865465,USD,4883.0,,dinner,2024-04-11,2024-W15,2024-04,2024,Chao culpa
2024-04-11 03:23:40+00:00,UNFCU 🌏,Expense,Alcohol,3.068644,USD,3005.0,Beer outside,,2024-04-11,2024-W15,2024-04,2024,Chao culpa
2024-04-11 10:41:30+00:00,UNFCU 🌏,Expense,Alcohol,3.068644,USD,3005.0,,,2024-04-11,2024-W15,2024-04,2024,Chao culpa
2024-04-11 10:41:37+00:00,UNFCU 🌏,Expense,Snacks & Coffee,1.3808898,USD,1352.0,,,2024-04-11,2024-W15,2024-04,2024,Chao culpa
2024-04-11 12:44:31+00:00,UNFCU 🌏,Expense,Snacks & Coffee,1.8411864,USD,1803.0,Bounty and biscuits ,,2024-04-11,2024-W15,2024-04,2024,Chao culpa
2024-04-12 02:50:04+00:00,UNFCU 🌏,Expense,Flights,44.82651414,USD,43897.0,Cambio fecha pasaje retorno MAD - SCL,,2024-04-12,2024-W15,2024-04,2024,Otros
2024-04-12 03:27:32+00:00,UNFCU 🌏,Expense,Restaurant,7.2880295,USD,7137.0,Omelet chapati,breakfast,2024-04-12,2024-W15,2024-04,2024,Chao culpa
2024-04-12 04:28:37+00:00,UNFCU 🌏,Expense,Alcohol,1.534322,USD,1503.0,Cider,,2024-04-12,2024-W15,2024-04,2024,Chao culpa
2024-04-12 04:29:12+00:00,UNFCU 🌏,Expense,Alcohol,1.0740254,USD,1052.0,Apple wine,,2024-04-12,2024-W15,2024-04,2024,Chao culpa
2024-04-12 04:30:02+00:00,UNFCU 🌏,Expense,Restaurant,7.09623925,USD,6949.0,Chicken fry and half momos,dinner,2024-04-12,2024-W15,2024-04,2024,Chao culpa
2024-04-12 04:30:39+00:00,UNFCU 🌏,Expense,Transport,1.534322,USD,1503.0,Taxi to marpha,,2024-04-12,2024-W15,2024-04,2024,Gastos fijos
2024-04-12 04:30:54+00:00,UNFCU 🌏,Expense,Acommodation,0.767161,USD,751.0,,,2024-04-12,2024-W15,2024-04,2024,Gastos fijos
2024-04-12 08:38:55+00:00,UNFCU 🌏,Expense,Restaurant,4.602966,USD,4508.0,,lunch,2024-04-12,2024-W15,2024-04,2024,Chao culpa
2024-04-13 03:35:25+00:00,UNFCU 🌏,Expense,Snacks & Coffee,0.767161,USD,751.0,Dried apples,,2024-04-13,2024-W15,2024-04,2024,Chao culpa
2024-04-13 04:28:09+00:00,UNFCU 🌏,Expense,Restaurant,2.3781991,USD,2329.0,,breakfast,2024-04-13,2024-W15,2024-04,2024,Chao culpa
2024-04-13 04:32:20+00:00,UNFCU 🌏,Expense,Snacks & Coffee,1.1507415,USD,1127.0,,,2024-04-13,2024-W15,2024-04,2024,Chao culpa
2024-04-13 05:23:25+00:00,UNFCU 🌏,Expense,Alcohol,3.835805,USD,3756.0,,,2024-04-13,2024-W15,2024-04,2024,Chao culpa
2024-04-13 05:23:44+00:00,UNFCU 🌏,Expense,Restaurant,11.507415,USD,11269.0,,dinner,2024-04-13,2024-W15,2024-04,2024,Chao culpa
2024-04-13 07:19:33+00:00,UNFCU 🌏,Expense,Transport,2.6850635,USD,2629.0,Marpha to kalipani,bus,2024-04-13,2024-W15,2024-04,2024,Gastos fijos
2024-04-13 09:14:07+00:00,UNFCU 🌏,Expense,Restaurant,4.602966,USD,4508.0,,lunch,2024-04-13,2024-W15,2024-04,2024,Chao culpa
2024-04-13 09:49:13+00:00,UNFCU 🌏,Expense,Shopping,26.85388,USD,26297.0,"Nat geo magazine, journal and pen",,2024-04-13,2024-W15,2024-04,2024,Chao culpa
2024-04-14 08:55:46+00:00,UNFCU 🌏,Expense,Restaurant,4.2193855,USD,4132.0,,lunch,2024-04-14,2024-W15,2024-04,2024,Chao culpa
2024-04-14 08:56:09+00:00,UNFCU 🌏,Expense,Transport,7.67161,USD,7513.0,Kalapani pokhara,bus,2024-04-14,2024-W15,2024-04,2024,Gastos fijos
2024-04-14 15:35:09+00:00,UNFCU 🌏,Expense,Restaurant,8.438771,USD,8264.0,Vegan way smoked burger,dinner,2024-04-14,2024-W15,2024-04,2024,Chao culpa
2024-04-14 16:30:39+00:00,UNFCU 🌏,Expense,Restaurant,2.6850635,USD,2629.0,Caramel crepe,dessert,2024-04-14,2024-W15,2024-04,2024,Chao culpa
2024-04-15 05:38:46+00:00,UNFCU 🌏,Expense,Activities,2.6850635,USD,2629.0,Movie night,,2024-04-15,2024-W16,2024-04,2024,Chao culpa
2024-04-15 05:38:55+00:00,UNFCU 🌏,Expense,Alcohol,2.6850635,USD,2629.0,,,2024-04-15,2024-W16,2024-04,2024,Chao culpa
2024-04-15 05:39:13+00:00,UNFCU 🌏,Expense,Snacks & Coffee,0.9205932,USD,902.0,Popcorn,,2024-04-15,2024-W16,2024-04,2024,Chao culpa
2024-04-15 07:20:09+00:00,UNFCU 🌏,Expense,Shopping,3.835805,USD,3756.0,Pina buda eyes x2,,2024-04-15,2024-W16,2024-04,2024,Chao culpa
2024-04-15 09:28:30+00:00,UNFCU 🌏,Expense,Activities,22.247669,USD,21786.0,Jiva Spa massage trekkers Pokhara,,2024-04-15,2024-W16,2024-04,2024,Chao culpa
2024-04-15 10:06:29+00:00,UNFCU 🌏,Expense,Personal Care,7.32638755,USD,7175.0,Soap conditioner shampoo face wash,,2024-04-15,2024-W16,2024-04,2024,Gastos fijos
2024-04-15 10:30:17+00:00,UNFCU 🌏,Expense,Shopping,14.30755265,USD,14011.0,Sketch books,,2024-04-15,2024-W16,2024-04,2024,Chao culpa
2024-04-15 10:30:31+00:00,UNFCU 🌏,Expense,Gifts,3.03028595,USD,2967.0,Micron red berni,,2024-04-15,2024-W16,2024-04,2024,Chao culpa
2024-04-15 12:00:14+00:00,UNFCU 🌏,Expense,Activities,11.507415,USD,11269.0,Gear rental extra 4 days,,2024-04-15,2024-W16,2024-04,2024,Chao culpa
2024-04-15 16:34:45+00:00,UNFCU 🌏,Expense,Restaurant,4.8331143,USD,4733.0,,breakfast,2024-04-15,2024-W16,2024-04,2024,Chao culpa
2024-04-15 16:35:01+00:00,UNFCU 🌏,Expense,Personal Care,3.2220762,USD,3155.0,Laundry,,2024-04-15,2024-W16,2024-04,2024,Gastos fijos
2024-04-16 05:28:05+00:00,UNFCU 🌏,Expense,Gifts,5.7537075,USD,5634.0,Torta berni,,2024-04-16,2024-W16,2024-04,2024,Chao culpa
2024-04-16 05:39:28+00:00,UNFCU 🌏,Expense,Restaurant,6.7510168,USD,6611.0,,breakfast,2024-04-16,2024-W16,2024-04,2024,Chao culpa
2024-04-16 05:44:28+00:00,UNFCU 🌏,Expense,Snacks & Coffee,1.3808898,USD,1352.0,,,2024-04-16,2024-W16,2024-04,2024,Chao culpa
2024-04-16 13:05:16+00:00,UNFCU 🌏,Expense,Restaurant,7.3647456,USD,7212.0,Meal and sharwd salad,lunch,2024-04-16,2024-W16,2024-04,2024,Chao culpa
2024-04-17 10:55:53+00:00,UNFCU 🌏,Expense,Restaurant,3.835805,USD,3756.0,Bagnes lake - fish and chips,lunch,2024-04-17,2024-W16,2024-04,2024,Chao culpa
2024-04-17 10:56:11+00:00,UNFCU 🌏,Expense,Restaurant,5.6002753,USD,5484.0,,breakfast,2024-04-17,2024-W16,2024-04,2024,Chao culpa
2024-04-17 10:56:18+00:00,UNFCU 🌏,Expense,Transport,3.4522245,USD,3381.0,Pokhara to Bagnes lake,taxi,2024-04-17,2024-W16,2024-04,2024,Gastos fijos
2024-04-17 10:56:29+00:00,UNFCU 🌏,Expense,Snacks & Coffee,2.0713347,USD,2028.0,,,2024-04-17,2024-W16,2024-04,2024,Chao culpa
2024-04-17 12:41:51+00:00,UNFCU 🌏,Expense,Transport,4.602966,USD,4508.0, Agnes to Pokhara ,taxi,2024-04-17,2024-W16,2024-04,2024,Gastos fijos
2024-04-17 14:01:17+00:00,UNFCU 🌏,Expense,Restaurant,4.2193855,USD,4132.0,,dinner,2024-04-17,2024-W16,2024-04,2024,Chao culpa
2024-04-17 14:16:45+00:00,UNFCU 🌏,Income,Sale,3.835805,USD,3756.0,"Trade in backpack for 1,000 liner cotton ",,2024-04-17,2024-W16,2024-04,2024,Otros
2024-04-17 14:35:40+00:00,UNFCU 🌏,Expense,Snacks & Coffee,2.18640885,USD,2141.0,,,2024-04-17,2024-W16,2024-04,2024,Chao culpa
2024-04-17 15:28:22+00:00,UNFCU 🌏,Expense,Acommodation,19.946186,USD,19533.0,Forest lake hostel 4 nights ,,2024-04-17,2024-W16,2024-04,2024,Gastos fijos
2024-04-17 16:04:02+00:00,UNFCU 🌏,Expense,Groceries,8.6689193,USD,8489.0,,,2024-04-17,2024-W16,2024-04,2024,Gastos fijos
2024-04-17 16:04:13+00:00,UNFCU 🌏,Expense,Shopping,30.68644,USD,30050.0,Tent,,2024-04-17,2024-W16,2024-04,2024,Chao culpa
2024-04-18 10:28:35+00:00,UNFCU 🌏,Expense,Restaurant,5.7537075,USD,5634.0,,lunch,2024-04-18,2024-W16,2024-04,2024,Chao culpa
2024-04-18 10:29:37+00:00,UNFCU 🌏,Expense,Transport,21.480508,USD,21035.0,Pokhara to Rainbows jeep,bus,2024-04-18,2024-W16,2024-04,2024,Gastos fijos
2024-04-18 15:27:26+00:00,UNFCU 🌏,Expense,Restaurant,5.56191725,USD,5447.0,,dinner,2024-04-18,2024-W16,2024-04,2024,Chao culpa
2024-04-19 02:12:26+00:00,UNFCU 🌏,Expense,Restaurant,0.9205932,USD,902.0,,breakfast,2024-04-19,2024-W16,2024-04,2024,Chao culpa
2024-04-19 04:03:36+00:00,UNFCU 🌏,Expense,Transport,3.835805,USD,3756.0,Village to endpoint ,,2024-04-19,2024-W16,2024-04,2024,Gastos fijos
2024-04-21 05:55:38+00:00,UNFCU 🌏,Expense,Gifts,0.9973093,USD,977.0,Magic hat rainbows,,2024-04-21,2024-W16,2024-04,2024,Chao culpa
2024-04-23 05:54:31+00:00,UNFCU 🌏,Expense,Snacks & Coffee,0.9205932,USD,902.0,Chapati omelet,,2024-04-23,2024-W17,2024-04,2024,Chao culpa
2024-04-23 05:54:41+00:00,UNFCU 🌏,Expense,Snacks & Coffee,0.3835805,USD,376.0,,,2024-04-23,2024-W17,2024-04,2024,Chao culpa
2024-04-23 05:55:15+00:00,UNFCU 🌏,Expense,Restaurant,0.9205932,USD,902.0,Chapati chickpeas ,,2024-04-23,2024-W17,2024-04,2024,Chao culpa
2024-04-24 05:46:25+00:00,UNFCU 🌏,Expense,Snacks & Coffee,1.9179025,USD,1878.0,Kaju cookies almonds,,2024-04-24,2024-W17,2024-04,2024,Chao culpa
2024-04-24 05:46:41+00:00,UNFCU 🌏,Expense,Restaurant,3.3755084,USD,3306.0,Juice and omelet chapati,lunch,2024-04-24,2024-W17,2024-04,2024,Chao culpa
2024-04-24 05:46:57+00:00,UNFCU 🌏,Expense,Activities,2.301483,USD,2254.0,Porter up to village,,2024-04-24,2024-W17,2024-04,2024,Chao culpa
2024-04-24 10:18:26+00:00,UNFCU 🌏,Expense,Transport,1.3041737,USD,1277.0,Chkla to gor si e,bus,2024-04-24,2024-W17,2024-04,2024,Gastos fijos
2024-04-24 13:32:00+00:00,UNFCU 🌏,Expense,Restaurant,0.9205932,USD,902.0,,dinner,2024-04-24,2024-W17,2024-04,2024,Chao culpa
2024-04-24 14:46:26+00:00,UNFCU 🌏,Expense,Transport,6.137288,USD,6010.0,Xx to bardiya,bus,2024-04-24,2024-W17,2024-04,2024,Gastos fijos
2024-04-24 14:46:27+00:00,UNFCU 🌏,Expense,Transport,6.137288,USD,6010.0,Xx to bardiya,bus,2024-04-24,2024-W17,2024-04,2024,Gastos fijos
2024-04-25 00:38:24+00:00,UNFCU 🌏,Expense,Transport,5.370127,USD,5259.0,,,2024-04-25,2024-W17,2024-04,2024,Gastos fijos
2024-04-25 12:22:09+00:00,UNFCU 🌏,Expense,Alcohol,1.534322,USD,1503.0,,,2024-04-25,2024-W17,2024-04,2024,Chao culpa
2024-04-25 13:15:03+00:00,UNFCU 🌏,Expense,Snacks & Coffee,0.1534322,USD,150.0,,,2024-04-25,2024-W17,2024-04,2024,Chao culpa
2024-04-25 13:39:11+00:00,UNFCU 🌏,Expense,Restaurant,3.835805,USD,3756.0,Yogurt mueli fruit and honey pancakes ,breakfast,2024-04-25,2024-W17,2024-04,2024,Chao culpa
2024-04-25 13:40:05+00:00,UNFCU 🌏,Expense,Restaurant,4.79475625,USD,4695.0,Egg fried rice and french fries,lunch,2024-04-25,2024-W17,2024-04,2024,Chao culpa
2024-04-25 13:40:59+00:00,UNFCU 🌏,Expense,Restaurant,4.02759525,USD,3944.0,"Fried chicken , salad and fries",dinner,2024-04-25,2024-W17,2024-04,2024,Chao culpa
2024-04-25 13:41:11+00:00,UNFCU 🌏,Expense,Acommodation,7.67161,USD,7513.0,,,2024-04-25,2024-W17,2024-04,2024,Gastos fijos
2024-04-26 04:23:18+00:00,UNFCU 🌏,Expense,Acommodation,7.67161,USD,7513.0,,,2024-04-26,2024-W17,2024-04,2024,Gastos fijos
2024-04-26 13:42:12+00:00,UNFCU 🌏,Expense,Restaurant,2.49327325,USD,2442.0,Masala onelet and tea,breakfast,2024-04-26,2024-W17,2024-04,2024,Chao culpa
2024-04-26 13:42:32+00:00,UNFCU 🌏,Expense,Activities,46.02966,USD,45075.0,Walk safari,,2024-04-26,2024-W17,2024-04,2024,Chao culpa
2024-04-26 13:42:57+00:00,UNFCU 🌏,Expense,Restaurant,3.26043425,USD,3193.0,Soaguetk chicken,dinner,2024-04-26,2024-W17,2024-04,2024,Chao culpa
2024-04-26 13:43:15+00:00,UNFCU 🌏,Expense,Snacks & Coffee,1.1507415,USD,1127.0,Banana lassi,,2024-04-26,2024-W17,2024-04,2024,Chao culpa
2024-04-27 04:22:51+00:00,UNFCU 🌏,Expense,Restaurant,3.4522245,USD,3381.0,Muesli fruit and bannaa lassi,breakfast,2024-04-27,2024-W17,2024-04,2024,Chao culpa
2024-04-27 04:23:27+00:00,UNFCU 🌏,Expense,Acommodation,7.67161,USD,7513.0,,,2024-04-27,2024-W17,2024-04,2024,Gastos fijos
2024-04-27 05:01:02+00:00,UNFCU 🌏,Expense,Restaurant,3.4522245,USD,3381.0,Fried chicken and fries,lunch,2024-04-27,2024-W17,2024-04,2024,Chao culpa
2024-04-27 05:01:25+00:00,UNFCU 🌏,Expense,Restaurant,3.46756772,USD,3396.0,Veg dhal bat,dinner,2024-04-27,2024-W17,2024-04,2024,Chao culpa
2024-04-27 14:17:55+00:00,UNFCU 🌏,Expense,Alcohol,3.068644,USD,3005.0,,,2024-04-27,2024-W17,2024-04,2024,Chao culpa
2024-04-28 05:02:12+00:00,UNFCU 🌏,Expense,Restaurant,2.301483,USD,2254.0,Veg sadeko,breakfast,2024-04-28,2024-W17,2024-04,2024,Chao culpa
2024-04-28 05:02:18+00:00,UNFCU 🌏,Expense,Restaurant,2.301483,USD,2254.0,Yogurt muesli fruit,breakfast,2024-04-28,2024-W17,2024-04,2024,Chao culpa
2024-04-28 12:09:39+00:00,UNFCU 🌏,Expense,Activities,1.534322,USD,1503.0,Bardia national park entrabce,,2024-04-28,2024-W17,2024-04,2024,Chao culpa
2024-04-28 12:10:28+00:00,UNFCU 🌏,Expense,Restaurant,0.85154871,USD,834.0,Spaghetti chicken ,lunch,2024-04-28,2024-W17,2024-04,2024,Chao culpa
2024-04-28 13:05:21+00:00,UNFCU 🌏,Expense,Groceries,4.9098304,USD,4808.0,,,2024-04-28,2024-W17,2024-04,2024,Gastos fijos
2024-04-28 13:39:53+00:00,UNFCU 🌏,Expense,Snacks & Coffee,1.41924785,USD,1390.0,,,2024-04-28,2024-W17,2024-04,2024,Chao culpa
2024-04-28 13:50:35+00:00,UNFCU 🌏,Expense,Acommodation,7.67161,USD,7513.0,,,2024-04-28,2024-W17,2024-04,2024,Gastos fijos
2024-04-29 10:39:45+00:00,UNFCU 🌏,Expense,Snacks & Coffee,0.57537075,USD,563.0,Cogfe small pot,,2024-04-29,2024-W18,2024-04,2024,Chao culpa
2024-04-29 10:40:01+00:00,UNFCU 🌏,Expense,Restaurant,0.85154871,USD,834.0,Muesli fruit ,breakfast,2024-04-29,2024-W18,2024-04,2024,Chao culpa
2024-04-29 10:40:27+00:00,UNFCU 🌏,Expense,Restaurant,3.835805,USD,3756.0,Egg fried rice and banana juice,lunch,2024-04-29,2024-W18,2024-04,2024,Chao culpa
2024-04-29 10:40:36+00:00,UNFCU 🌏,Expense,Acommodation,7.67161,USD,7513.0,,,2024-04-29,2024-W18,2024-04,2024,Gastos fijos
2024-04-29 15:18:23+00:00,UNFCU 🌏,Expense,Restaurant,4.02759525,USD,3944.0,Dal bat and banana juice ,dinner,2024-04-29,2024-W18,2024-04,2024,Chao culpa
2024-04-29 15:18:56+00:00,UNFCU 🌏,Expense,Activities,0.3835805,USD,376.0,,,2024-04-29,2024-W18,2024-04,2024,Chao culpa
2024-04-30 14:57:21+00:00,UNFCU 🌏,Expense,Restaurant,0.85154871,USD,834.0,Muesli and tea,breakfast,2024-04-30,2024-W18,2024-04,2024,Chao culpa
2024-04-30 14:57:58+00:00,UNFCU 🌏,Expense,Activities,69.04449,USD,67613.0,Jeep safari 4 people pack,,2024-04-30,2024-W18,2024-04,2024,Chao culpa
2024-04-30 14:58:15+00:00,UNFCU 🌏,Expense,Restaurant,4.02759525,USD,3944.0,Fired chicken salad fried,dinner,2024-04-30,2024-W18,2024-04,2024,Chao culpa
2024-04-30 14:58:22+00:00,UNFCU 🌏,Expense,Alcohol,3.835805,USD,3756.0,,,2024-04-30,2024-W18,2024-04,2024,Chao culpa
2024-04-30 14:59:25+00:00,UNFCU 🌏,Expense,Education,7.0,USD,6855.0,Domestika historias impactantes foto,,2024-04-30,2024-W18,2024-04,2024,Secundarios
2024-05-01 01:21:02+00:00,UNFCU 🌏,Expense,Gifts,7.67161,USD,7346.0,Tip mohan safari,,2024-05-01,2024-W18,2024-05,2024,Chao culpa
2024-05-01 01:21:23+00:00,UNFCU 🌏,Expense,Restaurant,3.068644,USD,2938.0,Muesli,breakfast,2024-05-01,2024-W18,2024-05,2024,Chao culpa
2024-05-01 03:10:31+00:00,UNFCU 🌏,Expense,Transport,7.67161,USD,7346.0,Bardiya to Butwal,bus,2024-05-01,2024-W18,2024-05,2024,Gastos fijos
2024-05-01 03:10:55+00:00,UNFCU 🌏,Expense,Transport,5.370127,USD,5142.0,Tuk homestay to bardiya bus park,,2024-05-01,2024-W18,2024-05,2024,Gastos fijos
2024-05-01 04:54:20+00:00,UNFCU 🌏,Expense,Acommodation,11.507415,USD,11018.0,Tansen new horizon homestay with breakfast ,,2024-05-01,2024-W18,2024-05,2024,Gastos fijos
2024-05-01 07:14:30+00:00,UNFCU 🌏,Expense,Restaurant,2.1480508,USD,2057.0,,lunch,2024-05-01,2024-W18,2024-05,2024,Chao culpa
2024-05-01 11:48:03+00:00,UNFCU 🌏,Expense,Snacks & Coffee,1.03566735,USD,992.0,,,2024-05-01,2024-W18,2024-05,2024,Chao culpa
2024-05-01 11:48:11+00:00,UNFCU 🌏,Expense,Utilities,1.46527751,USD,1403.0,,,2024-05-01,2024-W18,2024-05,2024,Gastos fijos
2024-05-01 12:30:15+00:00,UNFCU 🌏,Expense,Restaurant,2.6850635,USD,2571.0,,dinner,2024-05-01,2024-W18,2024-05,2024,Chao culpa
2024-05-01 12:54:57+00:00,UNFCU 🌏,Expense,Transport,1.1507415,USD,1102.0,Butwal to Tansen,bus,2024-05-01,2024-W18,2024-05,2024,Gastos fijos
2024-05-01 14:29:56+00:00,UNFCU 🌏,Expense,Other,3.835805,USD,3673.0,,comision,2024-05-01,2024-W18,2024-05,2024,Gastos fijos
2024-05-02 04:40:22+00:00,UNFCU 🌏,Expense,Pharmacy ,1.3808898,USD,1322.0,,,2024-05-02,2024-W18,2024-05,2024,Gastos fijos
2024-05-02 04:47:56+00:00,UNFCU 🌏,Expense,Utilities,3.835805,USD,3673.0,,,2024-05-02,2024-W18,2024-05,2024,Gastos fijos
2024-05-02 04:53:40+00:00,UNFCU 🌏,Expense,Transport,9.973093,USD,9549.0,Tansen to Kathmandu,bus,2024-05-02,2024-W18,2024-05,2024,Gastos fijos
2024-05-02 05:08:19+00:00,UNFCU 🌏,Expense,Pharmacy ,5.1399787,USD,4922.0,Antibiotics and ointment herida aro,,2024-05-02,2024-W18,2024-05,2024,Gastos fijos
2024-05-02 05:59:47+00:00,UNFCU 🌏,Expense,Pharmacy ,14.576059,USD,13957.0,"Suncreen face, body and lotion",,2024-05-02,2024-W18,2024-05,2024,Gastos fijos
2024-05-02 08:06:46+00:00,UNFCU 🌏,Expense,Snacks & Coffee,1.3041737,USD,1249.0,,,2024-05-02,2024-W18,2024-05,2024,Chao culpa
2024-05-02 10:26:14+00:00,UNFCU 🌏,Expense,Restaurant,5.5235592,USD,5289.0,,lunch,2024-05-02,2024-W18,2024-05,2024,Chao culpa
2024-05-02 10:26:51+00:00,UNFCU 🌏,Expense,Snacks & Coffee,0.95895125,USD,918.0,,,2024-05-02,2024-W18,2024-05,2024,Chao culpa
2024-05-02 10:39:18+00:00,UNFCU 🌏,Expense,Activities,1.9179025,USD,1836.0,Museum,,2024-05-02,2024-W18,2024-05,2024,Chao culpa
2024-05-02 16:08:48+00:00,UNFCU 🌏,Expense,Snacks & Coffee,1.34253175,USD,1285.0,,,2024-05-02,2024-W18,2024-05,2024,Chao culpa
2024-05-03 03:57:35+00:00,UNFCU 🌏,Expense,Transport,2.301483,USD,2204.0,,,2024-05-03,2024-W18,2024-05,2024,Gastos fijos
2024-05-03 05:39:52+00:00,UNFCU 🌏,Expense,Restaurant,10.32598706,USD,9887.0,,breakfast,2024-05-03,2024-W18,2024-05,2024,Chao culpa
2024-05-03 05:39:59+00:00,UNFCU 🌏,Expense,Acommodation,5.370127,USD,5142.0,,,2024-05-03,2024-W18,2024-05,2024,Gastos fijos
2024-05-03 05:40:06+00:00,UNFCU 🌏,Expense,Transport,2.8384957,USD,2718.0,,,2024-05-03,2024-W18,2024-05,2024,Gastos fijos
2024-05-03 09:05:58+00:00,UNFCU 🌏,Income,Sale,11.507415,USD,11018.0,Tent sell in kathmandu,,2024-05-03,2024-W18,2024-05,2024,Otros
2024-05-03 09:34:21+00:00,UNFCU 🌏,Expense,Restaurant,5.6002753,USD,5362.0,,lunch,2024-05-03,2024-W18,2024-05,2024,Chao culpa
2024-05-03 11:07:10+00:00,UNFCU 🌏,Expense,Transport,0.9205932,USD,881.0,,,2024-05-03,2024-W18,2024-05,2024,Gastos fijos
2024-05-03 11:17:44+00:00,UNFCU 🌏,Expense,Activities,7.67161,USD,7346.0,Pash temple,,2024-05-03,2024-W18,2024-05,2024,Chao culpa
2024-05-03 12:47:33+00:00,UNFCU 🌏,Expense,Transport,0.767161,USD,735.0,,,2024-05-03,2024-W18,2024-05,2024,Gastos fijos
2024-05-03 13:55:44+00:00,UNFCU 🌏,Expense,Restaurant,13.95465859,USD,13362.0,,dinner,2024-05-03,2024-W18,2024-05,2024,Chao culpa
2024-05-04 05:06:09+00:00,UNFCU 🌏,Expense,Restaurant,4.9865465,USD,4775.0,,breakfast,2024-05-04,2024-W18,2024-05,2024,Chao culpa
2024-05-04 06:03:00+00:00,UNFCU 🌏,Expense,Transport,0.3835805,USD,367.0,Kathmandu bhaktapur,bus,2024-05-04,2024-W18,2024-05,2024,Gastos fijos
2024-05-04 07:08:04+00:00,UNFCU 🌏,Expense,Activities,13.808898,USD,13222.0,Bhaktapur entry fee,,2024-05-04,2024-W18,2024-05,2024,Chao culpa
2024-05-04 07:39:23+00:00,UNFCU 🌏,Expense,Snacks & Coffee,0.3835805,USD,367.0,,,2024-05-04,2024-W18,2024-05,2024,Chao culpa
2024-05-04 07:39:34+00:00,UNFCU 🌏,Expense,Snacks & Coffee,1.1507415,USD,1102.0,Helado,,2024-05-04,2024-W18,2024-05,2024,Chao culpa
2024-05-04 09:35:42+00:00,UNFCU 🌏,Expense,Utilities,0.3835805,USD,367.0,,,2024-05-04,2024-W18,2024-05,2024,Gastos fijos
2024-05-04 09:44:07+00:00,UNFCU 🌏,Expense,Restaurant,4.1426694,USD,3967.0,,lunch,2024-05-04,2024-W18,2024-05,2024,Chao culpa
2024-05-04 09:44:17+00:00,UNFCU 🌏,Expense,Snacks & Coffee,1.87954445,USD,1800.0,,,2024-05-04,2024-W18,2024-05,2024,Chao culpa
2024-05-04 10:24:12+00:00,UNFCU 🌏,Expense,Shopping,2.7617796,USD,2644.0,Keychain budha,,2024-05-04,2024-W18,2024-05,2024,Chao culpa
2024-05-04 11:49:43+00:00,UNFCU 🌏,Expense,Transport,0.3835805,USD,367.0,,,2024-05-04,2024-W18,2024-05,2024,Gastos fijos
2024-05-04 15:27:03+00:00,UNFCU 🌏,Expense,Restaurant,10.3566735,USD,9917.0,Fire and ixe pizzeria,dinner,2024-05-04,2024-W18,2024-05,2024,Chao culpa
2024-05-05 08:02:16+00:00,UNFCU 🌏,Expense,Restaurant,8.8223515,USD,8447.0,Airport sándwich coffee,breakfast,2024-05-05,2024-W18,2024-05,2024,Chao culpa
2024-05-05 08:02:46+00:00,UNFCU 🌏,Expense,Utilities,3.660375,USD,3505.0,28 plan airtel,,2024-05-05,2024-W18,2024-05,2024,Gastos fijos
2024-05-05 08:41:30+00:00,UNFCU 🌏,Expense,Acommodation,8.47986875,USD,8120.0,hosteller delhi,,2024-05-05,2024-W18,2024-05,2024,Gastos fijos
2024-05-05 10:42:59+00:00,UNFCU 🌏,Expense,Transport,5.07572,USD,4860.0,,taxi,2024-05-05,2024-W18,2024-05,2024,Gastos fijos
2024-05-05 10:43:14+00:00,UNFCU 🌏,Expense,Tax,2.44025,USD,2337.0,,,2024-05-05,2024-W18,2024-05,2024,Gastos fijos
2024-05-05 11:17:00+00:00,UNFCU 🌏,Expense,Restaurant,2.8062875,USD,2687.0,,lunch,2024-05-05,2024-W18,2024-05,2024,Chao culpa
2024-05-05 15:28:01+00:00,UNFCU 🌏,Expense,Snacks & Coffee,0.6100625,USD,584.0,Blackcurrant shake ,,2024-05-05,2024-W18,2024-05,2024,Chao culpa
2024-05-05 15:28:27+00:00,UNFCU 🌏,Expense,Shopping,158.61625,USD,151877.0,Guitar Cort ad mini,music,2024-05-05,2024-W18,2024-05,2024,Chao culpa
2024-05-05 15:28:47+00:00,UNFCU 🌏,Expense,Shopping,0.3660375,USD,350.0,Bolsas,,2024-05-05,2024-W18,2024-05,2024,Chao culpa
2024-05-05 16:12:03+00:00,UNFCU 🌏,Expense,Restaurant,1.220125,USD,1168.0,,dinner,2024-05-05,2024-W18,2024-05,2024,Chao culpa
2024-05-06 04:54:42+00:00,UNFCU 🌏,Expense,Shopping,34.0414875,USD,32595.0,lifestraw bottle,,2024-05-06,2024-W19,2024-05,2024,Chao culpa
2024-05-06 04:54:48+00:00,UNFCU 🌏,Expense,Shopping,4.246035,USD,4066.0,toiletry bag,,2024-05-06,2024-W19,2024-05,2024,Chao culpa
2024-05-06 06:08:13+00:00,UNFCU 🌏,Expense,Restaurant,6.6130775,USD,6332.0,,breakfast,2024-05-06,2024-W19,2024-05,2024,Chao culpa
2024-05-06 06:21:19+00:00,UNFCU 🌏,Expense,Acommodation,10.7371,USD,10281.0,Hosteller Delhi ,,2024-05-06,2024-W19,2024-05,2024,Gastos fijos
2024-05-06 14:08:34+00:00,UNFCU 🌏,Expense,Restaurant,10.67609375,USD,10222.0,Greenr,lunch,2024-05-06,2024-W19,2024-05,2024,Chao culpa
2024-05-06 14:10:13+00:00,UNFCU 🌏,Expense,Snacks & Coffee,7.61358,USD,7290.0,Gum colkies gummies ,,2024-05-06,2024-W19,2024-05,2024,Chao culpa
2024-05-06 14:44:28+00:00,UNFCU 🌏,Expense,Transport,1.708175,USD,1636.0,,,2024-05-06,2024-W19,2024-05,2024,Gastos fijos
2024-05-06 14:44:46+00:00,UNFCU 🌏,Expense,Sport,6.100625,USD,5841.0,Piscina delhi,natacion,2024-05-06,2024-W19,2024-05,2024,Secundarios
2024-05-06 14:45:04+00:00,UNFCU 🌏,Expense,Transport,1.57396125,USD,1507.0,,,2024-05-06,2024-W19,2024-05,2024,Gastos fijos
2024-05-07 05:51:41+00:00,UNFCU 🌏,Expense,Groceries,11.1031375,USD,10631.0,Muesli and snack ,,2024-05-07,2024-W19,2024-05,2024,Gastos fijos
2024-05-07 05:52:21+00:00,UNFCU 🌏,Expense,Transport,20.70552125,USD,19826.0,Delhi Dharamsala ,bus,2024-05-07,2024-W19,2024-05,2024,Gastos fijos
2024-05-07 06:11:15+00:00,UNFCU 🌏,Expense,Snacks & Coffee,1.93999875,USD,1858.0,Cold coffee ,,2024-05-07,2024-W19,2024-05,2024,Chao culpa
2024-05-07 10:43:50+00:00,UNFCU 🌏,Expense,Transport,1.8301875,USD,1752.0,,,2024-05-07,2024-W19,2024-05,2024,Gastos fijos
2024-05-07 10:44:24+00:00,UNFCU 🌏,Expense,Sport,6.100625,USD,5841.0,,natacion,2024-05-07,2024-W19,2024-05,2024,Secundarios
2024-05-07 12:42:18+00:00,UNFCU 🌏,Expense,Restaurant,12.35986625,USD,11835.0,Earth bowl ,lunch,2024-05-07,2024-W19,2024-05,2024,Chao culpa
2024-05-07 13:23:45+00:00,UNFCU 🌏,Expense,Transport,1.8301875,USD,1752.0,,,2024-05-07,2024-W19,2024-05,2024,Gastos fijos
2024-05-07 13:50:17+00:00,UNFCU 🌏,Income,Sale,43.9245,USD,42058.0,Yamaha guitar f310,,2024-05-07,2024-W19,2024-05,2024,Otros
2024-05-07 16:54:51+00:00,UNFCU 🌏,Expense,Snacks & Coffee,0.9761,USD,935.0,,,2024-05-07,2024-W19,2024-05,2024,Chao culpa
2024-05-07 16:54:59+00:00,UNFCU 🌏,Expense,Restaurant,2.74528125,USD,2629.0,,dinner,2024-05-07,2024-W19,2024-05,2024,Chao culpa
2024-05-08 06:26:19+00:00,UNFCU 🌏,Expense,Restaurant,4.2704375,USD,4089.0,,breakfast,2024-05-08,2024-W19,2024-05,2024,Chao culpa
2024-05-08 08:50:23+00:00,UNFCU 🌏,Expense,Acommodation,6.74729125,USD,6461.0,Utopia dharamkot 1 night,,2024-05-08,2024-W19,2024-05,2024,Gastos fijos
2024-05-08 10:30:48+00:00,UNFCU 🌏,Expense,Restaurant,6.4666625,USD,6192.0,,lunch,2024-05-08,2024-W19,2024-05,2024,Chao culpa
2024-05-08 14:09:39+00:00,UNFCU 🌏,Expense,Restaurant,5.612575,USD,5374.0,,lunch,2024-05-08,2024-W19,2024-05,2024,Chao culpa
2024-05-09 08:19:20+00:00,UNFCU 🌏,Expense,Restaurant,6.100625,USD,5841.0,"Muesli, omelete ABC juice ",breakfast,2024-05-09,2024-W19,2024-05,2024,Chao culpa
2024-05-09 08:19:31+00:00,UNFCU 🌏,Expense,Snacks & Coffee,1.220125,USD,1168.0,Golden milk ,,2024-05-09,2024-W19,2024-05,2024,Chao culpa
2024-05-09 10:27:37+00:00,UNFCU 🌏,Expense,Restaurant,6.588675,USD,6309.0,,lunch,2024-05-09,2024-W19,2024-05,2024,Chao culpa
2024-05-09 10:28:11+00:00,UNFCU 🌏,Expense,Acommodation,6.74729125,USD,6461.0,,,2024-05-09,2024-W19,2024-05,2024,Gastos fijos
2024-05-09 10:36:05+00:00,UNFCU 🌏,Expense,Shopping,6.100625,USD,5841.0,Par aros ,,2024-05-09,2024-W19,2024-05,2024,Chao culpa
2024-05-09 16:37:23+00:00,UNFCU 🌏,Expense,Restaurant,6.588675,USD,6309.0,,dinner,2024-05-09,2024-W19,2024-05,2024,Chao culpa
2024-05-10 08:09:41+00:00,UNFCU 🌏,Expense,Restaurant,7.6867875,USD,7360.0,,breakfast,2024-05-10,2024-W19,2024-05,2024,Chao culpa
2024-05-10 08:09:56+00:00,UNFCU 🌏,Expense,Acommodation,6.74729125,USD,6461.0,,,2024-05-10,2024-W19,2024-05,2024,Gastos fijos
2024-05-10 09:03:04+00:00,UNFCU 🌏,Expense,Shopping,5.18553125,USD,4965.0,Fm radio with headphones ,,2024-05-10,2024-W19,2024-05,2024,Chao culpa
2024-05-10 09:12:40+00:00,UNFCU 🌏,Expense,Shopping,5.2465375,USD,5024.0,Himalayan products stomach ,,2024-05-10,2024-W19,2024-05,2024,Chao culpa
2024-05-10 09:50:16+00:00,UNFCU 🌏,Expense,Restaurant,2.196225,USD,2103.0,,lunch,2024-05-10,2024-W19,2024-05,2024,Chao culpa
2024-05-10 12:10:52+00:00,UNFCU 🌏,Expense,Snacks & Coffee,1.28113125,USD,1227.0,,,2024-05-10,2024-W19,2024-05,2024,Chao culpa
2024-05-10 12:54:46+00:00,UNFCU 🌏,Expense,Groceries,8.45546625,USD,8096.0,,,2024-05-10,2024-W19,2024-05,2024,Gastos fijos
2024-05-10 14:12:08+00:00,UNFCU 🌏,Expense,Restaurant,3.9044,USD,3739.0,,dinner,2024-05-10,2024-W19,2024-05,2024,Chao culpa
2024-05-11 05:07:45+00:00,UNFCU 🌏,Expense,Sport,6.100625,USD,5841.0,Yoga,yoga,2024-05-11,2024-W19,2024-05,2024,Secundarios
2024-05-11 10:41:43+00:00,UNFCU 🌏,Expense,Acommodation,7.3939575,USD,7080.0,,,2024-05-11,2024-W19,2024-05,2024,Gastos fijos
2024-05-11 11:07:36+00:00,UNFCU 🌏,Expense,Restaurant,5.79559375,USD,5549.0,,lunch,2024-05-11,2024-W19,2024-05,2024,Chao culpa
2024-05-11 13:45:35+00:00,UNFCU 🌏,Expense,Snacks & Coffee,3.5383625,USD,3388.0,,,2024-05-11,2024-W19,2024-05,2024,Chao culpa
2024-05-11 16:38:51+00:00,UNFCU 🌏,Expense,Snacks & Coffee,3.172325,USD,3038.0,,,2024-05-11,2024-W19,2024-05,2024,Chao culpa
2024-05-12 05:07:25+00:00,UNFCU 🌏,Expense,Sport,6.100625,USD,5841.0,Yoga kumal,yoga,2024-05-12,2024-W19,2024-05,2024,Secundarios
2024-05-12 06:17:11+00:00,UNFCU 🌏,Expense,Groceries,5.9786125,USD,5725.0,,,2024-05-12,2024-W19,2024-05,2024,Gastos fijos
2024-05-12 06:29:18+00:00,UNFCU 🌏,Expense,Acommodation,7.3939575,USD,7080.0,,,2024-05-12,2024-W19,2024-05,2024,Gastos fijos
2024-05-12 17:10:22+00:00,UNFCU 🌏,Expense,Restaurant,11.7132,USD,11216.0,,lunch,2024-05-12,2024-W19,2024-05,2024,Chao culpa
2024-05-12 17:10:31+00:00,UNFCU 🌏,Expense,Transport,5.4905625,USD,5257.0,,,2024-05-12,2024-W19,2024-05,2024,Gastos fijos
2024-05-12 17:10:55+00:00,UNFCU 🌏,Expense,Activities,3.660375,USD,3505.0,ecstatic dance,,2024-05-12,2024-W19,2024-05,2024,Chao culpa
2024-05-13 03:16:07+00:00,UNFCU 🌏,Expense,Other,17.9358375,USD,17174.0,"Withdraw cash with credit 3.5% of 42,000",comision,2024-05-13,2024-W20,2024-05,2024,Gastos fijos
2024-05-13 05:06:40+00:00,UNFCU 🌏,Expense,Sport,12.20125,USD,11683.0,Yoga with tip,yoga,2024-05-13,2024-W20,2024-05,2024,Secundarios
2024-05-13 05:25:41+00:00,UNFCU 🌏,Expense,Restaurant,4.2704375,USD,4089.0,Smoothie ,,2024-05-13,2024-W20,2024-05,2024,Chao culpa
2024-05-13 08:24:06+00:00,UNFCU 🌏,Expense,Activities,115.911875,USD,110987.0,Tusjita accommodation 10 day for course ,,2024-05-13,2024-W20,2024-05,2024,Chao culpa
2024-05-13 09:03:37+00:00,UNFCU 🌏,Expense,Transport,2.44025,USD,2337.0,,,2024-05-13,2024-W20,2024-05,2024,Gastos fijos
2024-05-14 06:16:08+00:00,UNFCU 🌏,Expense,Personal Care,4.8805,USD,4673.0,Tushita rental plumón ,,2024-05-14,2024-W20,2024-05,2024,Gastos fijos
2024-05-21 06:16:44+00:00,UNFCU 🌏,Expense,Personal Care,2.08641375,USD,1998.0,Laundry tushita,,2024-05-21,2024-W21,2024-05,2024,Gastos fijos
2024-05-22 16:02:36+00:00,UNFCU 🌏,Expense,Restaurant,5.124525,USD,4907.0,,dinner,2024-05-22,2024-W21,2024-05,2024,Chao culpa
2024-05-22 16:03:26+00:00,UNFCU 🌏,Expense,Alcohol,8.540875,USD,8178.0,,,2024-05-22,2024-W21,2024-05,2024,Chao culpa
2024-05-22 17:08:22+00:00,UNFCU 🌏,Expense,Restaurant,380.0,USD,363854.0,,,2024-05-22,2024-W21,2024-05,2024,Chao culpa
2024-05-23 06:15:17+00:00,UNFCU 🌏,Expense,Activities,411.70677875,USD,394213.0,Bodhi greens nature retreat 5 days,,2024-05-23,2024-W21,2024-05,2024,Chao culpa
2024-05-24 10:38:08+00:00,UNFCU 🌏,Expense,Shopping,36.60375,USD,35048.0,Two earing piercing holes,,2024-05-24,2024-W21,2024-05,2024,Chao culpa
2024-05-24 14:08:39+00:00,UNFCU 🌏,Expense,Groceries,8.7849,USD,8412.0,,,2024-05-24,2024-W21,2024-05,2024,Gastos fijos
2024-05-26 14:26:19+00:00,UNFCU 🌏,Expense,Snacks & Coffee,2.44025,USD,2337.0,,,2024-05-26,2024-W21,2024-05,2024,Chao culpa
2024-05-26 14:26:26+00:00,UNFCU 🌏,Expense,Snacks & Coffee,1.220125,USD,1168.0,,,2024-05-26,2024-W21,2024-05,2024,Chao culpa
2024-05-27 10:35:23+00:00,UNFCU 🌏,Expense,Snacks & Coffee,2.684275,USD,2570.0,,,2024-05-27,2024-W22,2024-05,2024,Chao culpa
2024-05-28 13:55:36+00:00,UNFCU 🌏,Expense,Transport,3.660375,USD,3505.0,,,2024-05-28,2024-W22,2024-05,2024,Gastos fijos
2024-05-28 13:55:45+00:00,UNFCU 🌏,Expense,Restaurant,2.13521875,USD,2044.0,,lunch,2024-05-28,2024-W22,2024-05,2024,Chao culpa
2024-05-28 13:55:55+00:00,UNFCU 🌏,Expense,Snacks & Coffee,0.9761,USD,935.0,,,2024-05-28,2024-W22,2024-05,2024,Chao culpa
2024-05-28 13:56:00+00:00,UNFCU 🌏,Expense,Snacks & Coffee,0.244025,USD,234.0,,,2024-05-28,2024-W22,2024-05,2024,Chao culpa
2024-05-28 13:56:05+00:00,UNFCU 🌏,Expense,Snacks & Coffee,0.732075,USD,701.0,,,2024-05-28,2024-W22,2024-05,2024,Chao culpa
2024-05-28 16:20:43+00:00,UNFCU 🌏,Expense,Restaurant,1.8301875,USD,1752.0,,dinner,2024-05-28,2024-W22,2024-05,2024,Chao culpa
2024-05-29 06:13:55+00:00,UNFCU 🌏,Expense,Acommodation,9.761,USD,9346.0,Moustache - dorm srinagar - 1 night,,2024-05-29,2024-W22,2024-05,2024,Gastos fijos
2024-05-29 06:17:37+00:00,UNFCU 🌏,Expense,Restaurant,0.244025,USD,234.0,Curd,breakfast,2024-05-29,2024-W22,2024-05,2024,Chao culpa
2024-05-29 07:12:53+00:00,UNFCU 🌏,Expense,Shopping,217.621495,USD,208375.0,diCAPac Wp s10 camera case underwater,,2024-05-29,2024-W22,2024-05,2024,Chao culpa
2024-05-29 09:41:38+00:00,UNFCU 🌏,Expense,Restaurant,2.44025,USD,2337.0,,lunch,2024-05-29,2024-W22,2024-05,2024,Chao culpa
2024-05-29 09:54:50+00:00,UNFCU 🌏,Expense,Groceries,14.15345,USD,13552.0,"Muesli, almonds, walnut, dates ",,2024-05-29,2024-W22,2024-05,2024,Gastos fijos
2024-05-29 16:57:47+00:00,UNFCU 🌏,Expense,Restaurant,4.8805,USD,4673.0,,dinner,2024-05-29,2024-W22,2024-05,2024,Chao culpa
2024-05-29 16:57:53+00:00,UNFCU 🌏,Expense,Transport,3.0503125,USD,2921.0,,,2024-05-29,2024-W22,2024-05,2024,Gastos fijos
2024-05-30 03:42:02+00:00,UNFCU 🌏,Expense,Acommodation,9.761,USD,9346.0,,,2024-05-30,2024-W22,2024-05,2024,Gastos fijos
2024-05-30 05:55:43+00:00,UNFCU 🌏,Expense,Restaurant,3.11131875,USD,2979.0,,dinner,2024-05-30,2024-W22,2024-05,2024,Chao culpa
2024-05-30 05:56:08+00:00,UNFCU 🌏,Expense,Restaurant,1.5861625,USD,1519.0,,breakfast,2024-05-30,2024-W22,2024-05,2024,Chao culpa
2024-05-30 06:09:58+00:00,UNFCU 🌏,Expense,Transport,0.244025,USD,234.0,,,2024-05-30,2024-W22,2024-05,2024,Gastos fijos
2024-05-30 10:08:06+00:00,UNFCU 🌏,Expense,Utilities,9.761,USD,9346.0,Si card Kashmir region,,2024-05-30,2024-W22,2024-05,2024,Gastos fijos
2024-05-30 10:08:27+00:00,UNFCU 🌏,Expense,Personal Care,1.220125,USD,1168.0,Haircut ,,2024-05-30,2024-W22,2024-05,2024,Gastos fijos
2024-05-30 10:23:01+00:00,UNFCU 🌏,Expense,Groceries,5.84439875,USD,5596.0,Toiletries shampoo conditioner etc,,2024-05-30,2024-W22,2024-05,2024,Gastos fijos
2024-05-30 11:09:56+00:00,UNFCU 🌏,Expense,Restaurant,4.8805,USD,4673.0,,lunch,2024-05-30,2024-W22,2024-05,2024,Chao culpa
2024-05-30 14:19:45+00:00,UNFCU 🌏,Expense,Snacks & Coffee,2.9283,USD,2804.0,,,2024-05-30,2024-W22,2024-05,2024,Chao culpa
2024-05-30 16:12:02+00:00,UNFCU 🌏,Expense,Transport,1.8301875,USD,1752.0,Bycycle rent,,2024-05-30,2024-W22,2024-05,2024,Gastos fijos
2024-05-31 02:49:26+00:00,UNFCU 🌏,Expense,Activities,14.6415,USD,14019.0,Paseo bote 1 hora shekara,,2024-05-31,2024-W22,2024-05,2024,Chao culpa
2024-05-31 05:56:25+00:00,UNFCU 🌏,Expense,Restaurant,0.244025,USD,234.0,,breakfast,2024-05-31,2024-W22,2024-05,2024,Chao culpa
2024-05-31 06:45:02+00:00,UNFCU 🌏,Expense,Transport,0.244025,USD,234.0,,,2024-05-31,2024-W22,2024-05,2024,Gastos fijos
2024-05-31 08:49:39+00:00,UNFCU 🌏,Expense,Transport,1.46415,USD,1402.0,Path chow to Anantnag,lunch,2024-05-31,2024-W22,2024-05,2024,Gastos fijos
2024-05-31 10:35:52+00:00,UNFCU 🌏,Expense,Restaurant,6.2226375,USD,5958.0,,lunch,2024-05-31,2024-W22,2024-05,2024,Chao culpa
2024-05-31 10:44:48+00:00,UNFCU 🌏,Expense,Restaurant,3.7823875,USD,3622.0,,dinner,2024-05-31,2024-W22,2024-05,2024,Chao culpa
2024-05-31 12:00:32+00:00,UNFCU 🌏,Expense,Acommodation,12.3232625,USD,11800.0,Zostel Pahalgam ,,2024-05-31,2024-W22,2024-05,2024,Gastos fijos
2024-05-31 15:20:46+00:00,UNFCU 🌏,Expense,Transport,0.3660375,USD,350.0,,,2024-05-31,2024-W22,2024-05,2024,Gastos fijos
2024-05-31 15:21:03+00:00,UNFCU 🌏,Expense,Transport,1.220125,USD,1168.0,,,2024-05-31,2024-W22,2024-05,2024,Gastos fijos
2024-05-31 16:11:40+00:00,UNFCU 🌏,Expense,Transport,3.660375,USD,3505.0,Sxooter,,2024-05-31,2024-W22,2024-05,2024,Gastos fijos
2024-06-01 09:46:37+00:00,UNFCU 🌏,Expense,Restaurant,7.32075,USD,6725.0,Fancy pizza with Sandesh ,lunch,2024-06-01,2024-W22,2024-06,2024,Chao culpa
2024-06-01 15:28:00+00:00,UNFCU 🌏,Expense,Transport,3.0503125,USD,2802.0,,,2024-06-01,2024-W22,2024-06,2024,Gastos fijos
2024-06-01 15:28:07+00:00,UNFCU 🌏,Expense,Transport,1.46415,USD,1345.0,,,2024-06-01,2024-W22,2024-06,2024,Gastos fijos
2024-06-01 15:28:37+00:00,UNFCU 🌏,Expense,Transport,0.244025,USD,224.0,,,2024-06-01,2024-W22,2024-06,2024,Gastos fijos
2024-06-01 15:28:45+00:00,UNFCU 🌏,Expense,Transport,1.46415,USD,1345.0,,,2024-06-01,2024-W22,2024-06,2024,Gastos fijos
2024-06-01 15:29:27+00:00,UNFCU 🌏,Expense,Restaurant,0.732075,USD,672.0,Curd,breakfast,2024-06-01,2024-W22,2024-06,2024,Chao culpa
2024-06-01 16:10:30+00:00,UNFCU 🌏,Expense,Acommodation,12.20125,USD,11208.0,,,2024-06-01,2024-W22,2024-06,2024,Gastos fijos
2024-06-01 16:10:57+00:00,UNFCU 🌏,Expense,Restaurant,6.8327,USD,6276.0,Chicken curry ,dinner,2024-06-01,2024-W22,2024-06,2024,Chao culpa
2024-06-02 01:13:20+00:00,UNFCU 🌏,Expense,Transport,4.2704375,USD,3923.0,Hostel to tourists stand taxi,taxi,2024-06-02,2024-W22,2024-06,2024,Gastos fijos
2024-06-02 01:13:46+00:00,UNFCU 🌏,Expense,Transport,42.704375,USD,39227.0,Srinagar to Leh,bus,2024-06-02,2024-W22,2024-06,2024,Gastos fijos
2024-06-02 02:26:27+00:00,UNFCU 🌏,Expense,Restaurant,1.220125,USD,1121.0,Omelet  ,dinner,2024-06-02,2024-W22,2024-06,2024,Chao culpa
2024-06-02 06:50:57+00:00,UNFCU 🌏,Expense,Groceries,0.48805,USD,448.0,,,2024-06-02,2024-W22,2024-06,2024,Gastos fijos
2024-06-02 06:51:03+00:00,UNFCU 🌏,Expense,Snacks & Coffee,0.244025,USD,224.0,,,2024-06-02,2024-W22,2024-06,2024,Chao culpa
2024-06-02 06:51:09+00:00,UNFCU 🌏,Expense,Snacks & Coffee,0.3660375,USD,336.0,,,2024-06-02,2024-W22,2024-06,2024,Chao culpa
2024-06-02 11:08:36+00:00,UNFCU 🌏,Expense,Groceries,2.44025,USD,2242.0,Cashews ,,2024-06-02,2024-W22,2024-06,2024,Gastos fijos
2024-06-02 11:08:41+00:00,UNFCU 🌏,Expense,Snacks & Coffee,0.244025,USD,224.0,,,2024-06-02,2024-W22,2024-06,2024,Chao culpa
2024-06-02 12:05:07+00:00,UNFCU 🌏,Expense,Restaurant,1.8301875,USD,1681.0,,lunch,2024-06-02,2024-W22,2024-06,2024,Chao culpa
2024-06-02 12:05:34+00:00,UNFCU 🌏,Expense,Restaurant,2.684275,USD,2466.0,Dal and bred omelet ,lunch,2024-06-02,2024-W22,2024-06,2024,Chao culpa
2024-06-02 13:53:25+00:00,UNFCU 🌏,Expense,Acommodation,6.76766734,USD,6217.0,Rayno hostel ladakh 1 night,,2024-06-02,2024-W22,2024-06,2024,Gastos fijos
2024-06-03 11:22:41+00:00,UNFCU 🌏,Expense,Restaurant,8.1748375,USD,7509.0,Bodhi terrace - burger,lunch,2024-06-03,2024-W23,2024-06,2024,Chao culpa
2024-06-03 12:06:06+00:00,UNFCU 🌏,Expense,Pharmacy ,0.8540875,USD,785.0,,,2024-06-03,2024-W23,2024-06,2024,Gastos fijos
2024-06-03 13:21:55+00:00,UNFCU 🌏,Expense,Restaurant,5.124525,USD,4707.0,,dinner,2024-06-03,2024-W23,2024-06,2024,Chao culpa
2024-06-03 13:22:15+00:00,UNFCU 🌏,Expense,Acommodation,6.77169375,USD,6220.0,,,2024-06-03,2024-W23,2024-06,2024,Gastos fijos
2024-06-04 02:25:54+00:00,UNFCU 🌏,Expense,Personal Care,0.6100625,USD,560.0,Towel,,2024-06-04,2024-W23,2024-06,2024,Gastos fijos
2024-06-04 02:26:07+00:00,UNFCU 🌏,Expense,Personal Care,1.220125,USD,1121.0,Laundry ,,2024-06-04,2024-W23,2024-06,2024,Gastos fijos
2024-06-04 05:55:24+00:00,UNFCU 🌏,Expense,Groceries,12.933325,USD,11880.0,,,2024-06-04,2024-W23,2024-06,2024,Gastos fijos
2024-06-04 07:58:35+00:00,UNFCU 🌏,Expense,Snacks & Coffee,1.5861625,USD,1457.0,,,2024-06-04,2024-W23,2024-06,2024,Chao culpa
2024-06-04 07:58:44+00:00,UNFCU 🌏,Expense,Acommodation,6.77169375,USD,6220.0,,,2024-06-04,2024-W23,2024-06,2024,Gastos fijos
2024-06-04 10:31:20+00:00,UNFCU 🌏,Expense,Restaurant,6.4666625,USD,5940.0,,lunch,2024-06-04,2024-W23,2024-06,2024,Chao culpa
2024-06-04 10:38:05+00:00,UNFCU 🌏,Expense,Groceries,0.732075,USD,672.0,,,2024-06-04,2024-W23,2024-06,2024,Gastos fijos
2024-06-04 14:22:01+00:00,UNFCU 🌏,Expense,Restaurant,3.9044,USD,3587.0,,dinner,2024-06-04,2024-W23,2024-06,2024,Chao culpa
2024-06-05 04:36:37+00:00,UNFCU 🌏,Expense,Transport,47.584875,USD,43711.0,Nubra valley shared taxi,taxi,2024-06-05,2024-W23,2024-06,2024,Gastos fijos
2024-06-05 08:44:07+00:00,UNFCU 🌏,Expense,Restaurant,5.124525,USD,4707.0,,lunch,2024-06-05,2024-W23,2024-06,2024,Chao culpa
2024-06-05 08:44:18+00:00,UNFCU 🌏,Expense,Other,7.9308125,USD,7285.0,Permit ladakh ,,2024-06-05,2024-W23,2024-06,2024,Gastos fijos
2024-06-05 15:05:55+00:00,UNFCU 🌏,Expense,Restaurant,3.172325,USD,2914.0,,dinner,2024-06-05,2024-W23,2024-06,2024,Chao culpa
2024-06-05 15:06:01+00:00,UNFCU 🌏,Expense,Acommodation,6.100625,USD,5604.0,,,2024-06-05,2024-W23,2024-06,2024,Gastos fijos
2024-06-06 05:58:37+00:00,UNFCU 🌏,Expense,Acommodation,3.660375,USD,3362.0,,,2024-06-06,2024-W23,2024-06,2024,Gastos fijos
2024-06-06 08:30:53+00:00,UNFCU 🌏,Expense,Snacks & Coffee,0.6100625,USD,560.0,,,2024-06-06,2024-W23,2024-06,2024,Chao culpa
2024-06-06 09:17:34+00:00,UNFCU 🌏,Expense,Restaurant,4.8805,USD,4483.0,Balti food - moskot,lunch,2024-06-06,2024-W23,2024-06,2024,Chao culpa
2024-06-06 12:21:57+00:00,UNFCU 🌏,Expense,Snacks & Coffee,1.220125,USD,1121.0,,,2024-06-06,2024-W23,2024-06,2024,Chao culpa
2024-06-06 15:04:39+00:00,UNFCU 🌏,Expense,Restaurant,5.7345875,USD,5268.0,,dinner,2024-06-06,2024-W23,2024-06,2024,Chao culpa
2024-06-07 05:58:21+00:00,UNFCU 🌏,Expense,Restaurant,1.46415,USD,1345.0,,breakfast,2024-06-07,2024-W23,2024-06,2024,Chao culpa
2024-06-07 09:28:43+00:00,UNFCU 🌏,Expense,Acommodation,6.8327,USD,6276.0,,,2024-06-07,2024-W23,2024-06,2024,Gastos fijos
2024-06-07 14:43:56+00:00,UNFCU 🌏,Expense,Restaurant,3.41635,USD,3138.0,,dinner,2024-06-07,2024-W23,2024-06,2024,Chao culpa
2024-06-08 09:21:59+00:00,UNFCU 🌏,Expense,Restaurant,2.3182375,USD,2129.0, vg burger ,lunch,2024-06-08,2024-W23,2024-06,2024,Chao culpa
2024-06-08 09:28:34+00:00,UNFCU 🌏,Expense,Acommodation,6.8327,USD,6276.0,,,2024-06-08,2024-W23,2024-06,2024,Gastos fijos
2024-06-08 09:29:04+00:00,UNFCU 🌏,Expense,Groceries,4.8805,USD,4483.0,Muesli ,,2024-06-08,2024-W23,2024-06,2024,Gastos fijos
2024-06-08 12:38:16+00:00,UNFCU 🌏,Expense,Snacks & Coffee,3.660375,USD,3362.0,Coffee and donut,,2024-06-08,2024-W23,2024-06,2024,Chao culpa
2024-06-08 14:16:06+00:00,UNFCU 🌏,Expense,Restaurant,6.34465,USD,5828.0,Tibetan kitchen ,dinner,2024-06-08,2024-W23,2024-06,2024,Chao culpa
2024-06-08 14:43:41+00:00,UNFCU 🌏,Expense,Personal Care,0.6100625,USD,560.0,Towel,,2024-06-08,2024-W23,2024-06,2024,Gastos fijos
2024-06-09 14:01:16+00:00,UNFCU 🌏,Expense,Restaurant,8.9069125,USD,8182.0,Haha Japanese - matcha cafe y snacks,,2024-06-09,2024-W23,2024-06,2024,Chao culpa
2024-06-10 02:40:07+00:00,UNFCU 🌏,Expense,Snacks & Coffee,1.220125,USD,1121.0,,,2024-06-10,2024-W24,2024-06,2024,Chao culpa
2024-06-10 09:20:05+00:00,UNFCU 🌏,Expense,Restaurant,2.8062875,USD,2578.0,,dinner,2024-06-10,2024-W24,2024-06,2024,Chao culpa
2024-06-10 10:34:44+00:00,UNFCU 🌏,Expense,Restaurant,6.8327,USD,6276.0,,lunch,2024-06-10,2024-W24,2024-06,2024,Chao culpa
2024-06-10 16:58:56+00:00,UNFCU 🌏,Expense,Acommodation,6.8327,USD,6276.0,,,2024-06-10,2024-W24,2024-06,2024,Gastos fijos
2024-06-10 16:59:05+00:00,UNFCU 🌏,Expense,Restaurant,0.8540875,USD,785.0,Dahi 2,breakfast,2024-06-10,2024-W24,2024-06,2024,Chao culpa
2024-06-10 18:46:28+00:00,UNFCU 🌏,Expense,Acommodation,10.21244625,USD,9381.0,,,2024-06-10,2024-W24,2024-06,2024,Gastos fijos
2024-06-11 02:39:37+00:00,UNFCU 🌏,Expense,Transport,42.704375,USD,39227.0,,bus,2024-06-11,2024-W24,2024-06,2024,Gastos fijos
2024-06-11 02:39:45+00:00,UNFCU 🌏,Expense,Snacks & Coffee,0.48805,USD,448.0,,,2024-06-11,2024-W24,2024-06,2024,Chao culpa
2024-06-11 09:19:53+00:00,UNFCU 🌏,Expense,Restaurant,3.2943375,USD,3026.0,,lunch,2024-06-11,2024-W24,2024-06,2024,Chao culpa
2024-06-11 15:33:46+00:00,UNFCU 🌏,Expense,Restaurant,2.0742125,USD,1905.0,,dinner,2024-06-11,2024-W24,2024-06,2024,Chao culpa
2024-06-12 07:00:02+00:00,UNFCU 🌏,Expense,Restaurant,4.2704375,USD,3923.0,,dinner,2024-06-12,2024-W24,2024-06,2024,Chao culpa
2024-06-12 11:27:44+00:00,UNFCU 🌏,Expense,Restaurant,6.7106875,USD,6164.0,,lunch,2024-06-12,2024-W24,2024-06,2024,Chao culpa
2024-06-12 11:43:10+00:00,UNFCU 🌏,Expense,Snacks & Coffee,1.220125,USD,1121.0,,,2024-06-12,2024-W24,2024-06,2024,Chao culpa
2024-06-12 13:12:21+00:00,UNFCU 🌏,Expense,Acommodation,10.21244625,USD,9381.0,,,2024-06-12,2024-W24,2024-06,2024,Gastos fijos
2024-06-12 13:13:06+00:00,UNFCU 🌏,Expense,Utilities,3.660375,USD,3362.0,,,2024-06-12,2024-W24,2024-06,2024,Gastos fijos
2024-06-12 13:13:16+00:00,UNFCU 🌏,Expense,Snacks & Coffee,1.8301875,USD,1681.0,,,2024-06-12,2024-W24,2024-06,2024,Chao culpa
2024-06-13 06:58:59+00:00,UNFCU 🌏,Expense,Restaurant,4.2704375,USD,3923.0,,lunch,2024-06-13,2024-W24,2024-06,2024,Chao culpa
2024-06-13 06:59:09+00:00,UNFCU 🌏,Expense,Transport,3.660375,USD,3362.0,,taxi,2024-06-13,2024-W24,2024-06,2024,Gastos fijos
2024-06-13 06:59:27+00:00,UNFCU 🌏,Expense,Groceries,4.2704375,USD,3923.0,,,2024-06-13,2024-W24,2024-06,2024,Gastos fijos
2024-06-13 10:57:14+00:00,UNFCU 🌏,Expense,Transport,11.57898625,USD,10636.0,manali to dharamshala,bus,2024-06-13,2024-W24,2024-06,2024,Gastos fijos
2024-06-13 14:28:41+00:00,UNFCU 🌏,Expense,Acommodation,8.1748375,USD,7509.0,Alt life Dharamkot ,,2024-06-13,2024-W24,2024-06,2024,Gastos fijos
2024-06-13 15:50:51+00:00,UNFCU 🌏,Expense,Restaurant,3.1967275,USD,2936.0,,dinner,2024-06-13,2024-W24,2024-06,2024,Chao culpa
2024-06-14 05:11:57+00:00,UNFCU 🌏,Expense,Sport,6.100625,USD,5604.0,,yoga,2024-06-14,2024-W24,2024-06,2024,Secundarios
2024-06-14 08:17:30+00:00,UNFCU 🌏,Expense,Acommodation,4.8805,USD,4483.0,,,2024-06-14,2024-W24,2024-06,2024,Gastos fijos
2024-06-14 08:17:51+00:00,UNFCU 🌏,Expense,Restaurant,4.0264125,USD,3699.0,,breakfast,2024-06-14,2024-W24,2024-06,2024,Chao culpa
2024-06-14 10:24:50+00:00,UNFCU 🌏,Expense,Restaurant,8.29685,USD,7621.0,,lunch,2024-06-14,2024-W24,2024-06,2024,Chao culpa
2024-06-14 13:07:40+00:00,UNFCU 🌏,Expense,Shopping,18.301875,USD,16812.0,3 argollas buenas,,2024-06-14,2024-W24,2024-06,2024,Chao culpa
2024-06-14 13:10:51+00:00,UNFCU 🌏,Expense,Restaurant,7.32075,USD,6725.0,,lunch,2024-06-14,2024-W24,2024-06,2024,Chao culpa
2024-06-14 13:23:21+00:00,UNFCU 🌏,Expense,Groceries,4.636475,USD,4259.0,Muesli ,,2024-06-14,2024-W24,2024-06,2024,Gastos fijos
2024-06-14 14:52:12+00:00,UNFCU 🌏,Expense,Restaurant,3.2943375,USD,3026.0,,dinner,2024-06-14,2024-W24,2024-06,2024,Chao culpa
2024-06-15 05:11:43+00:00,UNFCU 🌏,Expense,Sport,6.100625,USD,5604.0,,yoga,2024-06-15,2024-W24,2024-06,2024,Secundarios
2024-06-15 06:28:26+00:00,UNFCU 🌏,Expense,Acommodation,4.8805,USD,4483.0,,,2024-06-15,2024-W24,2024-06,2024,Gastos fijos
2024-06-15 06:29:48+00:00,UNFCU 🌏,Expense,Restaurant,7.32075,USD,6725.0,Pizza margarita sunset cafe,lunch,2024-06-15,2024-W24,2024-06,2024,Chao culpa
2024-06-15 08:11:06+00:00,UNFCU 🌏,Expense,Restaurant,3.660375,USD,3362.0,,breakfast,2024-06-15,2024-W24,2024-06,2024,Chao culpa
2024-06-15 15:49:29+00:00,UNFCU 🌏,Expense,Snacks & Coffee,0.732075,USD,672.0,,,2024-06-15,2024-W24,2024-06,2024,Chao culpa
2024-06-15 15:57:16+00:00,UNFCU 🌏,Expense,Activities,3.660375,USD,3362.0,Jungle clsiing Latin ,,2024-06-15,2024-W24,2024-06,2024,Chao culpa
2024-06-15 20:16:31+00:00,UNFCU 🌏,Expense,Acommodation,11.12754,USD,10222.0,,,2024-06-15,2024-W24,2024-06,2024,Gastos fijos
2024-06-15 20:22:29+00:00,UNFCU 🌏,Expense,Transport,19.11935875,USD,17563.0,Dharamsala to Chandigarh ,bus,2024-06-15,2024-W24,2024-06,2024,Gastos fijos
2024-06-16 06:28:38+00:00,UNFCU 🌏,Expense,Sport,6.100625,USD,5604.0,,yoga,2024-06-16,2024-W24,2024-06,2024,Secundarios
2024-06-16 10:50:21+00:00,UNFCU 🌏,Expense,Restaurant,2.684275,USD,2466.0,,dinner,2024-06-16,2024-W24,2024-06,2024,Chao culpa
2024-06-16 10:50:34+00:00,UNFCU 🌏,Expense,Restaurant,3.7823875,USD,3474.0,,lunch,2024-06-16,2024-W24,2024-06,2024,Chao culpa
2024-06-16 13:23:22+00:00,UNFCU 🌏,Expense,Restaurant,2.0742125,USD,1905.0,,dinner,2024-06-16,2024-W24,2024-06,2024,Chao culpa
2024-06-16 13:23:37+00:00,UNFCU 🌏,Expense,Snacks & Coffee,5.2465375,USD,4819.0,,,2024-06-16,2024-W24,2024-06,2024,Chao culpa
2024-06-16 20:23:11+00:00,UNFCU 🌏,Expense,Transport,10.2734525,USD,9437.0,Chandigarh Delhi ,bus,2024-06-16,2024-W24,2024-06,2024,Gastos fijos
2024-06-17 03:02:14+00:00,UNFCU 🌏,Expense,Shopping,841.88625,USD,773340.0,dji drone mini pro 3 used,photography ,2024-06-17,2024-W25,2024-06,2024,Chao culpa
2024-06-17 07:25:00+00:00,UNFCU 🌏,Expense,Transport,1.5861625,USD,1457.0,,taxi,2024-06-17,2024-W25,2024-06,2024,Gastos fijos
2024-06-17 07:25:10+00:00,UNFCU 🌏,Expense,Transport,1.17132,USD,1076.0,,taxi,2024-06-17,2024-W25,2024-06,2024,Gastos fijos
2024-06-17 07:25:37+00:00,UNFCU 🌏,Expense,Restaurant,1.8301875,USD,1681.0,,"breakfast,lunch",2024-06-17,2024-W25,2024-06,2024,Chao culpa
2024-06-17 09:37:05+00:00,UNFCU 🌏,Expense,Restaurant,3.953205,USD,3631.0,Burger king,lunch,2024-06-17,2024-W25,2024-06,2024,Chao culpa
2024-06-17 14:30:49+00:00,UNFCU 🌏,Expense,Transport,1.9522,USD,1793.0,,taxi,2024-06-17,2024-W25,2024-06,2024,Gastos fijos
2024-06-17 16:41:52+00:00,UNFCU 🌏,Expense,Acommodation,8.0,USD,7349.0,hosteller new delhi,,2024-06-17,2024-W25,2024-06,2024,Gastos fijos
2024-06-17 17:25:39+00:00,UNFCU 🌏,Expense,Groceries,13.45797875,USD,12362.0,,,2024-06-17,2024-W25,2024-06,2024,Gastos fijos
2024-06-18 02:14:15+00:00,UNFCU 🌏,Expense,Shopping,810.159415,USD,744196.0,Drone dji mini pro 3 - usado India,photography ,2024-06-18,2024-W25,2024-06,2024,Chao culpa
2024-06-18 04:31:21+00:00,UNFCU 🌏,Expense,Snacks & Coffee,2.44025,USD,2242.0,,,2024-06-18,2024-W25,2024-06,2024,Chao culpa
2024-06-18 04:31:35+00:00,UNFCU 🌏,Expense,Snacks & Coffee,3.660375,USD,3362.0,Airport coffee ,,2024-06-18,2024-W25,2024-06,2024,Chao culpa
2024-06-18 04:32:08+00:00,UNFCU 🌏,Expense,Transport,4.6608775,USD,4281.0,To Delhi Airport ,taxi,2024-06-18,2024-W25,2024-06,2024,Gastos fijos
2024-06-18 06:30:23+00:00,UNFCU 🌏,Expense,Flights,71.889765,USD,66037.0,Delhi Chennai ,,2024-06-18,2024-W25,2024-06,2024,Otros
2024-06-18 10:13:50+00:00,UNFCU 🌏,Expense,Shopping,9.01672375,USD,8283.0,Sd card micro 64gb sandisk,,2024-06-18,2024-W25,2024-06,2024,Chao culpa
2024-06-18 13:49:33+00:00,UNFCU 🌏,Expense,Restaurant,4.79509125,USD,4405.0,Best dosa - ghee roast ,lunch,2024-06-18,2024-W25,2024-06,2024,Chao culpa
2024-06-18 13:50:52+00:00,UNFCU 🌏,Expense,Transport,2.0742125,USD,1905.0,To store one fallido ,taxi,2024-06-18,2024-W25,2024-06,2024,Gastos fijos
2024-06-18 13:51:13+00:00,UNFCU 🌏,Expense,Transport,2.0742125,USD,1905.0,Segundo para comprar sd,taxi,2024-06-18,2024-W25,2024-06,2024,Gastos fijos
2024-06-18 17:26:22+00:00,UNFCU 🌏,Expense,Transport,12.8113125,USD,11768.0,chennai to mandapam,bus,2024-06-18,2024-W25,2024-06,2024,Gastos fijos
2024-06-19 09:00:04+00:00,UNFCU 🌏,Expense,Transport,9.761,USD,8966.0,Rental,,2024-06-19,2024-W25,2024-06,2024,Gastos fijos
2024-06-19 09:00:11+00:00,UNFCU 🌏,Expense,Groceries,0.48805,USD,448.0,,,2024-06-19,2024-W25,2024-06,2024,Gastos fijos
2024-06-19 09:00:18+00:00,UNFCU 🌏,Expense,Restaurant,1.0981125,USD,1009.0,,lunch,2024-06-19,2024-W25,2024-06,2024,Chao culpa
2024-06-19 14:09:06+00:00,UNFCU 🌏,Expense,Snacks & Coffee,0.18301875,USD,168.0,,,2024-06-19,2024-W25,2024-06,2024,Chao culpa
2024-06-19 14:09:17+00:00,UNFCU 🌏,Expense,Restaurant,2.8062875,USD,2578.0,,dinner,2024-06-19,2024-W25,2024-06,2024,Chao culpa
2024-06-19 14:14:42+00:00,UNFCU 🌏,Expense,Acommodation,14.202255,USD,13046.0,,,2024-06-19,2024-W25,2024-06,2024,Gastos fijos
2024-06-20 05:45:06+00:00,UNFCU 🌏,Expense,Activities,15.861625,USD,14570.0,Seaweed women ,,2024-06-20,2024-W25,2024-06,2024,Chao culpa
2024-06-20 07:17:06+00:00,UNFCU 🌏,Expense,Acommodation,14.21445625,USD,13057.0,,,2024-06-20,2024-W25,2024-06,2024,Gastos fijos
2024-06-20 08:29:46+00:00,UNFCU 🌏,Expense,Restaurant,7.076725,USD,6501.0,,lunch,2024-06-20,2024-W25,2024-06,2024,Chao culpa
2024-06-20 14:03:42+00:00,UNFCU 🌏,Expense,Restaurant,4.148425,USD,3811.0,,dinner,2024-06-20,2024-W25,2024-06,2024,Chao culpa
2024-06-20 14:04:02+00:00,UNFCU 🌏,Expense,Transport,9.761,USD,8966.0,Rwnt,,2024-06-20,2024-W25,2024-06,2024,Gastos fijos
2024-06-21 07:17:38+00:00,UNFCU 🌏,Expense,Acommodation,20.31508125,USD,18661.0,With ac,,2024-06-21,2024-W25,2024-06,2024,Gastos fijos
2024-06-21 07:17:53+00:00,UNFCU 🌏,Expense,Transport,7.32075,USD,6725.0,Bikw rent ,,2024-06-21,2024-W25,2024-06,2024,Gastos fijos
2024-06-21 07:18:10+00:00,UNFCU 🌏,Expense,Restaurant,3.660375,USD,3362.0,Rice and water,,2024-06-21,2024-W25,2024-06,2024,Chao culpa
2024-06-21 07:18:23+00:00,UNFCU 🌏,Expense,Groceries,0.48805,USD,448.0,,,2024-06-21,2024-W25,2024-06,2024,Gastos fijos
2024-06-21 07:18:45+00:00,UNFCU 🌏,Expense,Groceries,0.6100625,USD,560.0,,,2024-06-21,2024-W25,2024-06,2024,Gastos fijos
2024-06-22 06:29:58+00:00,UNFCU 🌏,Expense,Acommodation,10.40156563,USD,9555.0,,,2024-06-22,2024-W25,2024-06,2024,Gastos fijos
2024-06-22 06:30:15+00:00,UNFCU 🌏,Expense,Restaurant,3.660375,USD,3362.0,,dinner,2024-06-22,2024-W25,2024-06,2024,Chao culpa
2024-06-22 08:23:37+00:00,UNFCU 🌏,Expense,Transport,2.44025,USD,2242.0,Bus stand rameswaram,taxi,2024-06-22,2024-W25,2024-06,2024,Gastos fijos
2024-06-22 08:37:38+00:00,UNFCU 🌏,Expense,Transport,2.3182375,USD,2129.0,Ramwswaran to madurai,bus,2024-06-22,2024-W25,2024-06,2024,Gastos fijos
2024-06-22 12:29:30+00:00,UNFCU 🌏,Expense,Transport,0.64666625,USD,594.0,,,2024-06-22,2024-W25,2024-06,2024,Gastos fijos
2024-06-23 06:29:40+00:00,UNFCU 🌏,Expense,Acommodation,10.40156563,USD,9555.0,,,2024-06-23,2024-W25,2024-06,2024,Gastos fijos
2024-06-23 06:30:33+00:00,UNFCU 🌏,Expense,Restaurant,1.220125,USD,1121.0,,breakfast,2024-06-23,2024-W25,2024-06,2024,Chao culpa
2024-06-23 10:47:05+00:00,UNFCU 🌏,Expense,Restaurant,1.03710625,USD,953.0,,lunch,2024-06-23,2024-W25,2024-06,2024,Chao culpa
2024-06-23 11:08:33+00:00,UNFCU 🌏,Expense,Transport,1.8301875,USD,1681.0,,taxi,2024-06-23,2024-W25,2024-06,2024,Gastos fijos
2024-06-23 11:13:16+00:00,UNFCU 🌏,Expense,Snacks & Coffee,0.8540875,USD,785.0,,,2024-06-23,2024-W25,2024-06,2024,Chao culpa
2024-06-23 13:39:55+00:00,UNFCU 🌏,Expense,Transport,1.0493075,USD,964.0,,,2024-06-23,2024-W25,2024-06,2024,Gastos fijos
2024-06-23 13:40:01+00:00,UNFCU 🌏,Expense,Restaurant,0.9761,USD,897.0,,,2024-06-23,2024-W25,2024-06,2024,Chao culpa
2024-06-23 13:40:19+00:00,UNFCU 🌏,Expense,Activities,0.6100625,USD,560.0,,,2024-06-23,2024-W25,2024-06,2024,Chao culpa
2024-06-23 13:40:26+00:00,UNFCU 🌏,Expense,Activities,1.220125,USD,1121.0,,,2024-06-23,2024-W25,2024-06,2024,Chao culpa
2024-06-24 07:18:16+00:00,UNFCU 🌏,Expense,Snacks & Coffee,0.3660375,USD,336.0,,,2024-06-24,2024-W26,2024-06,2024,Chao culpa
2024-06-24 07:18:27+00:00,UNFCU 🌏,Expense,Transport,1.9522,USD,1793.0,,taxi,2024-06-24,2024-W26,2024-06,2024,Gastos fijos
2024-06-24 07:18:39+00:00,UNFCU 🌏,Expense,Restaurant,1.8301875,USD,1681.0,,lunch,2024-06-24,2024-W26,2024-06,2024,Chao culpa
2024-06-24 07:21:17+00:00,UNFCU 🌏,Expense,Acommodation,12.28055813,USD,11281.0,Zostel kodaikanal,,2024-06-24,2024-W26,2024-06,2024,Gastos fijos
2024-06-24 07:56:17+00:00,UNFCU 🌏,Expense,Transport,2.44025,USD,2242.0,Madurai to kodaikanal 100 extra for extra seat backpack ,bus,2024-06-24,2024-W26,2024-06,2024,Gastos fijos
2024-06-25 06:56:12+00:00,UNFCU 🌏,Expense,Restaurant,6.64968125,USD,6108.0,,dinner,2024-06-25,2024-W26,2024-06,2024,Chao culpa
2024-06-25 11:23:37+00:00,UNFCU 🌏,Expense,Groceries,5.36855,USD,4931.0,,,2024-06-25,2024-W26,2024-06,2024,Gastos fijos
2024-06-25 11:23:45+00:00,UNFCU 🌏,Expense,Restaurant,3.660375,USD,3362.0,,lunch,2024-06-25,2024-W26,2024-06,2024,Chao culpa
2024-06-25 11:23:52+00:00,UNFCU 🌏,Expense,Snacks & Coffee,0.9761,USD,897.0,,,2024-06-25,2024-W26,2024-06,2024,Chao culpa
2024-06-25 12:01:46+00:00,UNFCU 🌏,Expense,Other,4.8805,USD,4483.0,Post toiletrie bag zostel Pahalgam ,,2024-06-25,2024-W26,2024-06,2024,Gastos fijos
2024-06-25 12:01:58+00:00,UNFCU 🌏,Expense,Transport,1.220125,USD,1121.0,,taxi,2024-06-25,2024-W26,2024-06,2024,Gastos fijos
2024-06-26 06:55:03+00:00,UNFCU 🌏,Expense,Restaurant,0.634465,USD,583.0,,breakfast,2024-06-26,2024-W26,2024-06,2024,Chao culpa
2024-06-26 07:07:41+00:00,UNFCU 🌏,Expense,Acommodation,14.6415,USD,13449.0,,,2024-06-26,2024-W26,2024-06,2024,Gastos fijos
2024-06-26 09:58:29+00:00,UNFCU 🌏,Expense,Restaurant,3.50175875,USD,3217.0,,dinner,2024-06-26,2024-W26,2024-06,2024,Chao culpa
2024-06-26 09:58:47+00:00,UNFCU 🌏,Expense,Restaurant,3.45295375,USD,3172.0,,lunch,2024-06-26,2024-W26,2024-06,2024,Chao culpa
2024-06-27 06:37:07+00:00,UNFCU 🌏,Expense,Acommodation,16.349675,USD,15018.0,,,2024-06-27,2024-W26,2024-06,2024,Gastos fijos
2024-06-27 09:57:46+00:00,UNFCU 🌏,Expense,Restaurant,0.634465,USD,583.0,,breakfast,2024-06-27,2024-W26,2024-06,2024,Chao culpa
2024-06-27 11:53:17+00:00,UNFCU 🌏,Expense,Groceries,14.94653125,USD,13730.0,,,2024-06-27,2024-W26,2024-06,2024,Gastos fijos
2024-06-27 12:59:01+00:00,UNFCU 🌏,Expense,Transport,2.44025,USD,2242.0,,taxi,2024-06-27,2024-W26,2024-06,2024,Gastos fijos
2024-06-27 12:59:10+00:00,UNFCU 🌏,Expense,Restaurant,3.41635,USD,3138.0,,lunch,2024-06-27,2024-W26,2024-06,2024,Chao culpa
2024-06-28 09:56:22+00:00,UNFCU 🌏,Expense,Acommodation,16.349675,USD,15018.0,,,2024-06-28,2024-W26,2024-06,2024,Gastos fijos
2024-06-28 09:57:33+00:00,UNFCU 🌏,Expense,Restaurant,0.634465,USD,583.0,,breakfast,2024-06-28,2024-W26,2024-06,2024,Chao culpa
2024-06-28 13:12:25+00:00,UNFCU 🌏,Expense,Restaurant,1.76918125,USD,1625.0,,lunch,2024-06-28,2024-W26,2024-06,2024,Chao culpa
2024-06-28 14:01:16+00:00,UNFCU 🌏,Expense,Restaurant,0.6100625,USD,560.0,Dosa,dinner,2024-06-28,2024-W26,2024-06,2024,Chao culpa
2024-06-29 02:14:27+00:00,UNFCU 🌏,Expense,Education,2.76195808,USD,2537.0,Fotografía aérea con drones domestika,,2024-06-29,2024-W26,2024-06,2024,Secundarios
2024-06-29 03:30:31+00:00,UNFCU 🌏,Expense,Restaurant,1.708175,USD,1569.0,,lunch,2024-06-29,2024-W26,2024-06,2024,Chao culpa
2024-06-29 03:30:45+00:00,UNFCU 🌏,Expense,Acommodation,14.6415,USD,13449.0,,,2024-06-29,2024-W26,2024-06,2024,Gastos fijos
2024-06-30 09:33:06+00:00,UNFCU 🌏,Expense,Transport,4.8805,USD,4483.0,Dolphin nose ,taxi,2024-06-30,2024-W26,2024-06,2024,Gastos fijos
2024-06-30 09:33:32+00:00,UNFCU 🌏,Expense,Restaurant,5.2465375,USD,4819.0,Altaf cafe,lunch,2024-06-30,2024-W26,2024-06,2024,Chao culpa
2024-07-01 08:07:53+00:00,UNFCU 🌏,Expense,Transport,1.2445275,USD,1172.0,,bus,2024-07-01,2024-W27,2024-07,2024,Gastos fijos
2024-07-01 08:08:10+00:00,UNFCU 🌏,Expense,Snacks & Coffee,0.8540875,USD,805.0,,,2024-07-01,2024-W27,2024-07,2024,Chao culpa
2024-07-01 08:12:04+00:00,UNFCU 🌏,Expense,Acommodation,6.7106875,USD,6322.0,,,2024-07-01,2024-W27,2024-07,2024,Gastos fijos
2024-07-01 09:03:17+00:00,UNFCU 🌏,Expense,Snacks & Coffee,0.3660375,USD,345.0,,,2024-07-01,2024-W27,2024-07,2024,Chao culpa
2024-07-01 09:03:25+00:00,UNFCU 🌏,Expense,Restaurant,0.244025,USD,230.0,,lunch,2024-07-01,2024-W27,2024-07,2024,Chao culpa
2024-07-01 12:35:25+00:00,UNFCU 🌏,Expense,Transport,1.8301875,USD,1724.0,,taxi,2024-07-01,2024-W27,2024-07,2024,Gastos fijos
2024-07-01 12:35:33+00:00,UNFCU 🌏,Expense,Transport,2.8062875,USD,2644.0,,taxi,2024-07-01,2024-W27,2024-07,2024,Gastos fijos
2024-07-01 12:35:48+00:00,UNFCU 🌏,Expense,Restaurant,1.8301875,USD,1724.0,Biryani,dinner,2024-07-01,2024-W27,2024-07,2024,Chao culpa
2024-07-01 14:18:23+00:00,UNFCU 🌏,Expense,Subscriptions,3.660375,USD,3448.0,Darkroom rumour,,2024-07-01,2024-W27,2024-07,2024,Gastos fijos
2024-07-02 10:25:03+00:00,UNFCU 🌏,Expense,Transport,6.100625,USD,5747.0,Rwnr day 1,,2024-07-02,2024-W27,2024-07,2024,Gastos fijos
2024-07-02 10:25:21+00:00,UNFCU 🌏,Expense,Restaurant,1.46415,USD,1379.0,,dinner,2024-07-02,2024-W27,2024-07,2024,Chao culpa
2024-07-02 10:25:46+00:00,UNFCU 🌏,Expense,Restaurant,5.8566,USD,5517.0,Fish ,lunch,2024-07-02,2024-W27,2024-07,2024,Chao culpa
2024-07-02 10:26:04+00:00,UNFCU 🌏,Expense,Acommodation,6.100625,USD,5747.0,Backpackers night2,,2024-07-02,2024-W27,2024-07,2024,Gastos fijos
2024-07-02 10:26:31+00:00,UNFCU 🌏,Expense,Snacks & Coffee,0.48805,USD,460.0,,,2024-07-02,2024-W27,2024-07,2024,Chao culpa
2024-07-03 03:52:10+00:00,UNFCU 🌏,Expense,Restaurant,2.44025,USD,2299.0,,dinner,2024-07-03,2024-W27,2024-07,2024,Chao culpa
2024-07-03 03:52:17+00:00,UNFCU 🌏,Expense,Restaurant,1.46415,USD,1379.0,,lunch,2024-07-03,2024-W27,2024-07,2024,Chao culpa
2024-07-03 03:52:40+00:00,UNFCU 🌏,Expense,Transport,6.100625,USD,5747.0,Rent day 3,,2024-07-03,2024-W27,2024-07,2024,Gastos fijos
2024-07-03 08:10:35+00:00,UNFCU 🌏,Expense,Acommodation,6.7106875,USD,6322.0,,,2024-07-03,2024-W27,2024-07,2024,Gastos fijos
2024-07-03 10:24:34+00:00,UNFCU 🌏,Expense,Groceries,5.91760625,USD,5575.0,,,2024-07-03,2024-W27,2024-07,2024,Gastos fijos
2024-07-03 10:24:51+00:00,UNFCU 🌏,Expense,Transport,6.100625,USD,5747.0,Day rent 2,,2024-07-03,2024-W27,2024-07,2024,Gastos fijos
2024-07-04 08:10:53+00:00,UNFCU 🌏,Expense,Acommodation,6.7106875,USD,6322.0,,,2024-07-04,2024-W27,2024-07,2024,Gastos fijos
2024-07-04 08:11:06+00:00,UNFCU 🌏,Expense,Restaurant,0.9761,USD,920.0,Parotha,breakfast,2024-07-04,2024-W27,2024-07,2024,Chao culpa
2024-07-04 08:11:28+00:00,UNFCU 🌏,Expense,Transport,6.100625,USD,5747.0,Rent day 3,,2024-07-04,2024-W27,2024-07,2024,Gastos fijos
2024-07-04 08:43:34+00:00,UNFCU 🌏,Expense,Transport,3.660375,USD,3448.0,Gas,,2024-07-04,2024-W27,2024-07,2024,Gastos fijos
2024-07-04 09:52:38+00:00,UNFCU 🌏,Expense,Snacks & Coffee,1.708175,USD,1609.0,French fries and juice ,,2024-07-04,2024-W27,2024-07,2024,Chao culpa
2024-07-04 10:30:55+00:00,UNFCU 🌏,Expense,Restaurant,2.44025,USD,2299.0,,dinner,2024-07-04,2024-W27,2024-07,2024,Chao culpa
2024-07-05 04:51:06+00:00,UNFCU 🌏,Expense,Transport,6.100625,USD,5747.0,,rental,2024-07-05,2024-W27,2024-07,2024,Gastos fijos
2024-07-05 04:51:39+00:00,UNFCU 🌏,Expense,Acommodation,6.7106875,USD,6322.0,,,2024-07-05,2024-W27,2024-07,2024,Gastos fijos
2024-07-05 07:55:49+00:00,UNFCU 🌏,Expense,Restaurant,3.0503125,USD,2874.0,,lunch,2024-07-05,2024-W27,2024-07,2024,Chao culpa
2024-07-05 07:56:44+00:00,UNFCU 🌏,Expense,Transport,6.100625,USD,5747.0,,rental,2024-07-05,2024-W27,2024-07,2024,Gastos fijos
2024-07-05 10:31:11+00:00,UNFCU 🌏,Expense,Restaurant,2.44025,USD,2299.0,,lunch,2024-07-05,2024-W27,2024-07,2024,Chao culpa
2024-07-05 15:55:36+00:00,UNFCU 🌏,Expense,Activities,14.6415,USD,13793.0,Seaweed mary contribution 200 for auto rickshaw ,,2024-07-05,2024-W27,2024-07,2024,Chao culpa
2024-07-06 04:51:23+00:00,UNFCU 🌏,Expense,Transport,8.540875,USD,8046.0,,rental,2024-07-06,2024-W27,2024-07,2024,Gastos fijos
2024-07-06 07:57:25+00:00,UNFCU 🌏,Expense,Restaurant,3.0503125,USD,2874.0, ,lunch,2024-07-06,2024-W27,2024-07,2024,Chao culpa
2024-07-06 07:57:40+00:00,UNFCU 🌏,Expense,Acommodation,6.7106875,USD,6322.0,,,2024-07-06,2024-W27,2024-07,2024,Gastos fijos
2024-07-06 07:58:12+00:00,UNFCU 🌏,Expense,Activities,21.96225,USD,20690.0,Seaweed bagvati dive,,2024-07-06,2024-W27,2024-07,2024,Chao culpa
2024-07-06 09:43:54+00:00,UNFCU 🌏,Expense,Transport,4.636475,USD,4368.0,,gas,2024-07-06,2024-W27,2024-07,2024,Gastos fijos
2024-07-06 10:35:58+00:00,UNFCU 🌏,Expense,Snacks & Coffee,1.64716875,USD,1552.0,,,2024-07-06,2024-W27,2024-07,2024,Chao culpa
2024-07-07 11:32:55+00:00,UNFCU 🌏,Expense,Restaurant,3.41635,USD,3218.0,,lunch,2024-07-07,2024-W27,2024-07,2024,Chao culpa
2024-07-08 13:52:51+00:00,UNFCU 🌏,Expense,Acommodation,6.7106875,USD,6322.0,,,2024-07-08,2024-W28,2024-07,2024,Gastos fijos
2024-07-08 13:52:59+00:00,UNFCU 🌏,Expense,Restaurant,3.0503125,USD,2874.0,,lunch,2024-07-08,2024-W28,2024-07,2024,Chao culpa
2024-07-08 13:53:31+00:00,UNFCU 🌏,Expense,Snacks & Coffee,0.244025,USD,230.0,,,2024-07-08,2024-W28,2024-07,2024,Chao culpa
2024-07-09 06:04:07+00:00,UNFCU 🌏,Expense,Restaurant,1.220125,USD,1149.0,,breakfast,2024-07-09,2024-W28,2024-07,2024,Chao culpa
2024-07-09 06:04:21+00:00,UNFCU 🌏,Expense,Transport,1.5861625,USD,1494.0,Rameswaram to Madurai ,bus,2024-07-09,2024-W28,2024-07,2024,Gastos fijos
2024-07-09 10:25:34+00:00,UNFCU 🌏,Expense,Restaurant,5.18553125,USD,4885.0,,lunch,2024-07-09,2024-W28,2024-07,2024,Chao culpa
2024-07-09 10:30:29+00:00,UNFCU 🌏,Expense,Transport,37.823875,USD,35632.0,Madurai Hyderabad,bus,2024-07-09,2024-W28,2024-07,2024,Gastos fijos
2024-07-09 16:12:55+00:00,UNFCU 🌏,Expense,Restaurant,2.01320625,USD,1897.0,,dinner,2024-07-09,2024-W28,2024-07,2024,Chao culpa
2024-07-10 05:13:33+00:00,UNFCU 🌏,Expense,Acommodation,9.6389875,USD,9080.0,,,2024-07-10,2024-W28,2024-07,2024,Gastos fijos
2024-07-10 06:25:24+00:00,UNFCU 🌏,Expense,Restaurant,4.0752175,USD,3839.0,,breakfast,2024-07-10,2024-W28,2024-07,2024,Chao culpa
2024-07-10 08:02:48+00:00,UNFCU 🌏,Expense,Transport,3.9044,USD,3678.0,,taxi,2024-07-10,2024-W28,2024-07,2024,Gastos fijos
2024-07-10 08:03:01+00:00,UNFCU 🌏,Expense,Transport,1.8301875,USD,1724.0,,taxi,2024-07-10,2024-W28,2024-07,2024,Gastos fijos
2024-07-10 15:35:38+00:00,UNFCU 🌏,Expense,Alcohol,34.1635,USD,32184.0,Brewery con almaas invitada,,2024-07-10,2024-W28,2024-07,2024,Chao culpa
2024-07-10 15:54:00+00:00,UNFCU 🌏,Expense,Transport,1.28113125,USD,1207.0,,taxi,2024-07-10,2024-W28,2024-07,2024,Gastos fijos
2024-07-11 01:32:54+00:00,UNFCU 🌏,Expense,Transport,11.1031375,USD,10460.0,To Hyderabad airport ,taxi,2024-07-11,2024-W28,2024-07,2024,Gastos fijos
2024-07-11 01:51:34+00:00,UNFCU 🌏,Expense,Snacks & Coffee,6.8327,USD,6437.0,,,2024-07-11,2024-W28,2024-07,2024,Chao culpa
2024-07-11 06:44:58+00:00,UNFCU 🌏,Expense,Restaurant,4.8805,USD,4598.0,,breakfast,2024-07-11,2024-W28,2024-07,2024,Chao culpa
2024-07-11 07:56:21+00:00,UNFCU 🌏,Expense,Flights,50.0007225,USD,47103.0,Hyderabad delhi,,2024-07-11,2024-W28,2024-07,2024,Otros
2024-07-11 08:18:22+00:00,UNFCU 🌏,Expense,Transport,7.13773125,USD,6724.0,Delhi airport to hosteller ,taxi,2024-07-11,2024-W28,2024-07,2024,Gastos fijos
2024-07-11 08:18:44+00:00,UNFCU 🌏,Expense,Other,10.0,USD,9420.0,Onward ticket ,,2024-07-11,2024-W28,2024-07,2024,Gastos fijos
2024-07-11 12:09:47+00:00,UNFCU 🌏,Expense,Flights,288.67,USD,271942.0,Delhi to de pasar bali - june 9 pay,,2024-07-11,2024-W28,2024-07,2024,Otros
2024-07-11 13:22:48+00:00,UNFCU 🌏,Expense,Flights,108.89615625,USD,102586.0,5 kg extra batik air 1785 per kg,,2024-07-11,2024-W28,2024-07,2024,Otros
2024-07-11 14:33:19+00:00,UNFCU 🌏,Expense,Restaurant,6.28364375,USD,5920.0,,dinner,2024-07-11,2024-W28,2024-07,2024,Chao culpa
2024-07-11 15:03:00+00:00,UNFCU 🌏,Expense,Personal Care,5.2465375,USD,4943.0,,,2024-07-11,2024-W28,2024-07,2024,Gastos fijos
2024-07-11 15:58:18+00:00,UNFCU 🌏,Expense,Tax,34.49793,USD,32499.0,Visa Indonesia,,2024-07-11,2024-W28,2024-07,2024,Gastos fijos
2024-07-12 04:44:30+00:00,UNFCU 🌏,Expense,Utilities,33.235,USD,31309.0,35 gb month plan telkom,,2024-07-12,2024-W28,2024-07,2024,Gastos fijos
2024-07-12 04:44:39+00:00,UNFCU 🌏,Expense,Snacks & Coffee,2.824975,USD,2661.0,,,2024-07-12,2024-W28,2024-07,2024,Chao culpa
2024-07-12 11:43:52+00:00,UNFCU 🌏,Expense,Restaurant,6.647,USD,6262.0,,dinner,2024-07-12,2024-W28,2024-07,2024,Chao culpa
2024-07-12 13:50:27+00:00,UNFCU 🌏,Expense,Acommodation,6.647,USD,6262.0,,,2024-07-12,2024-W28,2024-07,2024,Gastos fijos
2024-07-13 05:54:32+00:00,UNFCU 🌏,Expense,Restaurant,3.78879,USD,3569.0,,breakfast,2024-07-13,2024-W28,2024-07,2024,Chao culpa
2024-07-13 06:57:51+00:00,UNFCU 🌏,Expense,Pharmacy ,24.46096,USD,23043.0,Bloqueaador y antibiótico ,,2024-07-13,2024-W28,2024-07,2024,Gastos fijos
2024-07-13 10:45:10+00:00,UNFCU 🌏,Expense,Restaurant,5.45054,USD,5135.0,,dinner,2024-07-13,2024-W28,2024-07,2024,Chao culpa
2024-07-13 13:42:11+00:00,UNFCU 🌏,Expense,Groceries,2.824975,USD,2661.0,,,2024-07-13,2024-W28,2024-07,2024,Gastos fijos
2024-07-13 13:50:40+00:00,UNFCU 🌏,Expense,Acommodation,6.647,USD,6262.0,,,2024-07-13,2024-W28,2024-07,2024,Gastos fijos
2024-07-14 07:03:53+00:00,UNFCU 🌏,Expense,Restaurant,6.647,USD,6262.0,,breakfast,2024-07-14,2024-W28,2024-07,2024,Chao culpa
2024-07-14 08:22:01+00:00,UNFCU 🌏,Expense,Restaurant,4.6529,USD,4383.0,,lunch,2024-07-14,2024-W28,2024-07,2024,Chao culpa
2024-07-14 13:31:11+00:00,UNFCU 🌏,Expense,Restaurant,5.84936,USD,5510.0,,dinner,2024-07-14,2024-W28,2024-07,2024,Chao culpa
2024-07-14 13:41:01+00:00,UNFCU 🌏,Expense,Groceries,2.6588,USD,2505.0,,,2024-07-14,2024-W28,2024-07,2024,Gastos fijos
2024-07-14 13:50:50+00:00,UNFCU 🌏,Expense,Acommodation,6.647,USD,6262.0,,,2024-07-14,2024-W28,2024-07,2024,Gastos fijos
2024-07-15 00:47:21+00:00,UNFCU 🌏,Expense,Personal Care,1.3294,USD,1252.0,Laundry ,,2024-07-15,2024-W29,2024-07,2024,Gastos fijos
2024-07-15 02:35:10+00:00,UNFCU 🌏,Expense,Activities,4.6529,USD,4383.0,,,2024-07-15,2024-W29,2024-07,2024,Chao culpa
2024-07-15 12:20:08+00:00,UNFCU 🌏,Expense,Restaurant,1.3294,USD,1252.0,,dinner,2024-07-15,2024-W29,2024-07,2024,Chao culpa
2024-07-15 13:51:02+00:00,UNFCU 🌏,Expense,Acommodation,6.647,USD,6262.0,,,2024-07-15,2024-W29,2024-07,2024,Gastos fijos
2024-07-15 13:51:42+00:00,UNFCU 🌏,Expense,Restaurant,5.3176,USD,5009.0,,lunch,2024-07-15,2024-W29,2024-07,2024,Chao culpa
2024-07-15 13:52:00+00:00,UNFCU 🌏,Expense,Activities,3.3235,USD,3131.0,Rental iphone water,,2024-07-15,2024-W29,2024-07,2024,Chao culpa
2024-07-16 03:24:51+00:00,UNFCU 🌏,Expense,Groceries,4.6529,USD,4383.0,,,2024-07-16,2024-W29,2024-07,2024,Gastos fijos
2024-07-16 07:11:33+00:00,UNFCU 🌏,Expense,Activities,76.4405,USD,72011.0,Refresher dive,,2024-07-16,2024-W29,2024-07,2024,Chao culpa
2024-07-16 08:09:46+00:00,UNFCU 🌏,Expense,Restaurant,7.9764,USD,7514.0,Burger,,2024-07-16,2024-W29,2024-07,2024,Chao culpa
2024-07-16 13:51:12+00:00,UNFCU 🌏,Expense,Acommodation,6.647,USD,6262.0,,,2024-07-16,2024-W29,2024-07,2024,Gastos fijos
2024-07-17 03:23:35+00:00,UNFCU 🌏,Expense,Acommodation,4.486725,USD,4227.0,Amrd - pacas reggae ,,2024-07-17,2024-W29,2024-07,2024,Gastos fijos
2024-07-17 05:25:20+00:00,UNFCU 🌏,Expense,Restaurant,6.97935,USD,6575.0,,breakfast,2024-07-17,2024-W29,2024-07,2024,Chao culpa
2024-07-17 05:43:04+00:00,UNFCU 🌏,Expense,Personal Care,5.762949,USD,5429.0,Sunscreen ,,2024-07-17,2024-W29,2024-07,2024,Gastos fijos
2024-07-17 11:10:39+00:00,UNFCU 🌏,Expense,Restaurant,3.3235,USD,3131.0,,dinner,2024-07-17,2024-W29,2024-07,2024,Chao culpa
2024-07-18 02:59:27+00:00,UNFCU 🌏,Expense,Groceries,3.65585,USD,3444.0,,,2024-07-18,2024-W29,2024-07,2024,Gastos fijos
2024-07-18 02:59:46+00:00,UNFCU 🌏,Expense,Transport,13.294,USD,12524.0,Amed to Ubud ,bus,2024-07-18,2024-W29,2024-07,2024,Gastos fijos
2024-07-18 07:16:14+00:00,UNFCU 🌏,Expense,Groceries,7.344935,USD,6919.0,Granola and kaju,,2024-07-18,2024-W29,2024-07,2024,Gastos fijos
2024-07-18 07:36:25+00:00,UNFCU 🌏,Expense,Acommodation,10.23638,USD,9643.0,In between 1 night,,2024-07-18,2024-W29,2024-07,2024,Gastos fijos
2024-07-18 08:38:28+00:00,UNFCU 🌏,Expense,Restaurant,2.99115,USD,2818.0,Sweet and sour pork ,lunch,2024-07-18,2024-W29,2024-07,2024,Chao culpa
2024-07-18 11:58:36+00:00,UNFCU 🌏,Expense,Snacks & Coffee,5.3176,USD,5009.0,,,2024-07-18,2024-W29,2024-07,2024,Chao culpa
2024-07-18 12:23:51+00:00,UNFCU 🌏,Expense,Transport,1.030285,USD,971.0,,taxi,2024-07-18,2024-W29,2024-07,2024,Gastos fijos
2024-07-18 14:34:40+00:00,UNFCU 🌏,Expense,Restaurant,6.91288,USD,6512.0,Falafel and beer,dinner,2024-07-18,2024-W29,2024-07,2024,Chao culpa
2024-07-18 15:36:24+00:00,UNFCU 🌏,Expense,Groceries,10.123381,USD,9537.0,,,2024-07-18,2024-W29,2024-07,2024,Gastos fijos
2024-07-19 03:13:44+00:00,UNFCU 🌏,Expense,Activities,46.529,USD,43833.0,5 clasess pass yoga barn,yoga,2024-07-19,2024-W29,2024-07,2024,Chao culpa
2024-07-19 08:33:42+00:00,UNFCU 🌏,Expense,Activities,13.294,USD,12524.0,Massage deep tissue,,2024-07-19,2024-W29,2024-07,2024,Chao culpa
2024-07-19 08:45:24+00:00,UNFCU 🌏,Expense,Restaurant,5.350835,USD,5041.0,,lunch,2024-07-19,2024-W29,2024-07,2024,Chao culpa
2024-07-19 08:45:35+00:00,UNFCU 🌏,Expense,Acommodation,10.23638,USD,9643.0,,,2024-07-19,2024-W29,2024-07,2024,Gastos fijos
2024-07-19 08:57:39+00:00,UNFCU 🌏,Expense,Shopping,19.941,USD,18785.0,Power cable and iphone to usb c,,2024-07-19,2024-W29,2024-07,2024,Chao culpa
2024-07-19 09:13:31+00:00,UNFCU 🌏,Expense,Shopping,9.63815,USD,9080.0,Turmeric face mask and acne oil,,2024-07-19,2024-W29,2024-07,2024,Chao culpa
2024-07-19 09:35:52+00:00,UNFCU 🌏,Expense,Snacks & Coffee,3.65585,USD,3444.0,Frozen yogurt ,,2024-07-19,2024-W29,2024-07,2024,Chao culpa
2024-07-19 13:28:03+00:00,UNFCU 🌏,Expense,Snacks & Coffee,1.79469,USD,1691.0,,,2024-07-19,2024-W29,2024-07,2024,Chao culpa
2024-07-20 04:00:13+00:00,UNFCU 🌏,Expense,Transport,1.030285,USD,971.0,,taxi,2024-07-20,2024-W29,2024-07,2024,Gastos fijos
2024-07-20 04:00:30+00:00,UNFCU 🌏,Expense,Acommodation,10.23638,USD,9643.0,,,2024-07-20,2024-W29,2024-07,2024,Gastos fijos
2024-07-20 10:01:30+00:00,UNFCU 🌏,Expense,Restaurant,9.3058,USD,8767.0,,lunch,2024-07-20,2024-W29,2024-07,2024,Chao culpa
2024-07-20 14:24:32+00:00,UNFCU 🌏,Expense,Restaurant,4.98525,USD,4696.0,,dinner,2024-07-20,2024-W29,2024-07,2024,Chao culpa
2024-07-21 03:45:34+00:00,UNFCU 🌏,Expense,Acommodation,16.75044,USD,15780.0,Family guest house Ubud ,,2024-07-21,2024-W29,2024-07,2024,Gastos fijos
2024-07-21 03:45:46+00:00,UNFCU 🌏,Expense,Restaurant,1.66175,USD,1565.0,,breakfast,2024-07-21,2024-W29,2024-07,2024,Chao culpa
2024-07-21 07:24:28+00:00,UNFCU 🌏,Expense,Restaurant,4.32055,USD,4070.0,,lunch,2024-07-21,2024-W29,2024-07,2024,Chao culpa
2024-07-21 07:24:53+00:00,UNFCU 🌏,Expense,Snacks & Coffee,3.58938,USD,3381.0,,,2024-07-21,2024-W29,2024-07,2024,Chao culpa
2024-07-21 07:49:40+00:00,UNFCU 🌏,Expense,Pharmacy ,45.8915527,USD,43232.0,"Lotion, sunscreen, antibiotics Ciprofloxacin, aloe, hand cream, dental tablets ",,2024-07-21,2024-W29,2024-07,2024,Gastos fijos
2024-07-21 07:59:08+00:00,UNFCU 🌏,Expense,Personal Care,5.05172,USD,4759.0,"Gillette, foam, shampoo, soap",,2024-07-21,2024-W29,2024-07,2024,Gastos fijos
2024-07-21 13:14:18+00:00,UNFCU 🌏,Expense,Restaurant,5.45054,USD,5135.0,,dinner,2024-07-21,2024-W29,2024-07,2024,Chao culpa
2024-07-22 06:47:46+00:00,UNFCU 🌏,Expense,Acommodation,16.75044,USD,15780.0,,,2024-07-22,2024-W30,2024-07,2024,Gastos fijos
2024-07-22 06:48:18+00:00,UNFCU 🌏,Expense,Healthcare,39.882,USD,37571.0,Dental cleaning Ubud Dental Center ,,2024-07-22,2024-W30,2024-07,2024,Gastos fijos
2024-07-22 07:26:16+00:00,UNFCU 🌏,Expense,Restaurant,10.03697,USD,9455.0,,lunch,2024-07-22,2024-W30,2024-07,2024,Chao culpa
2024-07-22 09:51:10+00:00,UNFCU 🌏,Expense,Pharmacy ,4.05467,USD,3820.0,Doxicyclina antibiotics ,,2024-07-22,2024-W30,2024-07,2024,Gastos fijos
2024-07-22 10:13:37+00:00,UNFCU 🌏,Expense,Restaurant,5.38407,USD,5072.0,Bowl,,2024-07-22,2024-W30,2024-07,2024,Chao culpa
2024-07-23 08:46:57+00:00,UNFCU 🌏,Expense,Sport,0.6647,USD,626.0,,natacion,2024-07-23,2024-W30,2024-07,2024,Secundarios
2024-07-23 08:47:11+00:00,UNFCU 🌏,Expense,Restaurant,3.3235,USD,3131.0,,lunch,2024-07-23,2024-W30,2024-07,2024,Chao culpa
2024-07-23 08:47:21+00:00,UNFCU 🌏,Expense,Acommodation,16.75044,USD,15780.0,,,2024-07-23,2024-W30,2024-07,2024,Gastos fijos
2024-07-23 08:47:51+00:00,UNFCU 🌏,Expense,Transport,2.399567,USD,2261.0,,taxi,2024-07-23,2024-W30,2024-07,2024,Gastos fijos
2024-07-23 08:48:06+00:00,UNFCU 🌏,Expense,Transport,1.987453,USD,1872.0,,taxi,2024-07-23,2024-W30,2024-07,2024,Gastos fijos
2024-07-23 09:16:42+00:00,UNFCU 🌏,Expense,Snacks & Coffee,5.3176,USD,5009.0,,,2024-07-23,2024-W30,2024-07,2024,Chao culpa
2024-07-23 10:14:43+00:00,UNFCU 🌏,Expense,Transport,1.030285,USD,971.0,,taxi,2024-07-23,2024-W30,2024-07,2024,Gastos fijos
2024-07-24 07:54:13+00:00,UNFCU 🌏,Expense,Acommodation,16.75044,USD,15780.0,,,2024-07-24,2024-W30,2024-07,2024,Gastos fijos
2024-07-24 07:54:39+00:00,UNFCU 🌏,Expense,Transport,0.957168,USD,902.0,,taxi,2024-07-24,2024-W30,2024-07,2024,Gastos fijos
2024-07-24 07:54:47+00:00,UNFCU 🌏,Expense,Transport,0.957168,USD,902.0,,taxi,2024-07-24,2024-W30,2024-07,2024,Gastos fijos
2024-07-24 08:40:34+00:00,UNFCU 🌏,Expense,Restaurant,4.220845,USD,3976.0,,lunch,2024-07-24,2024-W30,2024-07,2024,Chao culpa
2024-07-24 08:48:24+00:00,UNFCU 🌏,Expense,Groceries,3.223795,USD,3037.0,,,2024-07-24,2024-W30,2024-07,2024,Gastos fijos
2024-07-24 08:53:48+00:00,UNFCU 🌏,Expense,Snacks & Coffee,3.58938,USD,3381.0,,,2024-07-24,2024-W30,2024-07,2024,Chao culpa
2024-07-25 07:53:41+00:00,UNFCU 🌏,Expense,Restaurant,9.59660625,USD,9040.0,Brunch ,breakfast,2024-07-25,2024-W30,2024-07,2024,Chao culpa
2024-07-25 07:53:51+00:00,UNFCU 🌏,Expense,Transport,1.030285,USD,971.0,,taxi,2024-07-25,2024-W30,2024-07,2024,Gastos fijos
2024-07-25 07:54:03+00:00,UNFCU 🌏,Expense,Acommodation,16.75044,USD,15780.0,,,2024-07-25,2024-W30,2024-07,2024,Gastos fijos
2024-07-25 09:43:47+00:00,UNFCU 🌏,Expense,Restaurant,3.58938,USD,3381.0,,lunch,2024-07-25,2024-W30,2024-07,2024,Chao culpa
2024-07-25 12:35:41+00:00,UNFCU 🌏,Expense,Restaurant,6.7560108,USD,6364.0,Burger bali bohemia ,dinner,2024-07-25,2024-W30,2024-07,2024,Chao culpa
2024-07-25 14:02:24+00:00,UNFCU 🌏,Expense,Alcohol,2.45939,USD,2317.0,,,2024-07-25,2024-W30,2024-07,2024,Chao culpa
2024-07-25 15:31:49+00:00,UNFCU 🌏,Expense,Transport,0.957168,USD,902.0,,taxi,2024-07-25,2024-W30,2024-07,2024,Gastos fijos
2024-07-25 15:32:18+00:00,UNFCU 🌏,Expense,Transport,1.030285,USD,971.0,,taxi,2024-07-25,2024-W30,2024-07,2024,Gastos fijos
2024-07-26 04:20:37+00:00,UNFCU 🌏,Expense,Pharmacy ,22.5998,USD,21290.0,Eterocicoxib muscular 230k and more,,2024-07-26,2024-W30,2024-07,2024,Gastos fijos
2024-07-26 04:28:49+00:00,UNFCU 🌏,Expense,Groceries,9.604915,USD,9048.0,,,2024-07-26,2024-W30,2024-07,2024,Gastos fijos
2024-07-26 04:29:27+00:00,UNFCU 🌏,Expense,Acommodation,9.23933,USD,8704.0,,,2024-07-26,2024-W30,2024-07,2024,Gastos fijos
2024-07-26 05:20:36+00:00,UNFCU 🌏,Expense,Transport,1.030285,USD,971.0,,taxi,2024-07-26,2024-W30,2024-07,2024,Gastos fijos
2024-07-26 05:24:27+00:00,UNFCU 🌏,Expense,Maintenance ,79.764,USD,75142.0,Add Fishman capsule cort guitar,,2024-07-26,2024-W30,2024-07,2024,Gastos fijos
2024-07-26 06:45:55+00:00,UNFCU 🌏,Expense,Restaurant,3.4398225,USD,3240.0,,lunch,2024-07-26,2024-W30,2024-07,2024,Chao culpa
2024-07-26 07:04:48+00:00,UNFCU 🌏,Expense,Shopping,13.294,USD,12524.0,Adidas t-shirt dri fit ,,2024-07-26,2024-W30,2024-07,2024,Chao culpa
2024-07-26 12:27:57+00:00,UNFCU 🌏,Expense,Snacks & Coffee,5.430599,USD,5116.0,,,2024-07-26,2024-W30,2024-07,2024,Chao culpa
2024-07-26 12:40:52+00:00,UNFCU 🌏,Expense,Groceries,0.717876,USD,676.0,,,2024-07-26,2024-W30,2024-07,2024,Gastos fijos
2024-07-26 13:27:42+00:00,UNFCU 🌏,Expense,Shopping,26.588,USD,25047.0,Piercing right ear second and clean ,,2024-07-26,2024-W30,2024-07,2024,Chao culpa
2024-07-26 13:44:27+00:00,UNFCU 🌏,Expense,Transport,0.957168,USD,902.0,,taxi,2024-07-26,2024-W30,2024-07,2024,Gastos fijos
2024-07-27 05:07:11+00:00,UNFCU 🌏,Expense,Restaurant,3.05762,USD,2880.0,,lunch,2024-07-27,2024-W30,2024-07,2024,Chao culpa
2024-07-27 05:23:33+00:00,UNFCU 🌏,Expense,Transport,1.229695,USD,1158.0,,taxi,2024-07-27,2024-W30,2024-07,2024,Gastos fijos
2024-07-27 05:23:45+00:00,UNFCU 🌏,Expense,Acommodation,9.23933,USD,8704.0,,,2024-07-27,2024-W30,2024-07,2024,Gastos fijos
2024-07-27 09:44:28+00:00,UNFCU 🌏,Expense,Snacks & Coffee,3.3235,USD,3131.0,,,2024-07-27,2024-W30,2024-07,2024,Chao culpa
2024-07-27 09:44:42+00:00,UNFCU 🌏,Expense,Transport,1.030285,USD,971.0,,taxi,2024-07-27,2024-W30,2024-07,2024,Gastos fijos
2024-07-27 11:00:38+00:00,UNFCU 🌏,Expense,Activities,19.941,USD,18785.0,Sound healing pyramid of chi ubud,,2024-07-27,2024-W30,2024-07,2024,Chao culpa
2024-07-27 12:38:41+00:00,UNFCU 🌏,Expense,Snacks & Coffee,6.128534,USD,5773.0,,,2024-07-27,2024-W30,2024-07,2024,Chao culpa
2024-07-27 13:05:19+00:00,UNFCU 🌏,Expense,Restaurant,2.59233,USD,2442.0,,dinner,2024-07-27,2024-W30,2024-07,2024,Chao culpa
2024-07-28 06:42:11+00:00,UNFCU 🌏,Expense,Snacks & Coffee,5.969006,USD,5623.0,Seniman,,2024-07-28,2024-W30,2024-07,2024,Chao culpa
2024-07-28 07:23:37+00:00,UNFCU 🌏,Expense,Personal Care,5.64995,USD,5323.0,Ikemen barbershop ubud,peluqueria,2024-07-28,2024-W30,2024-07,2024,Gastos fijos
2024-07-28 09:29:16+00:00,UNFCU 🌏,Expense,Restaurant,4.32055,USD,4070.0,,lunch,2024-07-28,2024-W30,2024-07,2024,Chao culpa
2024-07-29 05:41:26+00:00,UNFCU 🌏,Expense,Acommodation,10.16991,USD,9581.0,Ubud tropicak,,2024-07-29,2024-W31,2024-07,2024,Gastos fijos
2024-07-29 09:16:44+00:00,UNFCU 🌏,Expense,Transport,2.399567,USD,2261.0,,taxi,2024-07-29,2024-W31,2024-07,2024,Gastos fijos
2024-07-29 11:17:51+00:00,UNFCU 🌏,Expense,Restaurant,8.993391,USD,8472.0,Umah pizza and dessert ,dinner,2024-07-29,2024-W31,2024-07,2024,Chao culpa
2024-07-29 12:20:02+00:00,UNFCU 🌏,Expense,Shopping,19.941,USD,18785.0,Aro izquierdo piercings re hacer el primer hoyo,,2024-07-29,2024-W31,2024-07,2024,Chao culpa
2024-07-29 12:34:18+00:00,UNFCU 🌏,Expense,Transport,1.030285,USD,971.0,,taxi,2024-07-29,2024-W31,2024-07,2024,Gastos fijos
2024-07-29 12:58:15+00:00,UNFCU 🌏,Expense,Snacks & Coffee,1.3294,USD,1252.0,,,2024-07-29,2024-W31,2024-07,2024,Chao culpa
2024-07-30 04:13:06+00:00,UNFCU 🌏,Expense,Groceries,17.61455,USD,16594.0,,,2024-07-30,2024-W31,2024-07,2024,Gastos fijos
2024-07-30 10:26:18+00:00,UNFCU 🌏,Expense,Restaurant,4.6529,USD,4383.0,,lunch,2024-07-30,2024-W31,2024-07,2024,Chao culpa
2024-07-30 10:26:27+00:00,UNFCU 🌏,Expense,Snacks & Coffee,5.45054,USD,5135.0,,,2024-07-30,2024-W31,2024-07,2024,Chao culpa
2024-07-30 10:26:41+00:00,UNFCU 🌏,Expense,Acommodation,10.16991,USD,9581.0,,,2024-07-30,2024-W31,2024-07,2024,Gastos fijos
2024-07-30 12:01:18+00:00,UNFCU 🌏,Expense,Restaurant,5.3176,USD,5009.0,,dinner,2024-07-30,2024-W31,2024-07,2024,Chao culpa
2024-07-30 17:12:30+00:00,UNFCU 🌏,Expense,Tax,34.49793,USD,32499.0,Visa extend Indonesia 30 days more,,2024-07-30,2024-W31,2024-07,2024,Gastos fijos
2024-07-31 03:45:16+00:00,UNFCU 🌏,Expense,Transport,1.030285,USD,971.0,,taxi,2024-07-31,2024-W31,2024-07,2024,Gastos fijos
2024-07-31 03:45:24+00:00,UNFCU 🌏,Expense,Acommodation,10.16991,USD,9581.0,,,2024-07-31,2024-W31,2024-07,2024,Gastos fijos
2024-07-31 06:46:12+00:00,UNFCU 🌏,Expense,Snacks & Coffee,5.663244,USD,5335.0,Seniman,,2024-07-31,2024-W31,2024-07,2024,Chao culpa
2024-07-31 07:25:31+00:00,UNFCU 🌏,Expense,Restaurant,2.99115,USD,2818.0,,lunch,2024-07-31,2024-W31,2024-07,2024,Chao culpa
2024-07-31 09:43:12+00:00,UNFCU 🌏,Expense,Snacks & Coffee,2.692035,USD,2536.0,,,2024-07-31,2024-W31,2024-07,2024,Chao culpa
2024-07-31 12:47:06+00:00,UNFCU 🌏,Expense,Restaurant,5.84936,USD,5510.0,,dinner,2024-07-31,2024-W31,2024-07,2024,Chao culpa
2024-07-31 12:55:14+00:00,UNFCU 🌏,Expense,Groceries,3.808731,USD,3588.0,,,2024-07-31,2024-W31,2024-07,2024,Gastos fijos
2024-08-01 07:23:27+00:00,UNFCU 🌏,Expense,Restaurant,11.5159275,USD,10857.0,Soul foods burger,lunch,2024-08-01,2024-W31,2024-08,2024,Chao culpa
2024-08-01 07:25:20+00:00,UNFCU 🌏,Expense,Transport,0.784346,USD,739.0,,taxi,2024-08-01,2024-W31,2024-08,2024,Gastos fijos
2024-08-01 07:25:28+00:00,UNFCU 🌏,Expense,Transport,1.030285,USD,971.0,,taxi,2024-08-01,2024-W31,2024-08,2024,Gastos fijos
2024-08-01 08:05:15+00:00,UNFCU 🌏,Expense,Healthcare,240.08964,USD,226357.0,Chequeo dengue toya medika clinic ,,2024-08-01,2024-W31,2024-08,2024,Gastos fijos
2024-08-01 10:05:57+00:00,UNFCU 🌏,Expense,Acommodation,11.86,USD,11182.0,,,2024-08-01,2024-W31,2024-08,2024,Gastos fijos
2024-08-01 12:35:52+00:00,UNFCU 🌏,Expense,Restaurant,5.603421,USD,5283.0,,dinner,2024-08-01,2024-W31,2024-08,2024,Chao culpa
2024-08-02 01:54:24+00:00,UNFCU 🌏,Expense,Groceries,9.604915,USD,9056.0,,,2024-08-02,2024-W31,2024-08,2024,Gastos fijos
2024-08-02 07:46:37+00:00,UNFCU 🌏,Expense,Restaurant,3.695732,USD,3484.0,,lunch,2024-08-02,2024-W31,2024-08,2024,Chao culpa
2024-08-02 10:06:10+00:00,UNFCU 🌏,Expense,Acommodation,11.86,USD,11182.0,,,2024-08-02,2024-W31,2024-08,2024,Gastos fijos
2024-08-03 04:38:10+00:00,UNFCU 🌏,Expense,Transport,1.163225,USD,1097.0,,taxi,2024-08-03,2024-W31,2024-08,2024,Gastos fijos
2024-08-03 04:38:48+00:00,UNFCU 🌏,Expense,Healthcare,78.142132,USD,73672.0,Dengue follow up ,,2024-08-03,2024-W31,2024-08,2024,Gastos fijos
2024-08-03 07:02:48+00:00,UNFCU 🌏,Expense,Restaurant,6.8364395,USD,6445.0,,lunch,2024-08-03,2024-W31,2024-08,2024,Chao culpa
2024-08-03 10:06:23+00:00,UNFCU 🌏,Expense,Acommodation,11.86,USD,11182.0,,,2024-08-03,2024-W31,2024-08,2024,Gastos fijos
2024-08-04 06:06:11+00:00,UNFCU 🌏,Expense,Restaurant,4.6529,USD,4387.0,,lunch,2024-08-04,2024-W31,2024-08,2024,Chao culpa
2024-08-04 10:06:35+00:00,UNFCU 🌏,Expense,Acommodation,11.86,USD,11182.0,,,2024-08-04,2024-W31,2024-08,2024,Gastos fijos
2024-08-04 11:26:39+00:00,UNFCU 🌏,Expense,Restaurant,4.05467,USD,3823.0,,dinner,2024-08-04,2024-W31,2024-08,2024,Chao culpa
2024-08-04 11:34:24+00:00,UNFCU 🌏,Expense,Groceries,3.954965,USD,3729.0,,,2024-08-04,2024-W31,2024-08,2024,Gastos fijos
2024-08-05 10:06:46+00:00,UNFCU 🌏,Expense,Acommodation,11.86,USD,11182.0,,,2024-08-05,2024-W32,2024-08,2024,Gastos fijos
2024-08-06 10:07:58+00:00,UNFCU 🌏,Expense,Acommodation,11.63225,USD,10967.0,,,2024-08-06,2024-W32,2024-08,2024,Gastos fijos
2024-08-07 10:08:09+00:00,UNFCU 🌏,Expense,Acommodation,11.63225,USD,10967.0,,,2024-08-07,2024-W32,2024-08,2024,Gastos fijos
2024-08-07 11:54:56+00:00,UNFCU 🌏,Expense,Restaurant,7.77699,USD,7332.0,,dinner,2024-08-07,2024-W32,2024-08,2024,Chao culpa
2024-08-08 04:06:56+00:00,UNFCU 🌏,Expense,Snacks & Coffee,3.104149,USD,2927.0,,,2024-08-08,2024-W32,2024-08,2024,Chao culpa
2024-08-08 05:16:30+00:00,UNFCU 🌏,Expense,Snacks & Coffee,2.19351,USD,2068.0,,,2024-08-08,2024-W32,2024-08,2024,Chao culpa
2024-08-08 05:16:56+00:00,UNFCU 🌏,Expense,Pharmacy ,13.69282,USD,12910.0,Thermometer condom repelente ,,2024-08-08,2024-W32,2024-08,2024,Gastos fijos
2024-08-08 05:17:10+00:00,UNFCU 🌏,Expense,Snacks & Coffee,4.2042275,USD,3964.0,,,2024-08-08,2024-W32,2024-08,2024,Chao culpa
2024-08-08 06:52:39+00:00,UNFCU 🌏,Expense,Restaurant,11.63225,USD,10967.0,,lunch,2024-08-08,2024-W32,2024-08,2024,Chao culpa
2024-08-08 07:12:30+00:00,UNFCU 🌏,Expense,Utilities,13.9587,USD,13160.0,34 gb Telekom ,,2024-08-08,2024-W32,2024-08,2024,Gastos fijos
2024-08-08 09:36:36+00:00,UNFCU 🌏,Expense,Activities,7.3117,USD,6893.0,Massage ,,2024-08-08,2024-W32,2024-08,2024,Chao culpa
2024-08-08 10:08:20+00:00,UNFCU 🌏,Expense,Acommodation,11.63225,USD,10967.0,,,2024-08-08,2024-W32,2024-08,2024,Gastos fijos
2024-08-08 10:16:29+00:00,UNFCU 🌏,Expense,Alcohol,3.05762,USD,2883.0,,,2024-08-08,2024-W32,2024-08,2024,Chao culpa
2024-08-08 12:30:15+00:00,UNFCU 🌏,Expense,Groceries,3.9882,USD,3760.0,,,2024-08-08,2024-W32,2024-08,2024,Gastos fijos
2024-08-09 05:16:10+00:00,UNFCU 🌏,Expense,Snacks & Coffee,7.211995,USD,6799.0,,,2024-08-09,2024-W32,2024-08,2024,Chao culpa
2024-08-09 07:34:24+00:00,UNFCU 🌏,Expense,Flights,49.0,USD,46197.0,Flight dps banjarbasi,,2024-08-09,2024-W32,2024-08,2024,Otros
2024-08-09 10:10:20+00:00,UNFCU 🌏,Expense,Acommodation,13.74,USD,12954.0,Airbnb ubud kecamtan,,2024-08-09,2024-W32,2024-08,2024,Gastos fijos
2024-08-09 12:22:21+00:00,UNFCU 🌏,Expense,Restaurant,5.60441805,USD,5284.0,,dinner,2024-08-09,2024-W32,2024-08,2024,Chao culpa
2024-08-10 06:11:22+00:00,UNFCU 🌏,Expense,Restaurant,4.12114,USD,3885.0,,lunch,2024-08-10,2024-W32,2024-08,2024,Chao culpa
2024-08-10 09:07:17+00:00,UNFCU 🌏,Expense,Activities,12.6293,USD,11907.0,Spa with Cecilia ,,2024-08-10,2024-W32,2024-08,2024,Chao culpa
2024-08-10 10:14:29+00:00,UNFCU 🌏,Expense,Acommodation,13.9587,USD,13160.0,,,2024-08-10,2024-W32,2024-08,2024,Gastos fijos
2024-08-10 10:40:46+00:00,UNFCU 🌏,Expense,Restaurant,6.647e-05,USD,0.0,,dinner,2024-08-10,2024-W32,2024-08,2024,Chao culpa
2024-08-11 10:12:33+00:00,UNFCU 🌏,Expense,Restaurant,8.24228,USD,7771.0,,breakfast,2024-08-11,2024-W32,2024-08,2024,Chao culpa
2024-08-11 10:12:43+00:00,UNFCU 🌏,Expense,Snacks & Coffee,1.66175,USD,1567.0,,,2024-08-11,2024-W32,2024-08,2024,Chao culpa
2024-08-11 10:12:57+00:00,UNFCU 🌏,Expense,Snacks & Coffee,2.39292,USD,2256.0,Kombucha,,2024-08-11,2024-W32,2024-08,2024,Chao culpa
2024-08-11 10:13:17+00:00,UNFCU 🌏,Expense,Restaurant,8.30875,USD,7833.0,Wagyu burger ,lunch,2024-08-11,2024-W32,2024-08,2024,Chao culpa
2024-08-11 10:13:31+00:00,UNFCU 🌏,Expense,Snacks & Coffee,3.3235,USD,3133.0,Milkshake ,,2024-08-11,2024-W32,2024-08,2024,Chao culpa
2024-08-11 10:13:40+00:00,UNFCU 🌏,Expense,Alcohol,2.32645,USD,2193.0,,,2024-08-11,2024-W32,2024-08,2024,Chao culpa
2024-08-11 10:14:42+00:00,UNFCU 🌏,Expense,Acommodation,13.9587,USD,13160.0,,,2024-08-11,2024-W32,2024-08,2024,Gastos fijos
2024-08-12 07:14:16+00:00,UNFCU 🌏,Expense,Transport,0.784346,USD,739.0,,,2024-08-12,2024-W33,2024-08,2024,Gastos fijos
2024-08-12 09:27:57+00:00,UNFCU 🌏,Expense,Alcohol,7.64405,USD,7207.0,,,2024-08-12,2024-W33,2024-08,2024,Chao culpa
2024-08-12 09:28:13+00:00,UNFCU 🌏,Expense,Restaurant,9.03992,USD,8523.0,,lunch,2024-08-12,2024-W33,2024-08,2024,Chao culpa
2024-08-12 09:28:38+00:00,UNFCU 🌏,Expense,Sport,3.3235,USD,3133.0,Swimming pool ,natacion,2024-08-12,2024-W33,2024-08,2024,Secundarios
2024-08-12 09:28:53+00:00,UNFCU 🌏,Expense,Snacks & Coffee,5.64995,USD,5327.0,,,2024-08-12,2024-W33,2024-08,2024,Chao culpa
2024-08-12 09:29:09+00:00,UNFCU 🌏,Expense,Acommodation,13.9587,USD,13160.0,,,2024-08-12,2024-W33,2024-08,2024,Gastos fijos
2024-08-12 12:04:07+00:00,UNFCU 🌏,Expense,Snacks & Coffee,3.104149,USD,2927.0,,,2024-08-12,2024-W33,2024-08,2024,Chao culpa
2024-08-13 04:28:51+00:00,UNFCU 🌏,Expense,Transport,0.784346,USD,739.0,,taxi,2024-08-13,2024-W33,2024-08,2024,Gastos fijos
2024-08-13 04:30:50+00:00,UNFCU 🌏,Expense,Acommodation,6.0,USD,5657.0,,,2024-08-13,2024-W33,2024-08,2024,Gastos fijos
2024-08-13 04:31:11+00:00,UNFCU 🌏,Expense,Restaurant,0.00737817,USD,7.0,,,2024-08-13,2024-W33,2024-08,2024,Chao culpa
2024-08-13 05:30:55+00:00,UNFCU 🌏,Expense,Restaurant,7.71052,USD,7269.0,Burger King ,,2024-08-13,2024-W33,2024-08,2024,Chao culpa
2024-08-13 06:20:17+00:00,UNFCU 🌏,Expense,Transport,3.3235,USD,3133.0,,,2024-08-13,2024-W33,2024-08,2024,Gastos fijos
2024-08-13 06:20:48+00:00,UNFCU 🌏,Expense,Transport,2.399567,USD,2262.0,,taxi,2024-08-13,2024-W33,2024-08,2024,Gastos fijos
2024-08-13 07:41:37+00:00,UNFCU 🌏,Expense,Transport,6.51,USD,6138.0,Ubud to kuta,bus,2024-08-13,2024-W33,2024-08,2024,Gastos fijos
2024-08-13 07:49:50+00:00,UNFCU 🌏,Expense,Groceries,1.960865,USD,1849.0,,,2024-08-13,2024-W33,2024-08,2024,Gastos fijos
2024-08-13 12:23:36+00:00,UNFCU 🌏,Expense,Restaurant,19.5003039,USD,18385.0,,dinner,2024-08-13,2024-W33,2024-08,2024,Chao culpa
2024-08-13 14:41:14+00:00,UNFCU 🌏,Expense,Shopping,56.4995,USD,53268.0,Drone battery used,photography ,2024-08-13,2024-W33,2024-08,2024,Chao culpa
2024-08-14 01:25:01+00:00,UNFCU 🌏,Expense,Restaurant,7.8015839,USD,7355.0,,breakfast,2024-08-14,2024-W33,2024-08,2024,Chao culpa
2024-08-14 06:21:03+00:00,UNFCU 🌏,Expense,Transport,1.229695,USD,1159.0,,taxi,2024-08-14,2024-W33,2024-08,2024,Gastos fijos
2024-08-14 06:22:27+00:00,UNFCU 🌏,Expense,Snacks & Coffee,0.963815,USD,909.0,,,2024-08-14,2024-W33,2024-08,2024,Chao culpa
2024-08-14 06:24:44+00:00,UNFCU 🌏,Expense,Acommodation,12.6293,USD,11907.0,,,2024-08-14,2024-W33,2024-08,2024,Gastos fijos
2024-08-14 08:57:00+00:00,UNFCU 🌏,Expense,Restaurant,2.32645,USD,2193.0,,lunch,2024-08-14,2024-W33,2024-08,2024,Chao culpa
2024-08-14 08:57:14+00:00,UNFCU 🌏,Expense,Transport,23.2645,USD,21934.0,Bike rent 3 days,,2024-08-14,2024-W33,2024-08,2024,Gastos fijos
2024-08-14 11:18:26+00:00,UNFCU 🌏,Expense,Restaurant,1.26293,USD,1191.0,,dinner,2024-08-14,2024-W33,2024-08,2024,Chao culpa
2024-08-14 11:31:28+00:00,UNFCU 🌏,Expense,Groceries,8.84051,USD,8335.0,,,2024-08-14,2024-W33,2024-08,2024,Gastos fijos
2024-08-14 16:05:07+00:00,UNFCU 🌏,Expense,Acommodation,12.6293,USD,11907.0,,,2024-08-14,2024-W33,2024-08,2024,Gastos fijos
2024-08-15 04:41:27+00:00,UNFCU 🌏,Expense,Snacks & Coffee,2.7418875,USD,2585.0,,,2024-08-15,2024-W33,2024-08,2024,Chao culpa
2024-08-15 04:41:47+00:00,UNFCU 🌏,Expense,Activities,9.9705,USD,9400.0,Guide cempaka,,2024-08-15,2024-W33,2024-08,2024,Chao culpa
2024-08-15 04:41:58+00:00,UNFCU 🌏,Expense,Activities,6.647,USD,6267.0,Guide 2,,2024-08-15,2024-W33,2024-08,2024,Chao culpa
2024-08-15 04:42:19+00:00,UNFCU 🌏,Expense,Gifts,3.9882,USD,3760.0,Workers tip,,2024-08-15,2024-W33,2024-08,2024,Chao culpa
2024-08-15 04:42:33+00:00,UNFCU 🌏,Expense,Gifts,1.66175,USD,1567.0,Worker tip,,2024-08-15,2024-W33,2024-08,2024,Chao culpa
2024-08-15 04:43:52+00:00,UNFCU 🌏,Expense,Groceries,0.33235,USD,313.0,,,2024-08-15,2024-W33,2024-08,2024,Gastos fijos
2024-08-15 04:46:09+00:00,UNFCU 🌏,Expense,Restaurant,5.191307,USD,4894.0,,lunch,2024-08-15,2024-W33,2024-08,2024,Chao culpa
2024-08-15 10:54:00+00:00,UNFCU 🌏,Expense,Groceries,5.729714,USD,5402.0,,,2024-08-15,2024-W33,2024-08,2024,Gastos fijos
2024-08-15 10:54:07+00:00,UNFCU 🌏,Expense,Shopping,1.66175,USD,1567.0,,,2024-08-15,2024-W33,2024-08,2024,Chao culpa
2024-08-15 11:37:31+00:00,UNFCU 🌏,Expense,Restaurant,2.559095,USD,2413.0,,dinner,2024-08-15,2024-W33,2024-08,2024,Chao culpa
2024-08-15 16:04:36+00:00,UNFCU 🌏,Expense,Activities,57.5,USD,54211.0,Workaway anual,,2024-08-15,2024-W33,2024-08,2024,Chao culpa
2024-08-15 16:04:52+00:00,UNFCU 🌏,Expense,Acommodation,12.6293,USD,11907.0,,,2024-08-15,2024-W33,2024-08,2024,Gastos fijos
2024-08-16 07:54:28+00:00,UNFCU 🌏,Expense,Restaurant,3.05762,USD,2883.0,,lunch,2024-08-16,2024-W33,2024-08,2024,Chao culpa
2024-08-16 09:33:11+00:00,UNFCU 🌏,Expense,Snacks & Coffee,3.85526,USD,3635.0,Tres cafes y pancake,,2024-08-16,2024-W33,2024-08,2024,Chao culpa
2024-08-16 10:39:29+00:00,UNFCU 🌏,Expense,Transport,2.99115,USD,2820.0,,gas,2024-08-16,2024-W33,2024-08,2024,Gastos fijos
2024-08-16 10:39:48+00:00,UNFCU 🌏,Expense,Healthcare,9.5962739,USD,9047.0,,,2024-08-16,2024-W33,2024-08,2024,Gastos fijos
2024-08-16 10:50:10+00:00,UNFCU 🌏,Expense,Groceries,4.78584,USD,4512.0,,,2024-08-16,2024-W33,2024-08,2024,Gastos fijos
2024-08-17 04:28:14+00:00,UNFCU 🌏,Expense,Restaurant,1.59528,USD,1504.0,,lunch,2024-08-17,2024-W33,2024-08,2024,Chao culpa
2024-08-17 04:28:22+00:00,UNFCU 🌏,Expense,Acommodation,12.6293,USD,11907.0,,,2024-08-17,2024-W33,2024-08,2024,Gastos fijos
2024-08-17 04:29:02+00:00,UNFCU 🌏,Expense,Utilities,6.11524,USD,5765.0,Cargar 4 veces 3 GB,,2024-08-17,2024-W33,2024-08,2024,Gastos fijos
2024-08-17 05:28:40+00:00,UNFCU 🌏,Expense,Groceries,3.52291,USD,3321.0,,,2024-08-17,2024-W33,2024-08,2024,Gastos fijos
2024-08-17 07:53:19+00:00,UNFCU 🌏,Expense,Snacks & Coffee,1.46234,USD,1379.0,,,2024-08-17,2024-W33,2024-08,2024,Chao culpa
2024-08-17 08:06:34+00:00,UNFCU 🌏,Expense,Transport,23.2645,USD,21934.0,3 days rent bikes ,,2024-08-17,2024-W33,2024-08,2024,Gastos fijos
2024-08-17 11:37:12+00:00,UNFCU 🌏,Expense,Groceries,6.666941,USD,6286.0,,,2024-08-17,2024-W33,2024-08,2024,Gastos fijos
2024-08-17 12:25:23+00:00,UNFCU 🌏,Expense,Restaurant,4.2773445,USD,4033.0,,dinner,2024-08-17,2024-W33,2024-08,2024,Chao culpa
2024-08-18 08:03:47+00:00,UNFCU 🌏,Expense,Restaurant,2.92468,USD,2757.0,,lunch,2024-08-18,2024-W33,2024-08,2024,Chao culpa
2024-08-18 08:03:57+00:00,UNFCU 🌏,Expense,Acommodation,12.6293,USD,11907.0,,,2024-08-18,2024-W33,2024-08,2024,Gastos fijos
2024-08-18 08:08:24+00:00,UNFCU 🌏,Expense,Groceries,2.033982,USD,1918.0,,,2024-08-18,2024-W33,2024-08,2024,Gastos fijos
2024-08-18 09:19:39+00:00,UNFCU 🌏,Expense,Snacks & Coffee,1.46234,USD,1379.0,,,2024-08-18,2024-W33,2024-08,2024,Chao culpa
2024-08-18 14:33:17+00:00,UNFCU 🌏,Expense,Restaurant,2.226745,USD,2099.0,,dinner,2024-08-18,2024-W33,2024-08,2024,Chao culpa
2024-08-18 14:50:11+00:00,UNFCU 🌏,Expense,Groceries,3.336794,USD,3146.0,,,2024-08-18,2024-W33,2024-08,2024,Gastos fijos
2024-08-19 07:27:17+00:00,UNFCU 🌏,Expense,Groceries,1.814631,USD,1711.0,,,2024-08-19,2024-W34,2024-08,2024,Gastos fijos
2024-08-19 08:30:31+00:00,UNFCU 🌏,Expense,Acommodation,10.6352,USD,10027.0,,,2024-08-19,2024-W34,2024-08,2024,Gastos fijos
2024-08-19 08:57:13+00:00,UNFCU 🌏,Expense,Restaurant,4.021435,USD,3791.0,,lunch,2024-08-19,2024-W34,2024-08,2024,Chao culpa
2024-08-19 15:03:49+00:00,UNFCU 🌏,Expense,Restaurant,4.971956,USD,4688.0,,dinner,2024-08-19,2024-W34,2024-08,2024,Chao culpa
2024-08-19 15:04:53+00:00,UNFCU 🌏,Expense,Gifts,1.9941,USD,1880.0,Senor qur me llevo a mina,propina,2024-08-19,2024-W34,2024-08,2024,Chao culpa
2024-08-19 15:05:05+00:00,UNFCU 🌏,Expense,Gifts,1.59528,USD,1504.0,Amin para cigarros,,2024-08-19,2024-W34,2024-08,2024,Chao culpa
2024-08-20 06:14:05+00:00,UNFCU 🌏,Expense,Groceries,2.466037,USD,2325.0,,,2024-08-20,2024-W34,2024-08,2024,Gastos fijos
2024-08-20 08:10:52+00:00,UNFCU 🌏,Expense,Restaurant,3.3235,USD,3133.0,,lunch,2024-08-20,2024-W34,2024-08,2024,Chao culpa
2024-08-20 08:11:02+00:00,UNFCU 🌏,Expense,Acommodation,10.6352,USD,10027.0,,,2024-08-20,2024-W34,2024-08,2024,Gastos fijos
2024-08-20 11:51:45+00:00,UNFCU 🌏,Expense,Restaurant,3.9882,USD,3760.0,,dinner,2024-08-20,2024-W34,2024-08,2024,Chao culpa
2024-08-20 11:52:03+00:00,UNFCU 🌏,Expense,Groceries,3.65585,USD,3447.0,,,2024-08-20,2024-W34,2024-08,2024,Gastos fijos
2024-08-20 12:15:50+00:00,UNFCU 🌏,Expense,Utilities,7.3117,USD,6893.0,28 gb telkomsel,,2024-08-20,2024-W34,2024-08,2024,Gastos fijos
2024-08-21 05:21:17+00:00,UNFCU 🌏,Expense,Transport,31.57325,USD,29767.0,Motorbike 4 more days,,2024-08-21,2024-W34,2024-08,2024,Gastos fijos
2024-08-21 05:21:32+00:00,UNFCU 🌏,Expense,Acommodation,10.6352,USD,10027.0,,,2024-08-21,2024-W34,2024-08,2024,Gastos fijos
2024-08-21 11:35:47+00:00,UNFCU 🌏,Expense,Gifts,3.3235,USD,3133.0,,propina,2024-08-21,2024-W34,2024-08,2024,Chao culpa
2024-08-21 11:36:00+00:00,UNFCU 🌏,Expense,Restaurant,3.9882,USD,3760.0,,dinner,2024-08-21,2024-W34,2024-08,2024,Chao culpa
2024-08-22 06:48:58+00:00,UNFCU 🌏,Expense,Personal Care,1.3294,USD,1253.0,Laundry ,,2024-08-22,2024-W34,2024-08,2024,Gastos fijos
2024-08-22 06:49:10+00:00,UNFCU 🌏,Expense,Acommodation,10.6352,USD,10027.0,,,2024-08-22,2024-W34,2024-08,2024,Gastos fijos
2024-08-22 09:09:22+00:00,UNFCU 🌏,Expense,Restaurant,10.3460555,USD,9754.0,,lunch,2024-08-22,2024-W34,2024-08,2024,Chao culpa
2024-08-22 12:21:36+00:00,UNFCU 🌏,Expense,Groceries,6.480825,USD,6110.0,,,2024-08-22,2024-W34,2024-08,2024,Gastos fijos
2024-08-22 13:08:00+00:00,UNFCU 🌏,Expense,Restaurant,2.52586,USD,2381.0,,dinner,2024-08-22,2024-W34,2024-08,2024,Chao culpa
2024-08-23 06:38:18+00:00,UNFCU 🌏,Expense,Acommodation,10.6352,USD,10027.0,,,2024-08-23,2024-W34,2024-08,2024,Gastos fijos
2024-08-23 08:25:44+00:00,UNFCU 🌏,Expense,Restaurant,4.7891635,USD,4515.0,,lunch,2024-08-23,2024-W34,2024-08,2024,Chao culpa
2024-08-23 11:56:51+00:00,UNFCU 🌏,Expense,Utilities,10.6352,USD,10027.0,65 gb more Telkom,,2024-08-23,2024-W34,2024-08,2024,Gastos fijos
2024-08-23 14:57:12+00:00,UNFCU 🌏,Expense,Restaurant,5.337541,USD,5032.0,,dinner,2024-08-23,2024-W34,2024-08,2024,Chao culpa
2024-08-24 06:35:42+00:00,UNFCU 🌏,Expense,Subscriptions,4.0,USD,3771.0,Capcut,,2024-08-24,2024-W34,2024-08,2024,Gastos fijos
2024-08-24 07:04:29+00:00,UNFCU 🌏,Expense,Groceries,6.507413,USD,6135.0,,,2024-08-24,2024-W34,2024-08,2024,Gastos fijos
2024-08-24 08:26:05+00:00,UNFCU 🌏,Expense,Restaurant,12.36342,USD,11656.0,Novotel ,lunch,2024-08-24,2024-W34,2024-08,2024,Chao culpa
2024-08-24 10:49:19+00:00,UNFCU 🌏,Expense,Gifts,1.9941,USD,1880.0,,propina,2024-08-24,2024-W34,2024-08,2024,Chao culpa
2024-08-24 11:40:40+00:00,UNFCU 🌏,Expense,Restaurant,2.32645,USD,2193.0,,,2024-08-24,2024-W34,2024-08,2024,Chao culpa
2024-08-24 14:22:54+00:00,UNFCU 🌏,Expense,Snacks & Coffee,2.32645,USD,2193.0,,,2024-08-24,2024-W34,2024-08,2024,Chao culpa
2024-08-24 14:23:28+00:00,UNFCU 🌏,Expense,Acommodation,10.6352,USD,10027.0,,,2024-08-24,2024-W34,2024-08,2024,Gastos fijos
2024-08-25 09:34:50+00:00,UNFCU 🌏,Expense,Restaurant,2.6588,USD,2507.0,,lunch,2024-08-25,2024-W34,2024-08,2024,Chao culpa
2024-08-25 09:35:07+00:00,UNFCU 🌏,Expense,Restaurant,3.3235,USD,3133.0,McDonald's ,breakfast,2024-08-25,2024-W34,2024-08,2024,Chao culpa
2024-08-25 09:35:20+00:00,UNFCU 🌏,Expense,Activities,36.5585,USD,34467.0,Floating market ,,2024-08-25,2024-W34,2024-08,2024,Chao culpa
2024-08-25 09:58:42+00:00,UNFCU 🌏,Expense,Groceries,4.98525,USD,4700.0,,,2024-08-25,2024-W34,2024-08,2024,Gastos fijos
2024-08-25 11:57:46+00:00,UNFCU 🌏,Expense,Restaurant,6.919527,USD,6524.0,,,2024-08-25,2024-W34,2024-08,2024,Chao culpa
2024-08-25 17:11:44+00:00,UNFCU 🌏,Expense,Restaurant,3.45644,USD,3259.0,McDonald's nuggers dinner 2,dinner,2024-08-25,2024-W34,2024-08,2024,Chao culpa
2024-08-26 05:19:21+00:00,UNFCU 🌏,Expense,Transport,29.9115,USD,28201.0,Motorbike 4 days,,2024-08-26,2024-W35,2024-08,2024,Gastos fijos
2024-08-26 05:41:24+00:00,UNFCU 🌏,Expense,Groceries,7.125584,USD,6718.0,,,2024-08-26,2024-W35,2024-08,2024,Gastos fijos
2024-08-26 05:41:34+00:00,UNFCU 🌏,Expense,Acommodation,10.6352,USD,10027.0,,,2024-08-26,2024-W35,2024-08,2024,Gastos fijos
2024-08-26 05:59:02+00:00,UNFCU 🌏,Expense,Restaurant,2.25998,USD,2131.0,,lunch,2024-08-26,2024-W35,2024-08,2024,Chao culpa
2024-08-26 14:42:08+00:00,UNFCU 🌏,Expense,Restaurant,6.8417571,USD,6450.0,,dinner,2024-08-26,2024-W35,2024-08,2024,Chao culpa
2024-08-26 14:42:20+00:00,UNFCU 🌏,Expense,Snacks & Coffee,3.85526,USD,3635.0,2 ixe americanos ,,2024-08-26,2024-W35,2024-08,2024,Chao culpa
2024-08-27 06:43:28+00:00,UNFCU 🌏,Expense,Restaurant,4.85231,USD,4575.0,,lunch,2024-08-27,2024-W35,2024-08,2024,Chao culpa
2024-08-27 06:58:39+00:00,UNFCU 🌏,Expense,Shopping,5.84936,USD,5515.0,Print 44 photo ,,2024-08-27,2024-W35,2024-08,2024,Chao culpa
2024-08-27 14:59:16+00:00,UNFCU 🌏,Expense,Restaurant,11.3896345,USD,10738.0,With pancakes ,dinner,2024-08-27,2024-W35,2024-08,2024,Chao culpa
2024-08-27 14:59:35+00:00,UNFCU 🌏,Expense,Acommodation,10.6352,USD,10027.0,,,2024-08-27,2024-W35,2024-08,2024,Gastos fijos
2024-08-27 15:00:00+00:00,UNFCU 🌏,Expense,Shopping,1.3294,USD,1253.0,Piedra,,2024-08-27,2024-W35,2024-08,2024,Chao culpa
2024-08-27 15:00:23+00:00,UNFCU 🌏,Expense,Gifts,1.3294,USD,1253.0,,propina,2024-08-27,2024-W35,2024-08,2024,Chao culpa
2024-08-27 15:00:50+00:00,UNFCU 🌏,Expense,Groceries,1.9941,USD,1880.0,,,2024-08-27,2024-W35,2024-08,2024,Gastos fijos
2024-08-28 04:03:45+00:00,UNFCU 🌏,Expense,Groceries,2.878151,USD,2714.0,,,2024-08-28,2024-W35,2024-08,2024,Gastos fijos
2024-08-28 04:03:55+00:00,UNFCU 🌏,Expense,Acommodation,10.6352,USD,10027.0,,,2024-08-28,2024-W35,2024-08,2024,Gastos fijos
2024-08-28 07:35:35+00:00,UNFCU 🌏,Expense,Restaurant,3.3235,USD,3133.0,,lunch,2024-08-28,2024-W35,2024-08,2024,Chao culpa
2024-08-28 07:35:50+00:00,UNFCU 🌏,Expense,Activities,3.9882,USD,3760.0,Alaska park x 2,,2024-08-28,2024-W35,2024-08,2024,Chao culpa
2024-08-28 10:39:09+00:00,UNFCU 🌏,Expense,Groceries,3.9882,USD,3760.0,,,2024-08-28,2024-W35,2024-08,2024,Gastos fijos
2024-08-28 15:25:28+00:00,UNFCU 🌏,Expense,Restaurant,6.726764,USD,6342.0,,dinner,2024-08-28,2024-W35,2024-08,2024,Chao culpa
2024-08-29 04:19:24+00:00,UNFCU 🌏,Expense,Groceries,6.228239,USD,5872.0,,,2024-08-29,2024-W35,2024-08,2024,Gastos fijos
2024-08-29 04:19:36+00:00,UNFCU 🌏,Expense,Transport,33.534115,USD,31616.0,Ferry banjarmasin to Surabaya ,,2024-08-29,2024-W35,2024-08,2024,Gastos fijos
2024-08-29 09:00:34+00:00,UNFCU 🌏,Expense,Restaurant,3.85526,USD,3635.0,,lunch,2024-08-29,2024-W35,2024-08,2024,Chao culpa
2024-08-29 13:13:57+00:00,UNFCU 🌏,Expense,Groceries,8.6411,USD,8147.0,,,2024-08-29,2024-W35,2024-08,2024,Gastos fijos
2024-08-29 13:39:19+00:00,UNFCU 🌏,Expense,Restaurant,3.45644,USD,3259.0,,dinner,2024-08-29,2024-W35,2024-08,2024,Chao culpa
2024-08-29 13:49:32+00:00,UNFCU 🌏,Expense,Transport,12.6293,USD,11907.0,Banjarbaru to banjarbasim,taxi,2024-08-29,2024-W35,2024-08,2024,Gastos fijos
2024-08-29 15:43:37+00:00,UNFCU 🌏,Expense,Acommodation,10.0,USD,9428.0,Hotel eqjivocado no fui,,2024-08-29,2024-W35,2024-08,2024,Gastos fijos
2024-08-29 15:43:50+00:00,UNFCU 🌏,Expense,Acommodation,10.0,USD,9428.0,Hotel que ne quede ,,2024-08-29,2024-W35,2024-08,2024,Gastos fijos
2024-08-29 17:16:18+00:00,UNFCU 🌏,Expense,Acommodation,7.78,USD,7335.0,,,2024-08-29,2024-W35,2024-08,2024,Gastos fijos
2024-08-30 04:57:44+00:00,UNFCU 🌏,Expense,Restaurant,5.3176,USD,5013.0,,lunch,2024-08-30,2024-W35,2024-08,2024,Chao culpa
2024-08-30 04:58:30+00:00,UNFCU 🌏,Expense,Transport,1.9941,USD,1880.0,,taxi,2024-08-30,2024-W35,2024-08,2024,Gastos fijos
2024-08-31 02:16:43+00:00,UNFCU 🌏,Expense,Groceries,0.6647,USD,627.0,,,2024-08-31,2024-W35,2024-08,2024,Gastos fijos
2024-08-31 02:17:27+00:00,UNFCU 🌏,Expense,Transport,13.294,USD,12534.0,Bus Surabaya to pacitan,bus,2024-08-31,2024-W35,2024-08,2024,Gastos fijos
2024-08-31 06:33:42+00:00,UNFCU 🌏,Expense,Groceries,6.71347,USD,6329.0,,,2024-08-31,2024-W35,2024-08,2024,Gastos fijos
2024-08-31 07:17:38+00:00,UNFCU 🌏,Expense,Acommodation,4.6529,USD,4387.0,Dorm - Harry ocean house,,2024-08-31,2024-W35,2024-08,2024,Gastos fijos
2024-08-31 07:46:18+00:00,UNFCU 🌏,Expense,Restaurant,2.52586,USD,2381.0,,lunch,2024-08-31,2024-W35,2024-08,2024,Chao culpa
2024-08-31 13:06:36+00:00,UNFCU 🌏,Expense,Restaurant,1.19646,USD,1128.0,,dinner,2024-08-31,2024-W35,2024-08,2024,Chao culpa
2024-09-01 03:55:41+00:00,UNFCU 🌏,Expense,Groceries,20.858286,USD,19054.0,,,2024-09-01,2024-W35,2024-09,2024,Gastos fijos
2024-09-01 03:56:59+00:00,UNFCU 🌏,Expense,Transport,0.824228,USD,753.0,,taxi,2024-09-01,2024-W35,2024-09,2024,Gastos fijos
2024-09-01 07:17:48+00:00,UNFCU 🌏,Expense,Acommodation,4.6529,USD,4251.0,,,2024-09-01,2024-W35,2024-09,2024,Gastos fijos
2024-09-01 09:32:31+00:00,UNFCU 🌏,Expense,Snacks & Coffee,0.33235,USD,304.0,,,2024-09-01,2024-W35,2024-09,2024,Chao culpa
2024-09-01 09:32:39+00:00,UNFCU 🌏,Expense,Transport,0.824228,USD,753.0,,taxi,2024-09-01,2024-W35,2024-09,2024,Gastos fijos
2024-09-01 09:32:48+00:00,UNFCU 🌏,Expense,Transport,0.824228,USD,753.0,,taxi,2024-09-01,2024-W35,2024-09,2024,Gastos fijos
2024-09-01 09:33:07+00:00,UNFCU 🌏,Expense,Snacks & Coffee,0.26588,USD,243.0,,,2024-09-01,2024-W35,2024-09,2024,Chao culpa
2024-09-01 10:20:43+00:00,UNFCU 🌏,Expense,Restaurant,1.66175,USD,1518.0,,dinner,2024-09-01,2024-W35,2024-09,2024,Chao culpa
2024-09-02 05:19:28+00:00,UNFCU 🌏,Expense,Activities,5.3176,USD,4858.0,Rent surf board,,2024-09-02,2024-W36,2024-09,2024,Chao culpa
2024-09-02 05:19:40+00:00,UNFCU 🌏,Expense,Transport,4.6529,USD,4251.0,Bike rent,,2024-09-02,2024-W36,2024-09,2024,Gastos fijos
2024-09-02 05:19:50+00:00,UNFCU 🌏,Expense,Acommodation,4.6529,USD,4251.0,,,2024-09-02,2024-W36,2024-09,2024,Gastos fijos
2024-09-02 05:55:49+00:00,UNFCU 🌏,Expense,Transport,0.99705,USD,911.0,,gas,2024-09-02,2024-W36,2024-09,2024,Gastos fijos
2024-09-02 06:27:07+00:00,UNFCU 🌏,Expense,Restaurant,1.26293,USD,1154.0,,lunch,2024-09-02,2024-W36,2024-09,2024,Chao culpa
2024-09-02 06:43:14+00:00,UNFCU 🌏,Expense,Groceries,6.71347,USD,6133.0,,,2024-09-02,2024-W36,2024-09,2024,Gastos fijos
2024-09-02 08:30:14+00:00,UNFCU 🌏,Expense,Personal Care,0.6647,USD,607.0,,laundry ,2024-09-02,2024-W36,2024-09,2024,Gastos fijos
2024-09-02 12:11:15+00:00,UNFCU 🌏,Expense,Restaurant,2.598977,USD,2374.0,,dinner,2024-09-02,2024-W36,2024-09,2024,Chao culpa
2024-09-03 06:49:45+00:00,UNFCU 🌏,Expense,Restaurant,2.499272,USD,2283.0,,lunch,2024-09-03,2024-W36,2024-09,2024,Chao culpa
2024-09-03 06:50:20+00:00,UNFCU 🌏,Expense,Acommodation,4.6529,USD,4251.0,Dorm,,2024-09-03,2024-W36,2024-09,2024,Gastos fijos
2024-09-03 14:29:25+00:00,UNFCU 🌏,Expense,Restaurant,2.805034,USD,2562.0,,dinner,2024-09-03,2024-W36,2024-09,2024,Chao culpa
2024-09-03 14:29:41+00:00,UNFCU 🌏,Expense,Sport,3.3235,USD,3036.0,Surf board half day,,2024-09-03,2024-W36,2024-09,2024,Secundarios
2024-09-04 06:39:31+00:00,UNFCU 🌏,Expense,Acommodation,4.6529,USD,4251.0,,,2024-09-04,2024-W36,2024-09,2024,Gastos fijos
2024-09-04 06:40:09+00:00,UNFCU 🌏,Expense,Sport,3.3235,USD,3036.0,Surf,,2024-09-04,2024-W36,2024-09,2024,Secundarios
2024-09-04 06:40:25+00:00,UNFCU 🌏,Expense,Restaurant,3.3235,USD,3036.0,,lunch,2024-09-04,2024-W36,2024-09,2024,Chao culpa
2024-09-04 06:40:48+00:00,UNFCU 🌏,Expense,Transport,1.66175,USD,1518.0,Bicycle ,rental,2024-09-04,2024-W36,2024-09,2024,Gastos fijos
2024-09-04 12:29:46+00:00,UNFCU 🌏,Expense,Other,2.59233,USD,2368.0,Courrier service to bali from pacitan ,,2024-09-04,2024-W36,2024-09,2024,Gastos fijos
2024-09-04 13:07:23+00:00,UNFCU 🌏,Expense,Restaurant,2.06057,USD,1882.0,"Nasi goreng , nuggets and lemon tea",,2024-09-04,2024-W36,2024-09,2024,Chao culpa
2024-09-04 13:20:10+00:00,UNFCU 🌏,Expense,Groceries,8.002988,USD,7311.0,,,2024-09-04,2024-W36,2024-09,2024,Gastos fijos
2024-09-05 04:57:54+00:00,UNFCU 🌏,Expense,Transport,6.647,USD,6072.0,Pacitan to Yogyakarta ,bus,2024-09-05,2024-W36,2024-09,2024,Gastos fijos
2024-09-05 06:21:23+00:00,UNFCU 🌏,Expense,Restaurant,2.32645,USD,2125.0,,lunch,2024-09-05,2024-W36,2024-09,2024,Chao culpa
2024-09-05 06:35:19+00:00,UNFCU 🌏,Expense,Acommodation,8.076105,USD,7378.0,Wanderlust Yogyakarta ,,2024-09-05,2024-W36,2024-09,2024,Gastos fijos
2024-09-05 09:12:30+00:00,UNFCU 🌏,Expense,Restaurant,3.9882,USD,3643.0,Pizza ,dinner,2024-09-05,2024-W36,2024-09,2024,Chao culpa
2024-09-05 14:27:34+00:00,UNFCU 🌏,Expense,Restaurant,3.509616,USD,3206.0,,dinner,2024-09-05,2024-W36,2024-09,2024,Chao culpa
2024-09-06 03:40:56+00:00,UNFCU 🌏,Expense,Groceries,0.963815,USD,880.0,,,2024-09-06,2024-W36,2024-09,2024,Gastos fijos
2024-09-06 03:41:12+00:00,UNFCU 🌏,Expense,Shopping,5.9823,USD,5465.0,Guitar strap and strings ,music,2024-09-06,2024-W36,2024-09,2024,Chao culpa
2024-09-06 05:11:58+00:00,UNFCU 🌏,Expense,Groceries,1.455693,USD,1330.0,,,2024-09-06,2024-W36,2024-09,2024,Gastos fijos
2024-09-06 05:12:04+00:00,UNFCU 🌏,Expense,Snacks & Coffee,2.99115,USD,2732.0,,,2024-09-06,2024-W36,2024-09,2024,Chao culpa
2024-09-06 06:55:54+00:00,UNFCU 🌏,Expense,Transport,0.824228,USD,753.0,,taxi,2024-09-06,2024-W36,2024-09,2024,Gastos fijos
2024-09-06 07:32:21+00:00,UNFCU 🌏,Expense,Shopping,19.941,USD,18217.0,2 earing 10mm and one 8mm,,2024-09-06,2024-W36,2024-09,2024,Chao culpa
2024-09-06 07:48:11+00:00,UNFCU 🌏,Expense,Transport,0.824228,USD,753.0,,taxi,2024-09-06,2024-W36,2024-09,2024,Gastos fijos
2024-09-06 07:48:40+00:00,UNFCU 🌏,Expense,Transport,0.824228,USD,753.0,,taxi,2024-09-06,2024-W36,2024-09,2024,Gastos fijos
2024-09-06 07:54:59+00:00,UNFCU 🌏,Expense,Groceries,6.44759,USD,5890.0,Granola,,2024-09-06,2024-W36,2024-09,2024,Gastos fijos
2024-09-06 07:55:14+00:00,UNFCU 🌏,Expense,Acommodation,8.076105,USD,7378.0,,,2024-09-06,2024-W36,2024-09,2024,Gastos fijos
2024-09-06 08:19:04+00:00,UNFCU 🌏,Expense,Restaurant,8.70757,USD,7955.0,,lunch,2024-09-06,2024-W36,2024-09,2024,Chao culpa
2024-09-06 09:31:51+00:00,UNFCU 🌏,Expense,Snacks & Coffee,3.72232,USD,3400.0,,,2024-09-06,2024-W36,2024-09,2024,Chao culpa
2024-09-06 14:00:01+00:00,UNFCU 🌏,Expense,Snacks & Coffee,0.498525,USD,455.0,,,2024-09-06,2024-W36,2024-09,2024,Chao culpa
2024-09-06 14:01:34+00:00,UNFCU 🌏,Income,Refund,23.2645,USD,21253.0,Refund hostel por bedbug,,2024-09-06,2024-W36,2024-09,2024,Otros
2024-09-06 14:19:18+00:00,UNFCU 🌏,Expense,Restaurant,6.77994,USD,6194.0,Pizza,dinner,2024-09-06,2024-W36,2024-09,2024,Chao culpa
2024-09-06 14:19:21+00:00,UNFCU 🌏,Expense,Restaurant,6.77994,USD,6194.0,Pizza,dinner,2024-09-06,2024-W36,2024-09,2024,Chao culpa
2024-09-06 14:53:09+00:00,UNFCU 🌏,Expense,Transport,0.957168,USD,874.0,,taxi,2024-09-06,2024-W36,2024-09,2024,Gastos fijos
2024-09-07 04:07:56+00:00,UNFCU 🌏,Expense,Groceries,5.344188,USD,4882.0,,,2024-09-07,2024-W36,2024-09,2024,Gastos fijos
2024-09-07 04:13:03+00:00,UNFCU 🌏,Expense,Pharmacy ,5.949065,USD,5435.0,Antispetic ear,,2024-09-07,2024-W36,2024-09,2024,Gastos fijos
2024-09-07 04:28:20+00:00,UNFCU 🌏,Expense,Snacks & Coffee,2.499272,USD,2283.0,,,2024-09-07,2024-W36,2024-09,2024,Chao culpa
2024-09-07 04:31:12+00:00,UNFCU 🌏,Expense,Acommodation,7.9764,USD,7287.0,,,2024-09-07,2024-W36,2024-09,2024,Gastos fijos
2024-09-07 05:52:38+00:00,UNFCU 🌏,Expense,Transport,0.824228,USD,753.0,,,2024-09-07,2024-W36,2024-09,2024,Gastos fijos
2024-09-07 05:53:00+00:00,UNFCU 🌏,Expense,Transport,1.3294,USD,1214.0,Shared van Borobudur - damri bus,,2024-09-07,2024-W36,2024-09,2024,Gastos fijos
2024-09-07 08:10:24+00:00,UNFCU 🌏,Expense,Snacks & Coffee,0.33235,USD,304.0,,,2024-09-07,2024-W36,2024-09,2024,Chao culpa
2024-09-07 08:28:26+00:00,UNFCU 🌏,Expense,Restaurant,2.52586,USD,2307.0,,lunch,2024-09-07,2024-W36,2024-09,2024,Chao culpa
2024-09-07 10:15:49+00:00,UNFCU 🌏,Expense,Activities,31.31740697,USD,28609.0,Borobudur temple,,2024-09-07,2024-W36,2024-09,2024,Chao culpa
2024-09-07 12:15:58+00:00,UNFCU 🌏,Expense,Transport,1.3294,USD,1214.0,Return jogya,,2024-09-07,2024-W36,2024-09,2024,Gastos fijos
2024-09-07 13:30:22+00:00,UNFCU 🌏,Expense,Restaurant,4.45349,USD,4068.0,Pizza Mediterranea,dinner,2024-09-07,2024-W36,2024-09,2024,Chao culpa
2024-09-08 01:24:15+00:00,UNFCU 🌏,Expense,Transport,1.229695,USD,1123.0,,taxi,2024-09-08,2024-W36,2024-09,2024,Gastos fijos
2024-09-08 01:24:31+00:00,UNFCU 🌏,Expense,Transport,44.80078,USD,40926.0,Train yogjakarta to jakarta,,2024-09-08,2024-W36,2024-09,2024,Gastos fijos
2024-09-08 04:33:00+00:00,UNFCU 🌏,Expense,Snacks & Coffee,0.6647,USD,607.0,,,2024-09-08,2024-W36,2024-09,2024,Chao culpa
2024-09-08 04:33:09+00:00,UNFCU 🌏,Expense,Snacks & Coffee,0.99705,USD,911.0,,,2024-09-08,2024-W36,2024-09,2024,Chao culpa
2024-09-08 06:34:05+00:00,UNFCU 🌏,Expense,Acommodation,7.11,USD,6495.0,Jakarta ,,2024-09-08,2024-W36,2024-09,2024,Gastos fijos
2024-09-08 09:22:16+00:00,UNFCU 🌏,Expense,Snacks & Coffee,1.090108,USD,996.0,,,2024-09-08,2024-W36,2024-09,2024,Chao culpa
2024-09-08 12:03:20+00:00,UNFCU 🌏,Expense,Restaurant,8.97345,USD,8197.0,Con cate,dinner,2024-09-08,2024-W36,2024-09,2024,Chao culpa
2024-09-08 12:23:30+00:00,UNFCU 🌏,Expense,Restaurant,1.86116,USD,1700.0,,,2024-09-08,2024-W36,2024-09,2024,Chao culpa
2024-09-09 02:48:10+00:00,UNFCU 🌏,Expense,Flights,135.0,USD,123325.0,Jakarta to Hoo Chi Minh,,2024-09-09,2024-W37,2024-09,2024,Otros
2024-09-09 03:06:21+00:00,UNFCU 🌏,Expense,Groceries,3.19056,USD,2915.0,,,2024-09-09,2024-W37,2024-09,2024,Gastos fijos
2024-09-09 03:06:46+00:00,UNFCU 🌏,Expense,Snacks & Coffee,1.66175,USD,1518.0,,,2024-09-09,2024-W37,2024-09,2024,Chao culpa
2024-09-09 05:39:10+00:00,UNFCU 🌏,Expense,Restaurant,6.31465,USD,5769.0,,lunch,2024-09-09,2024-W37,2024-09,2024,Chao culpa
2024-09-09 06:58:24+00:00,UNFCU 🌏,Expense,Acommodation,8.72,USD,7966.0,,,2024-09-09,2024-W37,2024-09,2024,Gastos fijos
2024-09-09 12:55:16+00:00,UNFCU 🌏,Expense,Restaurant,3.57084,USD,3262.0,,dinner,2024-09-09,2024-W37,2024-09,2024,Chao culpa
2024-09-10 04:03:28+00:00,UNFCU 🌏,Expense,Restaurant,9.5035356,USD,8682.0,,breakfast,2024-09-10,2024-W37,2024-09,2024,Chao culpa
2024-09-10 04:49:06+00:00,UNFCU 🌏,Expense,Shopping,85.31757,USD,77939.0,"uniqlo 4 clothes : short, 2 t-shirt, jacket ",ropa,2024-09-10,2024-W37,2024-09,2024,Chao culpa
2024-09-10 05:34:19+00:00,UNFCU 🌏,Expense,Shopping,178.1169,USD,162713.0,Kindle papaerwhite 11th generation ,electronics,2024-09-10,2024-W37,2024-09,2024,Chao culpa
2024-09-10 06:58:40+00:00,UNFCU 🌏,Expense,Acommodation,8.72,USD,7966.0,,,2024-09-10,2024-W37,2024-09,2024,Gastos fijos
2024-09-10 07:11:45+00:00,UNFCU 🌏,Expense,Personal Care,11.26515,USD,10291.0,Sunscreen face and cleanser ,,2024-09-10,2024-W37,2024-09,2024,Gastos fijos
2024-09-10 07:28:49+00:00,UNFCU 🌏,Expense,Transport,0.8399976,USD,767.0,,taxi,2024-09-10,2024-W37,2024-09,2024,Gastos fijos
2024-09-10 07:29:03+00:00,UNFCU 🌏,Expense,Transport,2.1663096,USD,1979.0,,taxi,2024-09-10,2024-W37,2024-09,2024,Gastos fijos
2024-09-10 07:29:17+00:00,UNFCU 🌏,Expense,Transport,1.8126264,USD,1656.0,,taxi,2024-09-10,2024-W37,2024-09,2024,Gastos fijos
2024-09-10 07:32:03+00:00,UNFCU 🌏,Expense,Shopping,169.6149,USD,154947.0,Western digital hdd 5tb - 1 de 2,electronics,2024-09-10,2024-W37,2024-09,2024,Chao culpa
2024-09-10 07:35:06+00:00,UNFCU 🌏,Expense,Restaurant,5.4161991,USD,4948.0,,lunch,2024-09-10,2024-W37,2024-09,2024,Chao culpa
2024-09-10 08:02:47+00:00,UNFCU 🌏,Expense,Groceries,4.93116,USD,4505.0,,,2024-09-10,2024-W37,2024-09,2024,Gastos fijos
2024-09-10 13:36:34+00:00,UNFCU 🌏,Expense,Restaurant,5.65383,USD,5165.0,,dinner,2024-09-10,2024-W37,2024-09,2024,Chao culpa
2024-09-10 18:24:28+00:00,UNFCU 🌏,Expense,Groceries,7.86435,USD,7184.0,,,2024-09-10,2024-W37,2024-09,2024,Gastos fijos
2024-09-10 21:16:08+00:00,UNFCU 🌏,Expense,Shopping,238.78143,USD,218132.0,Samsung SSD 4TB T5 ,electronics,2024-09-10,2024-W37,2024-09,2024,Chao culpa
2024-09-10 21:16:52+00:00,UNFCU 🌏,Expense,Shopping,21.1311,USD,19304.0,MicroSd sandisk 256 GB V30,,2024-09-10,2024-W37,2024-09,2024,Chao culpa
2024-09-11 06:48:45+00:00,UNFCU 🌏,Expense,Shopping,348.1569,USD,318048.0,Sandisk SSD 4tb - Red,electronics,2024-09-11,2024-W37,2024-09,2024,Chao culpa
2024-09-11 06:49:21+00:00,UNFCU 🌏,Expense,Shopping,9.73479,USD,8893.0,Charger ,,2024-09-11,2024-W37,2024-09,2024,Chao culpa
2024-09-11 06:59:31+00:00,UNFCU 🌏,Expense,Acommodation,14.46,USD,13209.0,,,2024-09-11,2024-W37,2024-09,2024,Gastos fijos
2024-09-11 07:27:34+00:00,UNFCU 🌏,Expense,Transport,1.768416,USD,1615.0,,taxi,2024-09-11,2024-W37,2024-09,2024,Gastos fijos
2024-09-11 07:28:22+00:00,UNFCU 🌏,Expense,Transport,0.8399976,USD,767.0,,taxi,2024-09-11,2024-W37,2024-09,2024,Gastos fijos
2024-09-11 07:29:25+00:00,UNFCU 🌏,Expense,Transport,0.00471861,USD,4.0,,,2024-09-11,2024-W37,2024-09,2024,Gastos fijos
2024-09-11 09:31:28+00:00,UNFCU 🌏,Expense,Restaurant,13.51818,USD,12349.0,,lunch,2024-09-11,2024-W37,2024-09,2024,Chao culpa
2024-09-11 13:21:45+00:00,UNFCU 🌏,Expense,Shopping,450.606,USD,411638.0,Sony sd card 128 tough x2,compra-valiosa,2024-09-11,2024-W37,2024-09,2024,Chao culpa
2024-09-11 13:37:14+00:00,UNFCU 🌏,Expense,Groceries,3.99594,USD,3650.0,,,2024-09-11,2024-W37,2024-09,2024,Gastos fijos
2024-09-11 15:11:01+00:00,UNFCU 🌏,Expense,Snacks & Coffee,1.48785,USD,1359.0,,,2024-09-11,2024-W37,2024-09,2024,Chao culpa
2024-09-11 15:14:53+00:00,UNFCU 🌏,Expense,Restaurant,1.7004,USD,1553.0,Street beef noodles ,dinner,2024-09-11,2024-W37,2024-09,2024,Chao culpa
2024-09-11 21:19:22+00:00,UNFCU 🌏,Expense,Shopping,159.0813,USD,145324.0,Hdd western digital 5tb 2 de 2,electronics,2024-09-11,2024-W37,2024-09,2024,Chao culpa
2024-09-12 06:40:42+00:00,UNFCU 🌏,Expense,Shopping,51.90471,USD,47416.0,3 polerad airism cottom and jockey ,,2024-09-12,2024-W37,2024-09,2024,Chao culpa
2024-09-12 07:18:24+00:00,UNFCU 🌏,Expense,Acommodation,8.84208,USD,8077.0,,,2024-09-12,2024-W37,2024-09,2024,Gastos fijos
2024-09-12 07:18:50+00:00,UNFCU 🌏,Expense,Transport,0.9284184,USD,848.0,,taxi,2024-09-12,2024-W37,2024-09,2024,Gastos fijos
2024-09-12 08:15:35+00:00,UNFCU 🌏,Expense,Restaurant,2.89068,USD,2641.0,,lunch,2024-09-12,2024-W37,2024-09,2024,Chao culpa
2024-09-12 08:55:04+00:00,UNFCU 🌏,Expense,Snacks & Coffee,1.7004,USD,1553.0,,,2024-09-12,2024-W37,2024-09,2024,Chao culpa
2024-09-12 09:06:36+00:00,UNFCU 🌏,Expense,Snacks & Coffee,1.91295,USD,1748.0,,,2024-09-12,2024-W37,2024-09,2024,Chao culpa
2024-09-12 16:35:45+00:00,UNFCU 🌏,Expense,Groceries,1.65789,USD,1515.0,,,2024-09-12,2024-W37,2024-09,2024,Gastos fijos
2024-09-12 16:44:59+00:00,UNFCU 🌏,Expense,Groceries,0.89271,USD,816.0,,,2024-09-12,2024-W37,2024-09,2024,Gastos fijos
2024-09-13 04:07:11+00:00,UNFCU 🌏,Expense,Activities,5.1012,USD,4660.0,War museums ,,2024-09-13,2024-W37,2024-09,2024,Chao culpa
2024-09-13 05:40:07+00:00,UNFCU 🌏,Expense,Restaurant,4.6761,USD,4272.0,Sukiya jaoan,lunch,2024-09-13,2024-W37,2024-09,2024,Chao culpa
2024-09-13 05:41:39+00:00,UNFCU 🌏,Expense,Transport,0.6189456,USD,565.0,,taxi,2024-09-13,2024-W37,2024-09,2024,Gastos fijos
2024-09-13 05:54:23+00:00,UNFCU 🌏,Expense,Snacks & Coffee,4.46355,USD,4078.0,Cold brew,,2024-09-13,2024-W37,2024-09,2024,Chao culpa
2024-09-13 07:00:57+00:00,UNFCU 🌏,Expense,Acommodation,8.28945,USD,7573.0,Saigon rooftops night 2,,2024-09-13,2024-W37,2024-09,2024,Gastos fijos
2024-09-13 09:44:26+00:00,UNFCU 🌏,Expense,Shopping,73.92489,USD,67532.0,Drone camera filters set ND 8 16 32,photography ,2024-09-13,2024-W37,2024-09,2024,Chao culpa
2024-09-13 10:00:42+00:00,UNFCU 🌏,Expense,Shopping,3.4008,USD,3107.0,Bag drone fuji,,2024-09-13,2024-W37,2024-09,2024,Chao culpa
2024-09-13 10:55:15+00:00,UNFCU 🌏,Expense,Shopping,10.6275,USD,9708.0,Kindle origami case,,2024-09-13,2024-W37,2024-09,2024,Chao culpa
2024-09-13 12:08:02+00:00,UNFCU 🌏,Expense,Snacks & Coffee,0.63765,USD,583.0,,,2024-09-13,2024-W37,2024-09,2024,Chao culpa
2024-09-13 12:55:03+00:00,UNFCU 🌏,Expense,Transport,2.1663096,USD,1979.0,,taxi,2024-09-13,2024-W37,2024-09,2024,Gastos fijos
2024-09-14 03:50:44+00:00,UNFCU 🌏,Expense,Restaurant,2.9757,USD,2718.0,,lunch,2024-09-14,2024-W37,2024-09,2024,Chao culpa
2024-09-14 03:50:51+00:00,UNFCU 🌏,Expense,Snacks & Coffee,0.8502,USD,777.0,,,2024-09-14,2024-W37,2024-09,2024,Chao culpa
2024-09-14 08:56:52+00:00,UNFCU 🌏,Expense,Acommodation,10.07487,USD,9204.0,Little ann farmstay deluxe room 1 night,,2024-09-14,2024-W37,2024-09,2024,Gastos fijos
2024-09-14 09:54:13+00:00,UNFCU 🌏,Expense,Alcohol,0.63765,USD,583.0,,,2024-09-14,2024-W37,2024-09,2024,Chao culpa
2024-09-14 10:40:50+00:00,UNFCU 🌏,Expense,Transport,21.6,USD,19732.0,Hoo chi minh to dalat ,bus,2024-09-14,2024-W37,2024-09,2024,Gastos fijos
2024-09-14 10:45:53+00:00,UNFCU 🌏,Expense,Restaurant,5.99391,USD,5476.0,,dinner,2024-09-14,2024-W37,2024-09,2024,Chao culpa
2024-09-14 14:03:05+00:00,UNFCU 🌏,Expense,Snacks & Coffee,1.19028,USD,1087.0,,,2024-09-14,2024-W37,2024-09,2024,Chao culpa
2024-09-15 04:06:49+00:00,UNFCU 🌏,Expense,Groceries,8.502,USD,7767.0,,,2024-09-15,2024-W37,2024-09,2024,Gastos fijos
2024-09-15 04:06:57+00:00,UNFCU 🌏,Expense,Acommodation,10.07487,USD,9204.0,,,2024-09-15,2024-W37,2024-09,2024,Gastos fijos
2024-09-15 04:30:58+00:00,UNFCU 🌏,Expense,Snacks & Coffee,2.08299,USD,1903.0,Highlands coffee combo large,,2024-09-15,2024-W37,2024-09,2024,Chao culpa
2024-09-15 09:48:08+00:00,UNFCU 🌏,Expense,Restaurant,9.13965,USD,8349.0,Burger aussie,,2024-09-15,2024-W37,2024-09,2024,Chao culpa
2024-09-15 10:45:49+00:00,UNFCU 🌏,Expense,Shopping,3.4008,USD,3107.0,Hdmi cable,,2024-09-15,2024-W37,2024-09,2024,Chao culpa
2024-09-15 10:45:58+00:00,UNFCU 🌏,Expense,Transport,0.663156,USD,606.0,,taxi,2024-09-15,2024-W37,2024-09,2024,Gastos fijos
2024-09-15 11:04:31+00:00,UNFCU 🌏,Expense,Groceries,6.92913,USD,6330.0,,,2024-09-15,2024-W37,2024-09,2024,Gastos fijos
2024-09-15 14:29:22+00:00,UNFCU 🌏,Expense,Restaurant,1.7004,USD,1553.0,,dinner,2024-09-15,2024-W37,2024-09,2024,Chao culpa
2024-09-16 04:43:40+00:00,UNFCU 🌏,Expense,Snacks & Coffee,2.33805,USD,2136.0,,,2024-09-16,2024-W38,2024-09,2024,Chao culpa
2024-09-16 04:44:19+00:00,UNFCU 🌏,Expense,Acommodation,10.07487,USD,9204.0,,,2024-09-16,2024-W38,2024-09,2024,Gastos fijos
2024-09-16 05:43:18+00:00,UNFCU 🌏,Expense,Snacks & Coffee,2.93319,USD,2680.0,,,2024-09-16,2024-W38,2024-09,2024,Chao culpa
2024-09-16 08:46:25+00:00,UNFCU 🌏,Expense,Restaurant,2.76315,USD,2524.0,,lunch,2024-09-16,2024-W38,2024-09,2024,Chao culpa
2024-09-16 09:19:19+00:00,UNFCU 🌏,Expense,Transport,0.663156,USD,606.0,,taxi,2024-09-16,2024-W38,2024-09,2024,Gastos fijos
2024-09-16 09:43:56+00:00,UNFCU 🌏,Expense,Transport,0.663156,USD,606.0,,taxi,2024-09-16,2024-W38,2024-09,2024,Gastos fijos
2024-09-16 13:16:21+00:00,UNFCU 🌏,Expense,Groceries,1.764165,USD,1612.0,,,2024-09-16,2024-W38,2024-09,2024,Gastos fijos
2024-09-17 08:20:40+00:00,UNFCU 🌏,Expense,Shopping,4.251,USD,3883.0,Mica iphone nueva ,,2024-09-17,2024-W38,2024-09,2024,Chao culpa
2024-09-17 08:20:55+00:00,UNFCU 🌏,Expense,Acommodation,10.07487,USD,9204.0,,,2024-09-17,2024-W38,2024-09,2024,Gastos fijos
2024-09-17 08:21:00+00:00,UNFCU 🌏,Expense,Snacks & Coffee,2.08299,USD,1903.0,,,2024-09-17,2024-W38,2024-09,2024,Chao culpa
2024-09-17 09:07:36+00:00,UNFCU 🌏,Expense,Restaurant,5.1012,USD,4660.0,,lunch,2024-09-17,2024-W38,2024-09,2024,Chao culpa
2024-09-17 09:45:00+00:00,UNFCU 🌏,Expense,Transport,0.663156,USD,606.0,,taxi,2024-09-17,2024-W38,2024-09,2024,Gastos fijos
2024-09-17 14:11:44+00:00,UNFCU 🌏,Expense,Groceries,2.33805,USD,2136.0,,,2024-09-17,2024-W38,2024-09,2024,Gastos fijos
2024-09-17 14:31:26+00:00,UNFCU 🌏,Expense,Restaurant,2.1255,USD,1942.0,,dinner,2024-09-17,2024-W38,2024-09,2024,Chao culpa
2024-09-18 05:17:55+00:00,UNFCU 🌏,Expense,Groceries,1.02024,USD,932.0,,,2024-09-18,2024-W38,2024-09,2024,Gastos fijos
2024-09-18 05:18:06+00:00,UNFCU 🌏,Expense,Acommodation,10.07487,USD,9204.0,,,2024-09-18,2024-W38,2024-09,2024,Gastos fijos
2024-09-18 11:11:17+00:00,UNFCU 🌏,Expense,Restaurant,6.97164,USD,6369.0,Sushi,lunch,2024-09-18,2024-W38,2024-09,2024,Chao culpa
2024-09-18 11:30:29+00:00,UNFCU 🌏,Expense,Groceries,2.134002,USD,1949.0,,,2024-09-18,2024-W38,2024-09,2024,Gastos fijos
2024-09-18 11:30:38+00:00,UNFCU 🌏,Expense,Snacks & Coffee,2.93319,USD,2680.0,,,2024-09-18,2024-W38,2024-09,2024,Chao culpa
2024-09-18 11:31:08+00:00,UNFCU 🌏,Expense,Snacks & Coffee,2.33805,USD,2136.0,,,2024-09-18,2024-W38,2024-09,2024,Chao culpa
2024-09-18 11:31:25+00:00,UNFCU 🌏,Expense,Snacks & Coffee,1.2753,USD,1165.0,,,2024-09-18,2024-W38,2024-09,2024,Chao culpa
2024-09-18 15:31:35+00:00,UNFCU 🌏,Expense,Transport,1.3705224,USD,1252.0,,,2024-09-18,2024-W38,2024-09,2024,Gastos fijos
2024-09-19 06:34:30+00:00,UNFCU 🌏,Expense,Transport,0.663156,USD,606.0,,taxi,2024-09-19,2024-W38,2024-09,2024,Gastos fijos
2024-09-19 06:43:49+00:00,UNFCU 🌏,Expense,Snacks & Coffee,3.14574,USD,2874.0,,,2024-09-19,2024-W38,2024-09,2024,Chao culpa
2024-09-19 09:34:08+00:00,UNFCU 🌏,Expense,Restaurant,3.4008,USD,3107.0,,lunch,2024-09-19,2024-W38,2024-09,2024,Chao culpa
2024-09-19 09:39:42+00:00,UNFCU 🌏,Expense,Personal Care,13.6032,USD,12427.0,Serum vitamin c obagi,,2024-09-19,2024-W38,2024-09,2024,Gastos fijos
2024-09-19 11:04:16+00:00,UNFCU 🌏,Expense,Transport,28.0,USD,25579.0,Night bus dalat to hanoi,bus,2024-09-19,2024-W38,2024-09,2024,Gastos fijos
2024-09-19 13:02:41+00:00,UNFCU 🌏,Expense,Restaurant,6.3765,USD,5825.0,,dinner,2024-09-19,2024-W38,2024-09,2024,Chao culpa
2024-09-20 03:46:26+00:00,UNFCU 🌏,Expense,Acommodation,9.56475,USD,8738.0,,,2024-09-20,2024-W38,2024-09,2024,Gastos fijos
2024-09-20 03:46:39+00:00,UNFCU 🌏,Expense,Restaurant,2.9757,USD,2718.0,,breakfast,2024-09-20,2024-W38,2024-09,2024,Chao culpa
2024-09-20 07:29:45+00:00,UNFCU 🌏,Expense,Snacks & Coffee,1.7004,USD,1553.0,,,2024-09-20,2024-W38,2024-09,2024,Chao culpa
2024-09-20 07:29:54+00:00,UNFCU 🌏,Expense,Transport,1.8568368,USD,1696.0,,taxi,2024-09-20,2024-W38,2024-09,2024,Gastos fijos
2024-09-20 07:52:41+00:00,UNFCU 🌏,Expense,Restaurant,2.5506,USD,2330.0,,lunch,2024-09-20,2024-W38,2024-09,2024,Chao culpa
2024-09-20 08:07:08+00:00,UNFCU 🌏,Expense,Restaurant,1.48785,USD,1359.0,Second banhi,lunch,2024-09-20,2024-W38,2024-09,2024,Chao culpa
2024-09-20 10:15:04+00:00,UNFCU 🌏,Expense,Transport,1.5159066,USD,1385.0,,taxi,2024-09-20,2024-W38,2024-09,2024,Gastos fijos
2024-09-20 10:15:16+00:00,UNFCU 🌏,Expense,Snacks & Coffee,1.7004,USD,1553.0,,,2024-09-20,2024-W38,2024-09,2024,Chao culpa
2024-09-20 10:30:03+00:00,UNFCU 🌏,Expense,Groceries,2.9757,USD,2718.0,,,2024-09-20,2024-W38,2024-09,2024,Gastos fijos
2024-09-20 10:50:56+00:00,UNFCU 🌏,Expense,Shopping,2.1255,USD,1942.0,Stickers ,,2024-09-20,2024-W38,2024-09,2024,Chao culpa
2024-09-20 11:03:21+00:00,UNFCU 🌏,Expense,Activities,29.757,USD,27184.0,Back neck massage and sauna ,,2024-09-20,2024-W38,2024-09,2024,Chao culpa
2024-09-20 13:52:17+00:00,UNFCU 🌏,Expense,Restaurant,2.33805,USD,2136.0,,dinner,2024-09-20,2024-W38,2024-09,2024,Chao culpa
2024-09-20 13:52:23+00:00,UNFCU 🌏,Expense,Groceries,2.93319,USD,2680.0,,,2024-09-20,2024-W38,2024-09,2024,Gastos fijos
2024-09-21 06:10:33+00:00,UNFCU 🌏,Expense,Acommodation,4.6761,USD,4272.0,Fee cancel ,,2024-09-21,2024-W38,2024-09,2024,Gastos fijos
2024-09-21 06:10:45+00:00,UNFCU 🌏,Expense,Acommodation,6.482775,USD,5922.0,Gio hostel ,,2024-09-21,2024-W38,2024-09,2024,Gastos fijos
2024-09-21 06:11:23+00:00,UNFCU 🌏,Expense,Shopping,6.3765,USD,5825.0,Iphone case,,2024-09-21,2024-W38,2024-09,2024,Chao culpa
2024-09-21 06:11:32+00:00,UNFCU 🌏,Expense,Groceries,3.74088,USD,3417.0,,,2024-09-21,2024-W38,2024-09,2024,Gastos fijos
2024-09-21 06:12:01+00:00,UNFCU 🌏,Expense,Transport,1.7242056,USD,1575.0,,taxi,2024-09-21,2024-W38,2024-09,2024,Gastos fijos
2024-09-21 06:56:31+00:00,UNFCU 🌏,Expense,Shopping,12.753,USD,11650.0,2 bananas patagonia,,2024-09-21,2024-W38,2024-09,2024,Chao culpa
2024-09-21 09:10:36+00:00,UNFCU 🌏,Expense,Restaurant,5.1012,USD,4660.0,,lunch,2024-09-21,2024-W38,2024-09,2024,Chao culpa
2024-09-21 09:10:48+00:00,UNFCU 🌏,Expense,Snacks & Coffee,1.7004,USD,1553.0,,,2024-09-21,2024-W38,2024-09,2024,Chao culpa
2024-09-21 09:10:55+00:00,UNFCU 🌏,Expense,Snacks & Coffee,1.48785,USD,1359.0,,,2024-09-21,2024-W38,2024-09,2024,Chao culpa
2024-09-21 09:47:48+00:00,UNFCU 🌏,Expense,Transport,0.6189456,USD,565.0,,taxi,2024-09-21,2024-W38,2024-09,2024,Gastos fijos
2024-09-21 09:48:04+00:00,UNFCU 🌏,Expense,Snacks & Coffee,2.93319,USD,2680.0,Freeze green tea,,2024-09-21,2024-W38,2024-09,2024,Chao culpa
2024-09-21 14:07:38+00:00,UNFCU 🌏,Expense,Groceries,4.88865,USD,4466.0,,,2024-09-21,2024-W38,2024-09,2024,Gastos fijos
2024-09-21 14:07:59+00:00,UNFCU 🌏,Expense,Restaurant,1.7004,USD,1553.0,,dinner,2024-09-21,2024-W38,2024-09,2024,Chao culpa
2024-09-21 14:14:18+00:00,UNFCU 🌏,Expense,Groceries,8.62953,USD,7883.0,,,2024-09-21,2024-W38,2024-09,2024,Gastos fijos
2024-09-21 15:41:44+00:00,UNFCU 🌏,Expense,Shopping,2.5,USD,2284.0,a house in bali,books,2024-09-21,2024-W38,2024-09,2024,Chao culpa
2024-09-22 03:15:06+00:00,UNFCU 🌏,Expense,Personal Care,0.12753,USD,117.0,,laundry ,2024-09-22,2024-W38,2024-09,2024,Gastos fijos
2024-09-22 03:15:56+00:00,UNFCU 🌏,Expense,Activities,2.1255,USD,1942.0,Bike rental ,,2024-09-22,2024-W38,2024-09,2024,Chao culpa
2024-09-22 03:16:10+00:00,UNFCU 🌏,Expense,Acommodation,6.482775,USD,5922.0,,,2024-09-22,2024-W38,2024-09,2024,Gastos fijos
2024-09-22 03:56:04+00:00,UNFCU 🌏,Expense,Shopping,12.753,USD,11650.0,Bananos de nuevo,,2024-09-22,2024-W38,2024-09,2024,Chao culpa
2024-09-22 04:37:07+00:00,UNFCU 🌏,Expense,Snacks & Coffee,1.06275,USD,971.0,,,2024-09-22,2024-W38,2024-09,2024,Chao culpa
2024-09-22 05:19:36+00:00,UNFCU 🌏,Expense,Snacks & Coffee,2.9757,USD,2718.0,Coconut,,2024-09-22,2024-W38,2024-09,2024,Chao culpa
2024-09-22 07:34:41+00:00,UNFCU 🌏,Expense,Restaurant,5.73885,USD,5243.0,,lunch,2024-09-22,2024-W38,2024-09,2024,Chao culpa
2024-09-22 11:18:23+00:00,UNFCU 🌏,Expense,Snacks & Coffee,3.18825,USD,2913.0,,,2024-09-22,2024-W38,2024-09,2024,Chao culpa
2024-09-22 16:49:31+00:00,UNFCU 🌏,Expense,Alcohol,2.9757,USD,2718.0,,,2024-09-22,2024-W38,2024-09,2024,Chao culpa
2024-09-22 17:10:50+00:00,UNFCU 🌏,Expense,Transport,3.536832,USD,3231.0,,taxi,2024-09-22,2024-W38,2024-09,2024,Gastos fijos
2024-09-23 04:51:17+00:00,UNFCU 🌏,Expense,Restaurant,4.251,USD,3883.0,,lunch,2024-09-23,2024-W39,2024-09,2024,Chao culpa
2024-09-23 04:57:45+00:00,UNFCU 🌏,Expense,Snacks & Coffee,2.33805,USD,2136.0,,,2024-09-23,2024-W39,2024-09,2024,Chao culpa
2024-09-23 09:20:26+00:00,UNFCU 🌏,Expense,Transport,24.0,USD,21924.0,Hoi an to haboi sleeper cabin ,bus,2024-09-23,2024-W39,2024-09,2024,Gastos fijos
2024-09-23 12:24:44+00:00,UNFCU 🌏,Expense,Restaurant,2.1255,USD,1942.0,,dinner,2024-09-23,2024-W39,2024-09,2024,Chao culpa
2024-09-23 12:25:01+00:00,UNFCU 🌏,Expense,Snacks & Coffee,3.8259,USD,3495.0,,,2024-09-23,2024-W39,2024-09,2024,Chao culpa
2024-09-24 05:16:54+00:00,UNFCU 🌏,Expense,Acommodation,10.88256,USD,9941.0,,,2024-09-24,2024-W39,2024-09,2024,Gastos fijos
2024-09-24 05:17:14+00:00,UNFCU 🌏,Expense,Snacks & Coffee,1.48785,USD,1359.0,Avocado ice cream ,,2024-09-24,2024-W39,2024-09,2024,Chao culpa
2024-09-24 06:49:13+00:00,UNFCU 🌏,Expense,Restaurant,3.4008,USD,3107.0,Korea food,lunch,2024-09-24,2024-W39,2024-09,2024,Chao culpa
2024-09-24 07:01:27+00:00,UNFCU 🌏,Expense,Snacks & Coffee,3.14574,USD,2874.0,,,2024-09-24,2024-W39,2024-09,2024,Chao culpa
2024-09-24 12:58:29+00:00,UNFCU 🌏,Expense,Restaurant,7.116174,USD,6501.0,Pasta cara mala,,2024-09-24,2024-W39,2024-09,2024,Chao culpa
2024-09-24 13:14:15+00:00,UNFCU 🌏,Expense,Snacks & Coffee,3.57084,USD,3262.0,,,2024-09-24,2024-W39,2024-09,2024,Chao culpa
2024-09-25 04:08:18+00:00,UNFCU 🌏,Expense,Groceries,6.9053244,USD,6308.0,,,2024-09-25,2024-W39,2024-09,2024,Gastos fijos
2024-09-25 06:35:24+00:00,UNFCU 🌏,Expense,Activities,2.1255,USD,1942.0,,,2024-09-25,2024-W39,2024-09,2024,Chao culpa
2024-09-25 07:07:11+00:00,UNFCU 🌏,Expense,Restaurant,4.6761,USD,4272.0,,lunch,2024-09-25,2024-W39,2024-09,2024,Chao culpa
2024-09-25 07:08:15+00:00,UNFCU 🌏,Expense,Alcohol,1.91295,USD,1748.0,,,2024-09-25,2024-W39,2024-09,2024,Chao culpa
2024-09-25 07:21:05+00:00,UNFCU 🌏,Expense,Snacks & Coffee,3.18825,USD,2913.0,Ice cream macaron ,,2024-09-25,2024-W39,2024-09,2024,Chao culpa
2024-09-25 08:00:40+00:00,UNFCU 🌏,Expense,Snacks & Coffee,0.663156,USD,606.0,,,2024-09-25,2024-W39,2024-09,2024,Chao culpa
2024-09-25 10:05:51+00:00,UNFCU 🌏,Expense,Transport,18.78942,USD,17165.0,Hanoi to Hai Giang ,bus,2024-09-25,2024-W39,2024-09,2024,Gastos fijos
2024-09-25 12:51:20+00:00,UNFCU 🌏,Expense,Restaurant,2.9757,USD,2718.0,,dinner,2024-09-25,2024-W39,2024-09,2024,Chao culpa
2024-09-26 08:08:12+00:00,UNFCU 🌏,Expense,Snacks & Coffee,0.4251,USD,388.0,,,2024-09-26,2024-W39,2024-09,2024,Chao culpa
2024-09-26 08:08:19+00:00,UNFCU 🌏,Expense,Snacks & Coffee,0.8502,USD,777.0,,,2024-09-26,2024-W39,2024-09,2024,Chao culpa
2024-09-26 08:08:25+00:00,UNFCU 🌏,Expense,Snacks & Coffee,1.7004,USD,1553.0,,,2024-09-26,2024-W39,2024-09,2024,Chao culpa
2024-09-26 10:47:23+00:00,UNFCU 🌏,Expense,Snacks & Coffee,1.7004,USD,1553.0,,,2024-09-26,2024-W39,2024-09,2024,Chao culpa
2024-09-27 02:38:49+00:00,UNFCU 🌏,Expense,Snacks & Coffee,1.91295,USD,1748.0,,,2024-09-27,2024-W39,2024-09,2024,Chao culpa
2024-09-27 13:22:12+00:00,UNFCU 🌏,Expense,Groceries,2.9757,USD,2718.0,,,2024-09-27,2024-W39,2024-09,2024,Gastos fijos
2024-09-27 13:22:17+00:00,UNFCU 🌏,Expense,Snacks & Coffee,0.8502,USD,777.0,,,2024-09-27,2024-W39,2024-09,2024,Chao culpa
2024-09-27 13:22:23+00:00,UNFCU 🌏,Expense,Snacks & Coffee,0.8502,USD,777.0,,,2024-09-27,2024-W39,2024-09,2024,Chao culpa
2024-09-28 08:57:24+00:00,UNFCU 🌏,Expense,Snacks & Coffee,1.48785,USD,1359.0,,,2024-09-28,2024-W39,2024-09,2024,Chao culpa
2024-09-28 08:57:30+00:00,UNFCU 🌏,Expense,Snacks & Coffee,1.7004,USD,1553.0,,,2024-09-28,2024-W39,2024-09,2024,Chao culpa
2024-09-29 05:30:15+00:00,UNFCU 🌏,Expense,Acommodation,4.251e-05,USD,0.0,Free might,,2024-09-29,2024-W39,2024-09,2024,Gastos fijos
2024-09-29 07:53:25+00:00,UNFCU 🌏,Expense,Snacks & Coffee,1.7004,USD,1553.0,,,2024-09-29,2024-W39,2024-09,2024,Chao culpa
2024-09-29 07:53:36+00:00,UNFCU 🌏,Expense,Snacks & Coffee,2.9757,USD,2718.0,,,2024-09-29,2024-W39,2024-09,2024,Chao culpa
2024-09-29 10:51:35+00:00,UNFCU 🌏,Expense,Gifts,21.255,USD,19417.0,,propina,2024-09-29,2024-W39,2024-09,2024,Chao culpa
2024-09-29 13:07:48+00:00,UNFCU 🌏,Expense,Restaurant,2.76315,USD,2524.0,,dinner,2024-09-29,2024-W39,2024-09,2024,Chao culpa
2024-09-30 03:28:15+00:00,UNFCU 🌏,Expense,Acommodation,8.0,USD,7308.0,,,2024-09-30,2024-W40,2024-09,2024,Gastos fijos
2024-09-30 05:29:44+00:00,UNFCU 🌏,Expense,Snacks & Coffee,0.4251,USD,388.0,,,2024-09-30,2024-W40,2024-09,2024,Chao culpa
2024-09-30 05:29:56+00:00,UNFCU 🌏,Expense,Snacks & Coffee,0.63765,USD,583.0,,,2024-09-30,2024-W40,2024-09,2024,Chao culpa
2024-10-01 03:25:32+00:00,UNFCU 🌏,Expense,Transport,1.6357848,USD,1468.0,,taxi,2024-10-01,2024-W40,2024-10,2024,Gastos fijos
2024-10-01 03:26:50+00:00,UNFCU 🌏,Expense,Transport,1.61538,USD,1450.0,,taxi,2024-10-01,2024-W40,2024-10,2024,Gastos fijos
2024-10-01 03:27:59+00:00,UNFCU 🌏,Expense,Acommodation,8.0,USD,7179.0,,,2024-10-01,2024-W40,2024-10,2024,Gastos fijos
2024-10-01 05:13:48+00:00,UNFCU 🌏,Expense,Snacks & Coffee,2.76315,USD,2480.0,,,2024-10-01,2024-W40,2024-10,2024,Chao culpa
2024-10-01 06:36:24+00:00,UNFCU 🌏,Income,Sale,21.255,USD,19074.0,Mochila regalo,,2024-10-01,2024-W40,2024-10,2024,Otros
2024-10-01 07:06:30+00:00,UNFCU 🌏,Expense,Shopping,58.2387,USD,52264.0,"2 poleras, shoet uniqlo",,2024-10-01,2024-W40,2024-10,2024,Chao culpa
2024-10-01 07:27:34+00:00,UNFCU 🌏,Expense,Shopping,800.8884,USD,718725.0,Drone dji mini pro 4 ,,2024-10-01,2024-W40,2024-10,2024,Chao culpa
2024-10-01 10:22:34+00:00,UNFCU 🌏,Expense,Snacks & Coffee,6.16395,USD,5532.0,,,2024-10-01,2024-W40,2024-10,2024,Chao culpa
2024-10-01 14:20:56+00:00,UNFCU 🌏,Expense,Alcohol,1.91295,USD,1717.0,,,2024-10-01,2024-W40,2024-10,2024,Chao culpa
2024-10-01 14:25:30+00:00,UNFCU 🌏,Expense,Restaurant,6.3765,USD,5722.0,Grilled pork,dinner,2024-10-01,2024-W40,2024-10,2024,Chao culpa
2024-10-02 06:53:42+00:00,UNFCU 🌏,Expense,Restaurant,6.0,USD,5384.0,Airport meal,lunch,2024-10-02,2024-W40,2024-10,2024,Chao culpa
2024-10-02 06:56:52+00:00,UNFCU 🌏,Expense,Acommodation,25.0,USD,22435.0,Hostel tokyo Sakura,,2024-10-02,2024-W40,2024-10,2024,Gastos fijos
2024-10-02 07:15:25+00:00,UNFCU 🌏,Expense,Utilities,48.71426,USD,43717.0,,,2024-10-02,2024-W40,2024-10,2024,Gastos fijos
2024-10-02 11:03:53+00:00,UNFCU 🌏,Expense,Flights,290.0,USD,260249.0,Hanoi to Tokyo ,,2024-10-02,2024-W40,2024-10,2024,Otros
2024-10-02 13:59:11+00:00,UNFCU 🌏,Expense,Restaurant,6.15191512,USD,5521.0,Family mart,dinner,2024-10-02,2024-W40,2024-10,2024,Chao culpa
2024-10-02 13:59:34+00:00,UNFCU 🌏,Expense,Transport,13.91836,USD,12490.0,Suico card ,,2024-10-02,2024-W40,2024-10,2024,Gastos fijos
2024-10-02 14:00:07+00:00,UNFCU 🌏,Expense,Transport,6.95918,USD,6245.0,Train airport to Tokyo ,,2024-10-02,2024-W40,2024-10,2024,Gastos fijos
2024-10-03 05:47:15+00:00,UNFCU 🌏,Expense,Shopping,4.5930588,USD,4122.0,Stickers 2,,2024-10-03,2024-W40,2024-10,2024,Chao culpa
2024-10-03 07:08:11+00:00,UNFCU 🌏,Expense,Restaurant,6.4024456,USD,5746.0,Tenya tempura set,,2024-10-03,2024-W40,2024-10,2024,Chao culpa
2024-10-03 07:08:26+00:00,UNFCU 🌏,Expense,Acommodation,25.0,USD,22435.0,,,2024-10-03,2024-W40,2024-10,2024,Gastos fijos
2024-10-03 07:15:21+00:00,UNFCU 🌏,Expense,Snacks & Coffee,2.37308038,USD,2130.0,Donuts ,,2024-10-03,2024-W40,2024-10,2024,Chao culpa
2024-10-03 07:18:51+00:00,UNFCU 🌏,Expense,Snacks & Coffee,2.2965294,USD,2061.0,,,2024-10-03,2024-W40,2024-10,2024,Chao culpa
2024-10-03 10:56:59+00:00,UNFCU 🌏,Expense,Groceries,3.81363064,USD,3422.0,,,2024-10-03,2024-W40,2024-10,2024,Gastos fijos
2024-10-03 14:23:37+00:00,UNFCU 🌏,Expense,Restaurant,6.8199964,USD,6120.0,,,2024-10-03,2024-W40,2024-10,2024,Chao culpa
2024-10-03 14:23:54+00:00,UNFCU 🌏,Expense,Activities,6.95918,USD,6245.0,Guru walking tour ethan ecuador ,,2024-10-03,2024-W40,2024-10,2024,Chao culpa
2024-10-04 04:20:42+00:00,UNFCU 🌏,Expense,Transport,2.087754,USD,1874.0,,public-transport,2024-10-04,2024-W40,2024-10,2024,Gastos fijos
2024-10-04 04:23:25+00:00,UNFCU 🌏,Expense,Acommodation,27.1,USD,24320.0,,,2024-10-04,2024-W40,2024-10,2024,Gastos fijos
2024-10-04 05:15:10+00:00,UNFCU 🌏,Expense,Restaurant,6.22150692,USD,5583.0,,,2024-10-04,2024-W40,2024-10,2024,Chao culpa
2024-10-04 07:37:09+00:00,UNFCU 🌏,Expense,Transport,6.95918,USD,6245.0,,public-transport,2024-10-04,2024-W40,2024-10,2024,Gastos fijos
2024-10-04 08:45:51+00:00,UNFCU 🌏,Expense,Shopping,3.3404064,USD,2998.0,Adapter ,,2024-10-04,2024-W40,2024-10,2024,Chao culpa
2024-10-04 08:46:01+00:00,UNFCU 🌏,Expense,Shopping,34.6567164,USD,31101.0,Apple airtag ,,2024-10-04,2024-W40,2024-10,2024,Chao culpa
2024-10-04 09:16:53+00:00,UNFCU 🌏,Expense,Shopping,15.310196,USD,13740.0,Sd card wallet 9 slots,,2024-10-04,2024-W40,2024-10,2024,Chao culpa
2024-10-04 09:28:32+00:00,UNFCU 🌏,Expense,Restaurant,5.567344,USD,4996.0,Ramen,dinner,2024-10-04,2024-W40,2024-10,2024,Chao culpa
2024-10-04 12:14:49+00:00,UNFCU 🌏,Expense,Activities,8.4206078,USD,7557.0,Onsen,,2024-10-04,2024-W40,2024-10,2024,Chao culpa
2024-10-04 12:15:02+00:00,UNFCU 🌏,Expense,Snacks & Coffee,1.2526524,USD,1124.0,,,2024-10-04,2024-W40,2024-10,2024,Chao culpa
2024-10-04 22:23:13+00:00,UNFCU 🌏,Expense,Transport,6.95918,USD,6245.0,,public-transport,2024-10-04,2024-W40,2024-10,2024,Gastos fijos
2024-10-04 22:23:21+00:00,UNFCU 🌏,Expense,Groceries,2.435713,USD,2186.0,,,2024-10-04,2024-W40,2024-10,2024,Gastos fijos
2024-10-05 01:04:19+00:00,UNFCU 🌏,Expense,Snacks & Coffee,2.2269376,USD,1998.0,,,2024-10-05,2024-W40,2024-10,2024,Chao culpa
2024-10-05 04:19:19+00:00,UNFCU 🌏,Expense,Restaurant,7.33497572,USD,6582.0,,,2024-10-05,2024-W40,2024-10,2024,Chao culpa
2024-10-05 06:10:13+00:00,UNFCU 🌏,Expense,Transport,3.47959,USD,3123.0,,public-transport,2024-10-05,2024-W40,2024-10,2024,Gastos fijos
2024-10-05 06:10:36+00:00,UNFCU 🌏,Expense,Acommodation,27.1,USD,24320.0,,,2024-10-05,2024-W40,2024-10,2024,Gastos fijos
2024-10-05 06:34:15+00:00,UNFCU 🌏,Expense,Activities,4.3842834,USD,3934.0,,,2024-10-05,2024-W40,2024-10,2024,Chao culpa
2024-10-05 08:17:15+00:00,UNFCU 🌏,Expense,Snacks & Coffee,3.60485524,USD,3235.0,,,2024-10-05,2024-W40,2024-10,2024,Chao culpa
2024-10-05 12:15:38+00:00,UNFCU 🌏,Expense,Groceries,1.62148894,USD,1455.0,,,2024-10-05,2024-W40,2024-10,2024,Gastos fijos
2024-10-06 01:26:30+00:00,UNFCU 🌏,Expense,Groceries,2.04599892,USD,1836.0,,,2024-10-06,2024-W40,2024-10,2024,Gastos fijos
2024-10-06 01:26:51+00:00,UNFCU 🌏,Expense,Restaurant,2.04599892,USD,1836.0,,breakfast,2024-10-06,2024-W40,2024-10,2024,Chao culpa
2024-10-06 01:27:40+00:00,UNFCU 🌏,Expense,Transport,51.497932,USD,46215.0,Tokio mirooka,bus,2024-10-06,2024-W40,2024-10,2024,Gastos fijos
2024-10-06 03:04:47+00:00,UNFCU 🌏,Expense,Sport,4.871426,USD,4372.0,,natacion,2024-10-06,2024-W40,2024-10,2024,Secundarios
2024-10-06 04:49:09+00:00,UNFCU 🌏,Expense,Snacks & Coffee,1.1134688,USD,999.0,,,2024-10-06,2024-W40,2024-10,2024,Chao culpa
2024-10-06 05:03:43+00:00,UNFCU 🌏,Expense,Transport,6.95918,USD,6245.0,,public-transport,2024-10-06,2024-W40,2024-10,2024,Gastos fijos
2024-10-06 08:05:41+00:00,UNFCU 🌏,Expense,Restaurant,5.915303,USD,5308.0,,lunch,2024-10-06,2024-W40,2024-10,2024,Chao culpa
2024-10-06 08:35:10+00:00,UNFCU 🌏,Expense,Snacks & Coffee,1.27352994,USD,1143.0,,,2024-10-06,2024-W40,2024-10,2024,Chao culpa
2024-10-06 09:51:50+00:00,UNFCU 🌏,Expense,Snacks & Coffee,1.1830606,USD,1062.0,,,2024-10-06,2024-W40,2024-10,2024,Chao culpa
2024-10-06 10:46:40+00:00,UNFCU 🌏,Expense,Groceries,3.73012048,USD,3347.0,,,2024-10-06,2024-W40,2024-10,2024,Gastos fijos
2024-10-06 22:20:03+00:00,UNFCU 🌏,Expense,Snacks & Coffee,0.8351016,USD,749.0,,,2024-10-06,2024-W40,2024-10,2024,Chao culpa
2024-10-06 22:20:14+00:00,UNFCU 🌏,Expense,Restaurant,3.06899838,USD,2754.0,,,2024-10-06,2024-W40,2024-10,2024,Chao culpa
2024-10-07 03:44:22+00:00,UNFCU 🌏,Expense,Groceries,3.24993706,USD,2917.0,,lunch,2024-10-07,2024-W41,2024-10,2024,Gastos fijos
2024-10-07 03:45:20+00:00,UNFCU 🌏,Expense,Snacks & Coffee,1.02995864,USD,924.0,,,2024-10-07,2024-W41,2024-10,2024,Chao culpa
2024-10-07 06:05:02+00:00,UNFCU 🌏,Expense,Activities,13.91836,USD,12490.0,Ida a ninohe,,2024-10-07,2024-W41,2024-10,2024,Chao culpa
2024-10-07 06:05:57+00:00,UNFCU 🌏,Expense,Acommodation,28.77,USD,25818.0,,,2024-10-07,2024-W41,2024-10,2024,Gastos fijos
2024-10-07 08:07:52+00:00,UNFCU 🌏,Expense,Snacks & Coffee,1.391836,USD,1249.0,,,2024-10-07,2024-W41,2024-10,2024,Chao culpa
2024-10-07 09:48:01+00:00,UNFCU 🌏,Expense,Groceries,10.58491278,USD,9499.0,,,2024-10-07,2024-W41,2024-10,2024,Gastos fijos
2024-10-07 09:48:12+00:00,UNFCU 🌏,Expense,Alcohol,1.09955044,USD,987.0,,,2024-10-07,2024-W41,2024-10,2024,Chao culpa
2024-10-08 01:55:42+00:00,UNFCU 🌏,Expense,Snacks & Coffee,0.8351016,USD,749.0,,,2024-10-08,2024-W41,2024-10,2024,Chao culpa
2024-10-08 01:55:54+00:00,UNFCU 🌏,Expense,Acommodation,27.83672,USD,24981.0,,,2024-10-08,2024-W41,2024-10,2024,Gastos fijos
2024-10-08 03:02:39+00:00,UNFCU 🌏,Expense,Snacks & Coffee,1.2526524,USD,1124.0,,,2024-10-08,2024-W41,2024-10,2024,Chao culpa
2024-10-08 06:40:17+00:00,UNFCU 🌏,Expense,Restaurant,4.74616076,USD,4259.0,,lunch,2024-10-08,2024-W41,2024-10,2024,Chao culpa
2024-10-08 23:34:45+00:00,UNFCU 🌏,Expense,Groceries,5.67869088,USD,5096.0,,,2024-10-08,2024-W41,2024-10,2024,Gastos fijos
2024-10-09 01:54:17+00:00,UNFCU 🌏,Expense,Transport,20.87754,USD,18736.0,Aporte gasolina a kevin,gas,2024-10-09,2024-W41,2024-10,2024,Gastos fijos
2024-10-09 02:03:38+00:00,UNFCU 🌏,Expense,Restaurant,4.523467,USD,4059.0,,lunch,2024-10-09,2024-W41,2024-10,2024,Chao culpa
2024-10-09 02:04:08+00:00,UNFCU 🌏,Expense,Gifts,8.698975,USD,7807.0,Lunch for Kevin and chiba lacquer worker ,,2024-10-09,2024-W41,2024-10,2024,Chao culpa
2024-10-09 02:13:40+00:00,UNFCU 🌏,Expense,Acommodation,27.83672,USD,24981.0,Toto nigjt couldn't cancel,,2024-10-09,2024-W41,2024-10,2024,Gastos fijos
2024-10-09 08:04:15+00:00,UNFCU 🌏,Expense,Groceries,14.91352274,USD,13384.0,,,2024-10-09,2024-W41,2024-10,2024,Gastos fijos
2024-10-10 01:07:46+00:00,UNFCU 🌏,Expense,Groceries,7.31409818,USD,6564.0,,,2024-10-10,2024-W41,2024-10,2024,Gastos fijos
2024-10-10 02:09:46+00:00,UNFCU 🌏,Expense,Shopping,4.18246718,USD,3753.0,Adapter 2,,2024-10-10,2024-W41,2024-10,2024,Chao culpa
2024-10-10 02:13:10+00:00,UNFCU 🌏,Expense,Acommodation,13.91836,USD,12490.0,Fee toto for cancelation ,,2024-10-10,2024-W41,2024-10,2024,Gastos fijos
2024-10-10 02:26:45+00:00,UNFCU 🌏,Expense,Restaurant,8.69201582,USD,7800.0,For me ane Hiro san,lunch,2024-10-10,2024-W41,2024-10,2024,Chao culpa
2024-10-10 10:47:58+00:00,UNFCU 🌏,Expense,Groceries,7.307139,USD,6557.0,,,2024-10-10,2024-W41,2024-10,2024,Gastos fijos
2024-10-11 01:01:40+00:00,UNFCU 🌏,Expense,Gifts,33.34839056,USD,29927.0,Legos pokemon y mas,,2024-10-11,2024-W41,2024-10,2024,Chao culpa
2024-10-11 02:12:47+00:00,UNFCU 🌏,Expense,Restaurant,9.046934,USD,8119.0,Me and hiro,lunch,2024-10-11,2024-W41,2024-10,2024,Chao culpa
2024-10-11 09:11:11+00:00,UNFCU 🌏,Expense,Restaurant,6.95918,USD,6245.0,Aporte comida con hiro,dinner,2024-10-11,2024-W41,2024-10,2024,Chao culpa
2024-10-12 00:07:23+00:00,UNFCU 🌏,Expense,Groceries,7.57158784,USD,6795.0,,,2024-10-12,2024-W41,2024-10,2024,Gastos fijos
2024-10-12 08:44:23+00:00,UNFCU 🌏,Expense,Transport,13.91836,USD,12490.0,Train ninohe to morioka,bus,2024-10-12,2024-W41,2024-10,2024,Gastos fijos
2024-10-12 11:57:44+00:00,UNFCU 🌏,Expense,Groceries,3.4447941,USD,3091.0,,,2024-10-12,2024-W41,2024-10,2024,Gastos fijos
2024-10-13 03:19:57+00:00,UNFCU 🌏,Expense,Gifts,6.95918,USD,6245.0,Aporte helado kevin familia ,,2024-10-13,2024-W41,2024-10,2024,Chao culpa
2024-10-13 04:50:53+00:00,UNFCU 🌏,Expense,Transport,68.895882,USD,61828.0,Morioka to Tokyo ,bus,2024-10-13,2024-W41,2024-10,2024,Gastos fijos
2024-10-13 07:17:34+00:00,UNFCU 🌏,Expense,Groceries,3.22905952,USD,2898.0,,,2024-10-13,2024-W41,2024-10,2024,Gastos fijos
2024-10-13 10:50:31+00:00,UNFCU 🌏,Expense,Activities,6.95918,USD,6245.0,Karaoke ,,2024-10-13,2024-W41,2024-10,2024,Chao culpa
2024-10-13 21:28:06+00:00,UNFCU 🌏,Expense,Transport,13.91836,USD,12490.0,For mito bus ,public-transport,2024-10-13,2024-W41,2024-10,2024,Gastos fijos
2024-10-13 21:28:14+00:00,UNFCU 🌏,Expense,Snacks & Coffee,1.2526524,USD,1124.0,,,2024-10-13,2024-W41,2024-10,2024,Chao culpa
2024-10-14 00:17:33+00:00,UNFCU 🌏,Expense,Transport,13.91836,USD,12490.0,"For mito to daigo 1,170",public-transport,2024-10-14,2024-W42,2024-10,2024,Gastos fijos
2024-10-14 02:46:03+00:00,UNFCU 🌏,Expense,Restaurant,6.6808128,USD,5995.0,,lunch,2024-10-14,2024-W42,2024-10,2024,Chao culpa
2024-10-14 09:25:47+00:00,UNFCU 🌏,Expense,Acommodation,36.7444704,USD,32975.0,Daigo house night 1,,2024-10-14,2024-W42,2024-10,2024,Gastos fijos
2024-10-14 09:31:27+00:00,UNFCU 🌏,Expense,Groceries,3.25689624,USD,2923.0,,,2024-10-14,2024-W42,2024-10,2024,Gastos fijos
2024-10-15 01:27:06+00:00,UNFCU 🌏,Expense,Groceries,10.61970868,USD,9530.0,,,2024-10-15,2024-W42,2024-10,2024,Gastos fijos
2024-10-15 01:27:17+00:00,UNFCU 🌏,Expense,Acommodation,36.7444704,USD,32975.0,,,2024-10-15,2024-W42,2024-10,2024,Gastos fijos
2024-10-15 09:09:12+00:00,UNFCU 🌏,Expense,Snacks & Coffee,3.47959,USD,3123.0,Daigo cafe,,2024-10-15,2024-W42,2024-10,2024,Chao culpa
2024-10-16 05:43:33+00:00,UNFCU 🌏,Expense,Restaurant,6.611221,USD,5933.0,,,2024-10-16,2024-W42,2024-10,2024,Chao culpa
2024-10-16 05:43:39+00:00,UNFCU 🌏,Expense,Snacks & Coffee,0.8351016,USD,749.0,,,2024-10-16,2024-W42,2024-10,2024,Chao culpa
2024-10-16 05:43:44+00:00,UNFCU 🌏,Expense,Snacks & Coffee,1.2526524,USD,1124.0,,,2024-10-16,2024-W42,2024-10,2024,Chao culpa
2024-10-16 05:43:55+00:00,UNFCU 🌏,Expense,Transport,6.95918,USD,6245.0,,public-transport,2024-10-16,2024-W42,2024-10,2024,Gastos fijos
2024-10-16 05:44:05+00:00,UNFCU 🌏,Expense,Acommodation,36.7444704,USD,32975.0,,,2024-10-16,2024-W42,2024-10,2024,Gastos fijos
2024-10-17 02:44:28+00:00,UNFCU 🌏,Expense,Snacks & Coffee,1.2526524,USD,1124.0,,,2024-10-17,2024-W42,2024-10,2024,Chao culpa
2024-10-17 02:44:37+00:00,UNFCU 🌏,Expense,Restaurant,6.77824132,USD,6083.0,,lunch,2024-10-17,2024-W42,2024-10,2024,Chao culpa
2024-10-17 09:26:31+00:00,UNFCU 🌏,Expense,Acommodation,30.620392,USD,27479.0,Daigo house night 4 not agoda,,2024-10-17,2024-W42,2024-10,2024,Gastos fijos
2024-10-17 10:25:07+00:00,UNFCU 🌏,Expense,Groceries,5.48383384,USD,4921.0,,,2024-10-17,2024-W42,2024-10,2024,Gastos fijos
2024-10-18 00:15:05+00:00,UNFCU 🌏,Expense,Groceries,4.14767128,USD,3722.0,,,2024-10-18,2024-W42,2024-10,2024,Gastos fijos
2024-10-18 02:03:18+00:00,UNFCU 🌏,Expense,Activities,3.47959,USD,3123.0,,,2024-10-18,2024-W42,2024-10,2024,Chao culpa
2024-10-18 02:55:49+00:00,UNFCU 🌏,Expense,Transport,52.19385,USD,46839.0,Tokyo to osaka night bus,bus,2024-10-18,2024-W42,2024-10,2024,Gastos fijos
2024-10-18 03:13:13+00:00,UNFCU 🌏,Expense,Groceries,8.74073008,USD,7844.0,,,2024-10-18,2024-W42,2024-10,2024,Gastos fijos
2024-10-18 03:27:52+00:00,UNFCU 🌏,Expense,Pharmacy ,6.39548642,USD,5739.0,,,2024-10-18,2024-W42,2024-10,2024,Gastos fijos
2024-10-18 08:32:04+00:00,UNFCU 🌏,Expense,Snacks & Coffee,2.2269376,USD,1998.0,,,2024-10-18,2024-W42,2024-10,2024,Chao culpa
2024-10-18 08:32:09+00:00,UNFCU 🌏,Expense,Snacks & Coffee,1.2526524,USD,1124.0,,,2024-10-18,2024-W42,2024-10,2024,Chao culpa
2024-10-18 11:29:50+00:00,UNFCU 🌏,Expense,Shopping,35.47094046,USD,31832.0,Anker nano power bank ,,2024-10-18,2024-W42,2024-10,2024,Chao culpa
2024-10-18 22:43:29+00:00,UNFCU 🌏,Expense,Restaurant,5.43511958,USD,4878.0,,breakfast,2024-10-18,2024-W42,2024-10,2024,Chao culpa
2024-10-19 03:13:38+00:00,UNFCU 🌏,Expense,Restaurant,6.82695558,USD,6127.0,,lunch,2024-10-19,2024-W42,2024-10,2024,Chao culpa
2024-10-19 06:20:25+00:00,UNFCU 🌏,Expense,Snacks & Coffee,5.0802014,USD,4559.0,,,2024-10-19,2024-W42,2024-10,2024,Chao culpa
2024-10-19 09:18:14+00:00,UNFCU 🌏,Expense,Restaurant,6.1936702,USD,5558.0,Mos burger ,,2024-10-19,2024-W42,2024-10,2024,Chao culpa
2024-10-19 09:58:03+00:00,UNFCU 🌏,Expense,Acommodation,22.965294,USD,20609.0,,,2024-10-19,2024-W42,2024-10,2024,Gastos fijos
2024-10-20 01:30:23+00:00,UNFCU 🌏,Expense,Groceries,7.67597554,USD,6888.0,,,2024-10-20,2024-W42,2024-10,2024,Gastos fijos
2024-10-20 01:44:47+00:00,UNFCU 🌏,Expense,Snacks & Coffee,1.5310196,USD,1374.0,,,2024-10-20,2024-W42,2024-10,2024,Chao culpa
2024-10-20 08:08:07+00:00,UNFCU 🌏,Expense,Groceries,6.49291494,USD,5827.0,,lunch,2024-10-20,2024-W42,2024-10,2024,Gastos fijos
2024-10-20 08:09:53+00:00,UNFCU 🌏,Expense,Snacks & Coffee,1.48230534,USD,1330.0,,,2024-10-20,2024-W42,2024-10,2024,Chao culpa
2024-10-20 09:58:14+00:00,UNFCU 🌏,Expense,Acommodation,22.965294,USD,20609.0,,,2024-10-20,2024-W42,2024-10,2024,Gastos fijos
2024-10-21 02:47:26+00:00,UNFCU 🌏,Expense,Transport,13.91836,USD,12490.0,,public-transport,2024-10-21,2024-W43,2024-10,2024,Gastos fijos
2024-10-21 02:59:25+00:00,UNFCU 🌏,Expense,Activities,1.391836,USD,1249.0,,,2024-10-21,2024-W43,2024-10,2024,Chao culpa
2024-10-21 03:47:26+00:00,UNFCU 🌏,Expense,Activities,5.567344,USD,4996.0,,,2024-10-21,2024-W43,2024-10,2024,Chao culpa
2024-10-21 03:47:52+00:00,UNFCU 🌏,Expense,Acommodation,22.965294,USD,20609.0,,,2024-10-21,2024-W43,2024-10,2024,Gastos fijos
2024-10-21 04:22:15+00:00,UNFCU 🌏,Expense,Groceries,6.31197626,USD,5664.0,,lunch,2024-10-21,2024-W43,2024-10,2024,Gastos fijos
2024-10-21 04:55:51+00:00,UNFCU 🌏,Expense,Pharmacy ,4.2450998,USD,3810.0,,,2024-10-21,2024-W43,2024-10,2024,Gastos fijos
2024-10-21 06:25:55+00:00,UNFCU 🌏,Expense,Snacks & Coffee,2.783672,USD,2498.0,,,2024-10-21,2024-W43,2024-10,2024,Chao culpa
2024-10-21 08:46:05+00:00,UNFCU 🌏,Expense,Snacks & Coffee,2.30348858,USD,2067.0,,,2024-10-21,2024-W43,2024-10,2024,Chao culpa
2024-10-21 10:00:05+00:00,UNFCU 🌏,Expense,Groceries,3.11771264,USD,2798.0,,lunch,2024-10-21,2024-W43,2024-10,2024,Gastos fijos
2024-10-21 22:16:10+00:00,UNFCU 🌏,Expense,Groceries,6.38156806,USD,5727.0,,,2024-10-21,2024-W43,2024-10,2024,Gastos fijos
2024-10-22 00:38:50+00:00,UNFCU 🌏,Expense,Activities,69.41,USD,62289.0,Universal studios osaka,,2024-10-22,2024-W43,2024-10,2024,Chao culpa
2024-10-22 01:10:09+00:00,UNFCU 🌏,Expense,Acommodation,22.965294,USD,20609.0,,,2024-10-22,2024-W43,2024-10,2024,Gastos fijos
2024-10-22 02:46:22+00:00,UNFCU 🌏,Expense,Snacks & Coffee,6.263262,USD,5621.0,Mario strawberry pancake,,2024-10-22,2024-W43,2024-10,2024,Chao culpa
2024-10-22 04:13:31+00:00,UNFCU 🌏,Expense,Shopping,13.91836,USD,12490.0,Mario charm set key,,2024-10-22,2024-W43,2024-10,2024,Chao culpa
2024-10-22 04:46:39+00:00,UNFCU 🌏,Expense,Restaurant,6.263262,USD,5621.0,,lunch,2024-10-22,2024-W43,2024-10,2024,Chao culpa
2024-10-22 09:45:51+00:00,UNFCU 🌏,Expense,Restaurant,6.0544866,USD,5433.0,Mos burger -  hot dog set,dinner,2024-10-22,2024-W43,2024-10,2024,Chao culpa
2024-10-22 10:26:18+00:00,UNFCU 🌏,Expense,Snacks & Coffee,3.6883654,USD,3310.0,,,2024-10-22,2024-W43,2024-10,2024,Chao culpa
2024-10-23 01:09:16+00:00,UNFCU 🌏,Expense,Groceries,1.1830606,USD,1062.0,,,2024-10-23,2024-W43,2024-10,2024,Gastos fijos
2024-10-23 01:10:16+00:00,UNFCU 🌏,Expense,Acommodation,22.965294,USD,20609.0,,,2024-10-23,2024-W43,2024-10,2024,Gastos fijos
2024-10-23 01:16:35+00:00,UNFCU 🌏,Expense,Snacks & Coffee,1.2526524,USD,1124.0,,,2024-10-23,2024-W43,2024-10,2024,Chao culpa
2024-10-23 04:05:55+00:00,UNFCU 🌏,Expense,Transport,13.91836,USD,12490.0,,public-transport,2024-10-23,2024-W43,2024-10,2024,Gastos fijos
2024-10-23 04:51:26+00:00,UNFCU 🌏,Expense,Groceries,4.71832404,USD,4234.0,,lunch,2024-10-23,2024-W43,2024-10,2024,Gastos fijos
2024-10-23 05:18:41+00:00,UNFCU 🌏,Expense,Snacks & Coffee,4.523467,USD,4059.0,,,2024-10-23,2024-W43,2024-10,2024,Chao culpa
2024-10-23 10:01:04+00:00,UNFCU 🌏,Expense,Gifts,65.15184316,USD,58468.0,"Regalos 4 llaveros , boo, mas",,2024-10-23,2024-W43,2024-10,2024,Chao culpa
2024-10-23 10:41:48+00:00,UNFCU 🌏,Expense,Restaurant,6.3328538,USD,5683.0,,dinner,2024-10-23,2024-W43,2024-10,2024,Chao culpa
2024-10-23 11:40:56+00:00,UNFCU 🌏,Expense,Shopping,177.02066166,USD,158860.0,Apple Watch series 7,,2024-10-23,2024-W43,2024-10,2024,Chao culpa
2024-10-23 12:19:59+00:00,UNFCU 🌏,Expense,Shopping,43.02165076,USD,38608.0,Apple band loop sport,,2024-10-23,2024-W43,2024-10,2024,Chao culpa
2024-10-24 04:20:45+00:00,UNFCU 🌏,Expense,Sport,4.871426,USD,4372.0,,natacion,2024-10-24,2024-W43,2024-10,2024,Secundarios
2024-10-24 04:20:58+00:00,UNFCU 🌏,Expense,Restaurant,6.7504046,USD,6058.0,,lunch,2024-10-24,2024-W43,2024-10,2024,Chao culpa
2024-10-24 04:24:55+00:00,UNFCU 🌏,Expense,Groceries,1.27352994,USD,1143.0,,,2024-10-24,2024-W43,2024-10,2024,Gastos fijos
2024-10-24 06:06:04+00:00,UNFCU 🌏,Expense,Snacks & Coffee,4.0363244,USD,3622.0,Helado,,2024-10-24,2024-W43,2024-10,2024,Chao culpa
2024-10-24 07:47:21+00:00,UNFCU 🌏,Expense,Snacks & Coffee,0.82118324,USD,737.0,,,2024-10-24,2024-W43,2024-10,2024,Chao culpa
2024-10-24 07:47:28+00:00,UNFCU 🌏,Expense,Snacks & Coffee,0.77942816,USD,699.0,,,2024-10-24,2024-W43,2024-10,2024,Chao culpa
2024-10-24 11:57:45+00:00,UNFCU 🌏,Expense,Acommodation,28.532638,USD,25605.0,Webase hiroshima,,2024-10-24,2024-W43,2024-10,2024,Gastos fijos
2024-10-24 11:58:55+00:00,UNFCU 🌏,Expense,Transport,34.7959,USD,31226.0,Osaka Hiroshima ,bus,2024-10-24,2024-W43,2024-10,2024,Gastos fijos
2024-10-24 12:12:09+00:00,UNFCU 🌏,Expense,Groceries,2.63057004,USD,2361.0,,,2024-10-24,2024-W43,2024-10,2024,Gastos fijos
2024-10-24 12:12:18+00:00,UNFCU 🌏,Expense,Alcohol,2.2269376,USD,1998.0,,,2024-10-24,2024-W43,2024-10,2024,Chao culpa
2024-10-25 00:44:07+00:00,UNFCU 🌏,Expense,Groceries,10.02817838,USD,8999.0,,,2024-10-25,2024-W43,2024-10,2024,Gastos fijos
2024-10-25 00:44:16+00:00,UNFCU 🌏,Expense,Acommodation,28.532638,USD,25605.0,,,2024-10-25,2024-W43,2024-10,2024,Gastos fijos
2024-10-25 01:14:21+00:00,UNFCU 🌏,Expense,Snacks & Coffee,0.8351016,USD,749.0,,,2024-10-25,2024-W43,2024-10,2024,Chao culpa
2024-10-25 01:32:36+00:00,UNFCU 🌏,Expense,Alcohol,3.827549,USD,3435.0,Drat beer,,2024-10-25,2024-W43,2024-10,2024,Chao culpa
2024-10-25 02:26:32+00:00,UNFCU 🌏,Expense,Activities,1.391836,USD,1249.0,Hiroshima museum memorial ,,2024-10-25,2024-W43,2024-10,2024,Chao culpa
2024-10-25 04:01:04+00:00,UNFCU 🌏,Expense,Sport,4.3842834,USD,3934.0,,natacion,2024-10-25,2024-W43,2024-10,2024,Secundarios
2024-10-25 07:00:27+00:00,UNFCU 🌏,Expense,Shopping,10.7519331,USD,9649.0,Pokemon totodile doll,,2024-10-25,2024-W43,2024-10,2024,Chao culpa
2024-10-25 07:50:58+00:00,UNFCU 🌏,Expense,Restaurant,10.090811,USD,9056.0,Special oknomimura,lunch,2024-10-25,2024-W43,2024-10,2024,Chao culpa
2024-10-26 01:27:11+00:00,UNFCU 🌏,Expense,Snacks & Coffee,0.8351016,USD,749.0,,,2024-10-26,2024-W43,2024-10,2024,Chao culpa
2024-10-26 01:27:45+00:00,UNFCU 🌏,Expense,Acommodation,21.921417,USD,19672.0,Mallika Hiroshima ,,2024-10-26,2024-W43,2024-10,2024,Gastos fijos
2024-10-26 05:29:26+00:00,UNFCU 🌏,Expense,Groceries,7.0983636,USD,6370.0,,lunch,2024-10-26,2024-W43,2024-10,2024,Gastos fijos
2024-10-26 07:55:37+00:00,UNFCU 🌏,Expense,Activities,0.695918,USD,625.0,,,2024-10-26,2024-W43,2024-10,2024,Chao culpa
2024-10-26 07:55:49+00:00,UNFCU 🌏,Expense,Snacks & Coffee,1.48230534,USD,1330.0,,,2024-10-26,2024-W43,2024-10,2024,Chao culpa
2024-10-26 08:15:14+00:00,UNFCU 🌏,Expense,Sport,4.3842834,USD,3934.0,,natacion,2024-10-26,2024-W43,2024-10,2024,Secundarios
2024-10-26 10:52:11+00:00,UNFCU 🌏,Expense,Groceries,5.12891566,USD,4603.0,,dinner,2024-10-26,2024-W43,2024-10,2024,Gastos fijos
2024-10-27 00:26:00+00:00,UNFCU 🌏,Expense,Groceries,5.14283402,USD,4615.0,,breakfast,2024-10-27,2024-W43,2024-10,2024,Gastos fijos
2024-10-27 00:26:07+00:00,UNFCU 🌏,Expense,Snacks & Coffee,0.8351016,USD,749.0,,,2024-10-27,2024-W43,2024-10,2024,Chao culpa
2024-10-27 00:27:24+00:00,UNFCU 🌏,Expense,Snacks & Coffee,1.739795,USD,1561.0,,,2024-10-27,2024-W43,2024-10,2024,Chao culpa
2024-10-27 02:04:01+00:00,UNFCU 🌏,Expense,Snacks & Coffee,1.8789786,USD,1686.0,,,2024-10-27,2024-W43,2024-10,2024,Chao culpa
2024-10-27 03:45:06+00:00,UNFCU 🌏,Expense,Snacks & Coffee,1.8093868,USD,1624.0,,,2024-10-27,2024-W43,2024-10,2024,Chao culpa
2024-10-27 05:40:50+00:00,UNFCU 🌏,Expense,Acommodation,33.752023,USD,30289.0,Wise owl kyoto ,,2024-10-27,2024-W43,2024-10,2024,Gastos fijos
2024-10-27 07:52:15+00:00,UNFCU 🌏,Expense,Restaurant,4.8018342,USD,4309.0,Matsuya Toji Beef Bowl,,2024-10-27,2024-W43,2024-10,2024,Chao culpa
2024-10-27 08:06:25+00:00,UNFCU 🌏,Expense,Snacks & Coffee,2.5748966,USD,2311.0,,,2024-10-27,2024-W43,2024-10,2024,Chao culpa
2024-10-27 09:02:13+00:00,UNFCU 🌏,Expense,Transport,33.404064,USD,29977.0,Hiroshima to kyoto ,bus,2024-10-27,2024-W43,2024-10,2024,Gastos fijos
2024-10-27 09:17:23+00:00,UNFCU 🌏,Expense,Snacks & Coffee,1.00212192,USD,899.0,,,2024-10-27,2024-W43,2024-10,2024,Chao culpa
2024-10-27 09:17:29+00:00,UNFCU 🌏,Expense,Alcohol,2.19910088,USD,1973.0,,,2024-10-27,2024-W43,2024-10,2024,Chao culpa
2024-10-27 10:24:17+00:00,UNFCU 🌏,Expense,Alcohol,1.48230534,USD,1330.0,,,2024-10-27,2024-W43,2024-10,2024,Chao culpa
2024-10-27 10:24:24+00:00,UNFCU 🌏,Expense,Groceries,4.11983456,USD,3697.0,,,2024-10-27,2024-W43,2024-10,2024,Gastos fijos
2024-10-28 00:43:21+00:00,UNFCU 🌏,Expense,Snacks & Coffee,1.2526524,USD,1124.0,,,2024-10-28,2024-W44,2024-10,2024,Chao culpa
2024-10-28 03:36:20+00:00,UNFCU 🌏,Expense,Snacks & Coffee,3.131631,USD,2810.0,,,2024-10-28,2024-W44,2024-10,2024,Chao culpa
2024-10-28 04:50:12+00:00,UNFCU 🌏,Expense,Gifts,12.526524,USD,11241.0,3 zodiacos : mama (ox) sofia (snake) y edu (sheep),,2024-10-28,2024-W44,2024-10,2024,Chao culpa
2024-10-28 04:50:34+00:00,UNFCU 🌏,Expense,Gifts,8.351016,USD,7494.0,Llavero sapo (mama) y zorro,,2024-10-28,2024-W44,2024-10,2024,Chao culpa
2024-10-28 05:03:42+00:00,UNFCU 🌏,Expense,Snacks & Coffee,2.435713,USD,2186.0,,,2024-10-28,2024-W44,2024-10,2024,Chao culpa
2024-10-28 05:19:10+00:00,UNFCU 🌏,Expense,Acommodation,22.69388598,USD,20366.0,Wise owl mixed room,,2024-10-28,2024-W44,2024-10,2024,Gastos fijos
2024-10-28 06:02:11+00:00,UNFCU 🌏,Expense,Restaurant,6.611221,USD,5933.0,Kari kari,,2024-10-28,2024-W44,2024-10,2024,Chao culpa
2024-10-28 06:19:15+00:00,UNFCU 🌏,Expense,Snacks & Coffee,1.9485704,USD,1749.0,Jelly bean ,,2024-10-28,2024-W44,2024-10,2024,Chao culpa
2024-10-28 06:24:21+00:00,UNFCU 🌏,Expense,Alcohol,0.695918,USD,625.0,Sake shoot ,,2024-10-28,2024-W44,2024-10,2024,Chao culpa
2024-10-28 07:05:54+00:00,UNFCU 🌏,Expense,Shopping,24.2875382,USD,21796.0,UNIQLO 2 t-shirts white ,ropa,2024-10-28,2024-W44,2024-10,2024,Chao culpa
2024-10-28 08:55:57+00:00,UNFCU 🌏,Expense,Snacks & Coffee,2.783672,USD,2498.0,Donut crene Brule ,,2024-10-28,2024-W44,2024-10,2024,Chao culpa
2024-10-28 12:28:44+00:00,UNFCU 🌏,Expense,Groceries,3.67444704,USD,3297.0,,,2024-10-28,2024-W44,2024-10,2024,Gastos fijos
2024-10-29 00:33:10+00:00,UNFCU 🌏,Expense,Snacks & Coffee,0.9046934,USD,812.0,,,2024-10-29,2024-W44,2024-10,2024,Chao culpa
2024-10-29 00:33:19+00:00,UNFCU 🌏,Expense,Snacks & Coffee,1.57277468,USD,1411.0,,,2024-10-29,2024-W44,2024-10,2024,Chao culpa
2024-10-29 00:33:28+00:00,UNFCU 🌏,Expense,Groceries,1.1134688,USD,999.0,,,2024-10-29,2024-W44,2024-10,2024,Gastos fijos
2024-10-29 00:33:44+00:00,UNFCU 🌏,Expense,Transport,34.7959,USD,31226.0,Kyoto to Tokyo ,bus,2024-10-29,2024-W44,2024-10,2024,Gastos fijos
2024-10-29 01:22:37+00:00,UNFCU 🌏,Expense,Snacks & Coffee,0.695918,USD,625.0,,,2024-10-29,2024-W44,2024-10,2024,Chao culpa
2024-10-29 02:34:24+00:00,UNFCU 🌏,Expense,Snacks & Coffee,1.6006114,USD,1436.0,,,2024-10-29,2024-W44,2024-10,2024,Chao culpa
2024-10-29 02:54:12+00:00,UNFCU 🌏,Expense,Snacks & Coffee,0.8351016,USD,749.0,,,2024-10-29,2024-W44,2024-10,2024,Chao culpa
2024-10-29 06:13:00+00:00,UNFCU 🌏,Expense,Restaurant,5.46991548,USD,4909.0,,lunch,2024-10-29,2024-W44,2024-10,2024,Chao culpa
2024-10-29 06:30:06+00:00,UNFCU 🌏,Expense,Snacks & Coffee,1.48230534,USD,1330.0,,,2024-10-29,2024-W44,2024-10,2024,Chao culpa
2024-10-29 08:58:38+00:00,UNFCU 🌏,Expense,Groceries,2.53314152,USD,2273.0,,,2024-10-29,2024-W44,2024-10,2024,Gastos fijos
2024-10-29 09:13:42+00:00,UNFCU 🌏,Expense,Transport,15.310196,USD,13740.0,Tokyo to Kawaguchiko Station ,bus,2024-10-29,2024-W44,2024-10,2024,Gastos fijos
2024-10-29 09:17:41+00:00,UNFCU 🌏,Expense,Acommodation,28.4978421,USD,25574.0,K house Mt Fuji View,,2024-10-29,2024-W44,2024-10,2024,Gastos fijos
2024-10-29 11:27:35+00:00,UNFCU 🌏,Expense,Groceries,5.33769106,USD,4790.0,,,2024-10-29,2024-W44,2024-10,2024,Gastos fijos
2024-10-30 00:34:18+00:00,UNFCU 🌏,Expense,Groceries,3.22905952,USD,2898.0,,,2024-10-30,2024-W44,2024-10,2024,Gastos fijos
2024-10-30 00:34:24+00:00,UNFCU 🌏,Expense,Snacks & Coffee,1.16218306,USD,1043.0,,,2024-10-30,2024-W44,2024-10,2024,Chao culpa
2024-10-30 03:21:40+00:00,UNFCU 🌏,Expense,Snacks & Coffee,1.391836,USD,1249.0,,,2024-10-30,2024-W44,2024-10,2024,Chao culpa
2024-10-30 03:24:52+00:00,UNFCU 🌏,Expense,Snacks & Coffee,2.783672,USD,2498.0,,,2024-10-30,2024-W44,2024-10,2024,Chao culpa
2024-10-30 05:29:58+00:00,UNFCU 🌏,Expense,Shopping,9.394893,USD,8431.0,,,2024-10-30,2024-W44,2024-10,2024,Chao culpa
2024-10-30 07:35:29+00:00,UNFCU 🌏,Expense,Groceries,3.69532458,USD,3316.0,,,2024-10-30,2024-W44,2024-10,2024,Gastos fijos
2024-10-30 07:35:35+00:00,UNFCU 🌏,Expense,Shopping,1.1134688,USD,999.0,,,2024-10-30,2024-W44,2024-10,2024,Chao culpa
2024-10-30 09:23:03+00:00,UNFCU 🌏,Expense,Acommodation,28.4978421,USD,25574.0,,,2024-10-30,2024-W44,2024-10,2024,Gastos fijos
2024-10-31 00:11:17+00:00,UNFCU 🌏,Expense,Groceries,4.50258946,USD,4041.0,,,2024-10-31,2024-W44,2024-10,2024,Gastos fijos
2024-10-31 01:57:02+00:00,UNFCU 🌏,Expense,Acommodation,0.00695918,USD,6.0,First night uteh house,,2024-10-31,2024-W44,2024-10,2024,Gastos fijos
2024-10-31 03:24:25+00:00,UNFCU 🌏,Expense,Transport,15.310196,USD,13740.0,Fuji to Tokyo ,bus,2024-10-31,2024-W44,2024-10,2024,Gastos fijos
2024-10-31 06:20:24+00:00,UNFCU 🌏,Expense,Transport,20.87754,USD,18736.0,Tokyo to daigo,bus,2024-10-31,2024-W44,2024-10,2024,Gastos fijos
2024-10-31 12:55:48+00:00,UNFCU 🌏,Expense,Groceries,42.67369176,USD,38296.0,Compra grabde ueth casa,,2024-10-31,2024-W44,2024-10,2024,Gastos fijos
2024-11-01 10:37:10+00:00,UNFCU 🌏,Expense,Acommodation,0.00695918,USD,7.0,Casa uteh,,2024-11-01,2024-W44,2024-11,2024,Gastos fijos
2024-11-02 08:37:54+00:00,UNFCU 🌏,Expense,Groceries,12.8048912,USD,12305.0,Bakery,,2024-11-02,2024-W44,2024-11,2024,Gastos fijos
2024-11-02 08:56:39+00:00,UNFCU 🌏,Expense,Groceries,4.523467,USD,4347.0,Battery 9v,,2024-11-02,2024-W44,2024-11,2024,Gastos fijos
2024-11-02 08:57:06+00:00,UNFCU 🌏,Expense,Shopping,7.14011868,USD,6861.0,Airtag Keychain ,electronics,2024-11-02,2024-W44,2024-11,2024,Chao culpa
2024-11-03 05:03:02+00:00,UNFCU 🌏,Expense,Snacks & Coffee,3.71620212,USD,3571.0,,,2024-11-03,2024-W44,2024-11,2024,Chao culpa
2024-11-03 05:04:11+00:00,UNFCU 🌏,Expense,Snacks & Coffee,0.77942816,USD,749.0,,,2024-11-03,2024-W44,2024-11,2024,Chao culpa
2024-11-03 05:04:27+00:00,UNFCU 🌏,Expense,Snacks & Coffee,1.3222442,USD,1271.0,,,2024-11-03,2024-W44,2024-11,2024,Chao culpa
2024-11-03 05:28:07+00:00,UNFCU 🌏,Expense,Utilities,20.87754,USD,20062.0,15 days data pñan10 gb,,2024-11-03,2024-W44,2024-11,2024,Gastos fijos
2024-11-04 07:46:11+00:00,UNFCU 🌏,Expense,Snacks & Coffee,4.11983456,USD,3959.0,,,2024-11-04,2024-W45,2024-11,2024,Chao culpa
2024-11-05 02:44:58+00:00,UNFCU 🌏,Expense,Snacks & Coffee,5.9848948,USD,5751.0,,,2024-11-05,2024-W45,2024-11,2024,Chao culpa
2024-11-05 02:49:11+00:00,UNFCU 🌏,Expense,Restaurant,7.655098,USD,7356.0,Bento box x2,,2024-11-05,2024-W45,2024-11,2024,Chao culpa
2024-11-06 06:15:57+00:00,UNFCU 🌏,Expense,Groceries,7.80124078,USD,7497.0,,,2024-11-06,2024-W45,2024-11,2024,Gastos fijos
2024-11-06 06:16:09+00:00,UNFCU 🌏,Expense,Activities,5.567344,USD,5350.0,Onsen yamizo ,,2024-11-06,2024-W45,2024-11,2024,Chao culpa
2024-11-07 03:25:51+00:00,UNFCU 🌏,Expense,Snacks & Coffee,0.77942816,USD,749.0,,,2024-11-07,2024-W45,2024-11,2024,Chao culpa
2024-11-07 03:25:57+00:00,UNFCU 🌏,Expense,Snacks & Coffee,2.07383564,USD,1993.0,,,2024-11-07,2024-W45,2024-11,2024,Chao culpa
2024-11-07 03:26:07+00:00,UNFCU 🌏,Expense,Groceries,7.73860816,USD,7436.0,,,2024-11-07,2024-W45,2024-11,2024,Gastos fijos
2024-11-07 07:32:04+00:00,UNFCU 🌏,Expense,Shopping,22.965294,USD,22068.0,anker iphone cable and charger,,2024-11-07,2024-W45,2024-11,2024,Chao culpa
2024-11-08 08:40:23+00:00,UNFCU 🌏,Expense,Snacks & Coffee,1.1830606,USD,1137.0,,,2024-11-08,2024-W45,2024-11,2024,Chao culpa
2024-11-08 08:40:29+00:00,UNFCU 🌏,Expense,Snacks & Coffee,2.1573458,USD,2073.0,,,2024-11-08,2024-W45,2024-11,2024,Chao culpa
2024-11-08 08:40:40+00:00,UNFCU 🌏,Expense,Activities,4.9410178,USD,4748.0,Onsen daigoii,,2024-11-08,2024-W45,2024-11,2024,Chao culpa
2024-11-09 06:39:18+00:00,UNFCU 🌏,Expense,Restaurant,13.91836,USD,13375.0,Sushi con Uteh ,,2024-11-09,2024-W45,2024-11,2024,Chao culpa
2024-11-09 06:39:27+00:00,UNFCU 🌏,Expense,Restaurant,13.91836,USD,13375.0,Sushi con Uteh ,,2024-11-09,2024-W45,2024-11,2024,Chao culpa
2024-11-09 07:00:16+00:00,UNFCU 🌏,Expense,Shopping,10.43877,USD,10031.0,candado bici uteh que perdi,,2024-11-09,2024-W45,2024-11,2024,Chao culpa
2024-11-09 07:05:45+00:00,UNFCU 🌏,Expense,Personal Care,1.391836,USD,1337.0,,,2024-11-09,2024-W45,2024-11,2024,Gastos fijos
2024-11-10 04:05:13+00:00,UNFCU 🌏,Expense,Restaurant,6.5416292,USD,6286.0,,,2024-11-10,2024-W45,2024-11,2024,Chao culpa
2024-11-10 04:25:01+00:00,UNFCU 🌏,Expense,Transport,17.39795,USD,16718.0,,public-transport,2024-11-10,2024-W45,2024-11,2024,Gastos fijos
2024-11-10 04:25:09+00:00,UNFCU 🌏,Expense,Snacks & Coffee,1.30136666,USD,1251.0,,,2024-11-10,2024-W45,2024-11,2024,Chao culpa
2024-11-10 04:26:41+00:00,UNFCU 🌏,Expense,Acommodation,17.39795,USD,16718.0,Hostel sakura asakusa,,2024-11-10,2024-W45,2024-11,2024,Gastos fijos
2024-11-10 07:24:04+00:00,UNFCU 🌏,Expense,Snacks & Coffee,1.1134688,USD,1070.0,,,2024-11-10,2024-W45,2024-11,2024,Chao culpa
2024-11-10 08:49:58+00:00,UNFCU 🌏,Expense,Pharmacy ,21.10719294,USD,20283.0,"Face wash, papaya cream and sunscreen",,2024-11-10,2024-W45,2024-11,2024,Gastos fijos
2024-11-10 09:24:38+00:00,UNFCU 🌏,Expense,Shopping,56.68948028,USD,54475.0,Uniqlo 2 t-shirts and 2 pants ,ropa,2024-11-10,2024-W45,2024-11,2024,Chao culpa
2024-11-10 09:28:55+00:00,UNFCU 🌏,Expense,Snacks & Coffee,1.9485704,USD,1872.0,,,2024-11-10,2024-W45,2024-11,2024,Chao culpa
2024-11-10 10:21:41+00:00,UNFCU 🌏,Expense,Gifts,53.585686,USD,51493.0,,,2024-11-10,2024-W45,2024-11,2024,Chao culpa
2024-11-10 10:26:42+00:00,UNFCU 🌏,Expense,Alcohol,1.55885632,USD,1498.0,,,2024-11-10,2024-W45,2024-11,2024,Chao culpa
2024-11-11 04:31:32+00:00,UNFCU 🌏,Expense,Snacks & Coffee,1.1830606,USD,1137.0,,,2024-11-11,2024-W46,2024-11,2024,Chao culpa
2024-11-11 04:31:53+00:00,UNFCU 🌏,Expense,Sport,4.871426,USD,4681.0,Natación ,,2024-11-11,2024-W46,2024-11,2024,Secundarios
2024-11-11 06:36:21+00:00,UNFCU 🌏,Expense,Shopping,17.39795,USD,16718.0,Speedo water bag,,2024-11-11,2024-W46,2024-11,2024,Chao culpa
2024-11-11 06:36:43+00:00,UNFCU 🌏,Expense,Shopping,4.3146916,USD,4146.0,Watch pool protector mandatory ,,2024-11-11,2024-W46,2024-11,2024,Chao culpa
2024-11-11 07:30:39+00:00,UNFCU 🌏,Expense,Restaurant,4.9410178,USD,4748.0,,lunch,2024-11-11,2024-W46,2024-11,2024,Chao culpa
2024-11-11 07:35:45+00:00,UNFCU 🌏,Expense,Snacks & Coffee,1.27352994,USD,1224.0,,,2024-11-11,2024-W46,2024-11,2024,Chao culpa
2024-11-11 08:58:45+00:00,UNFCU 🌏,Expense,Shopping,998.3291669,USD,959334.0,Lente Sony 24 50 2.8 G,photography ,2024-11-11,2024-W46,2024-11,2024,Chao culpa
2024-11-11 10:05:50+00:00,UNFCU 🌏,Expense,Snacks & Coffee,1.19697896,USD,1150.0,,,2024-11-11,2024-W46,2024-11,2024,Chao culpa
2024-11-11 13:11:10+00:00,UNFCU 🌏,Expense,Restaurant,6.8895882,USD,6620.0,,dinner,2024-11-11,2024-W46,2024-11,2024,Chao culpa
2024-11-11 13:16:27+00:00,UNFCU 🌏,Expense,Alcohol,1.50318288,USD,1444.0,,,2024-11-11,2024-W46,2024-11,2024,Chao culpa
2024-11-11 13:23:11+00:00,UNFCU 🌏,Expense,Pharmacy ,8.26750584,USD,7945.0,Stomach pills,,2024-11-11,2024-W46,2024-11,2024,Gastos fijos
2024-11-11 16:32:11+00:00,UNFCU 🌏,Expense,Flights,218.0,USD,209485.0,tokyo to bali,,2024-11-11,2024-W46,2024-11,2024,Otros
2024-11-11 21:05:00+00:00,UNFCU 🌏,Expense,Shopping,315.41692,USD,303097.0,Lente Sony 85mm 1.8 - usado Maps Camera ,photography ,2024-11-11,2024-W46,2024-11,2024,Chao culpa
2024-11-11 21:05:34+00:00,UNFCU 🌏,Expense,Shopping,197.79859424,USD,190073.0,Lente Sony 28mm F2 - maps camera,photography ,2024-11-11,2024-W46,2024-11,2024,Chao culpa
2024-11-11 21:09:30+00:00,UNFCU 🌏,Expense,Shopping,69.520464,USD,66805.0,Battery Sony NP FZ100,photography ,2024-11-11,2024-W46,2024-11,2024,Chao culpa
2024-11-11 21:09:51+00:00,UNFCU 🌏,Expense,Shopping,8.89604456,USD,8549.0,Lens pouch,photography ,2024-11-11,2024-W46,2024-11,2024,Chao culpa
2024-11-12 02:50:32+00:00,UNFCU 🌏,Expense,Gifts,24.89298686,USD,23921.0,Museum folders and postcards ,,2024-11-12,2024-W46,2024-11,2024,Chao culpa
2024-11-12 03:18:03+00:00,UNFCU 🌏,Expense,Snacks & Coffee,1.12738716,USD,1083.0,,,2024-11-12,2024-W46,2024-11,2024,Chao culpa
2024-11-12 03:18:20+00:00,UNFCU 🌏,Expense,Activities,6.95918,USD,6687.0,Tokyo national museum ,,2024-11-12,2024-W46,2024-11,2024,Chao culpa
2024-11-12 06:54:33+00:00,UNFCU 🌏,Expense,Restaurant,8.351016,USD,8025.0,,lunch,2024-11-12,2024-W46,2024-11,2024,Chao culpa
2024-11-12 06:54:41+00:00,UNFCU 🌏,Expense,Sport,4.871426,USD,4681.0,,natacion,2024-11-12,2024-W46,2024-11,2024,Secundarios
2024-11-12 06:55:04+00:00,UNFCU 🌏,Expense,Groceries,3.62122046,USD,3480.0,,,2024-11-12,2024-W46,2024-11,2024,Gastos fijos
2024-11-12 10:47:39+00:00,UNFCU 🌏,Expense,Restaurant,4.7322424,USD,4547.0,Hot dog airport ,,2024-11-12,2024-W46,2024-11,2024,Chao culpa
2024-11-13 06:53:53+00:00,UNFCU 🌏,Expense,Restaurant,9.12269001,USD,8766.0,Burger King airport,lunch,2024-11-13,2024-W46,2024-11,2024,Chao culpa
2024-11-13 06:54:22+00:00,UNFCU 🌏,Expense,Snacks & Coffee,3.89977588,USD,3747.0,,,2024-11-13,2024-W46,2024-11,2024,Chao culpa
2024-11-13 06:54:50+00:00,UNFCU 🌏,Expense,Snacks & Coffee,2.64627649,USD,2543.0,,,2024-11-13,2024-W46,2024-11,2024,Chao culpa
2024-11-13 07:38:08+00:00,UNFCU 🌏,Expense,Flights,322.0,USD,309423.0,shanghai to bali kiwi,,2024-11-13,2024-W46,2024-11,2024,Otros
2024-11-13 07:38:43+00:00,UNFCU 🌏,Expense,Flights,36.42,USD,34997.0,change flight fee kiwi,,2024-11-13,2024-W46,2024-11,2024,Otros
2024-11-13 07:39:21+00:00,UNFCU 🌏,Income,Refund,103.0,USD,98977.0,juenyao airkines shanghai bali refund,,2024-11-13,2024-W46,2024-11,2024,Otros
2024-11-13 12:33:16+00:00,UNFCU 🌏,Expense,Acommodation,19.5546,USD,18791.0,,,2024-11-13,2024-W46,2024-11,2024,Gastos fijos
2024-11-13 20:40:22+00:00,UNFCU 🌏,Expense,Utilities,12.753,USD,12255.0,,,2024-11-13,2024-W46,2024-11,2024,Gastos fijos
2024-11-14 06:14:27+00:00,UNFCU 🌏,Expense,Transport,0.6189456,USD,595.0,,,2024-11-14,2024-W46,2024-11,2024,Gastos fijos
2024-11-14 07:08:49+00:00,UNFCU 🌏,Expense,Restaurant,5.1012,USD,4902.0,,,2024-11-14,2024-W46,2024-11,2024,Chao culpa
2024-11-14 07:08:56+00:00,UNFCU 🌏,Expense,Transport,0.9713535,USD,933.0,,,2024-11-14,2024-W46,2024-11,2024,Gastos fijos
2024-11-14 07:24:32+00:00,UNFCU 🌏,Expense,Snacks & Coffee,3.57084,USD,3431.0,,,2024-11-14,2024-W46,2024-11,2024,Chao culpa
2024-11-14 08:33:20+00:00,UNFCU 🌏,Expense,Snacks & Coffee,2.08299,USD,2002.0,,,2024-11-14,2024-W46,2024-11,2024,Chao culpa
2024-11-14 12:33:01+00:00,UNFCU 🌏,Expense,Restaurant,8.582769,USD,8248.0,,dinner,2024-11-14,2024-W46,2024-11,2024,Chao culpa
2024-11-14 12:33:24+00:00,UNFCU 🌏,Expense,Acommodation,19.5546,USD,18791.0,,,2024-11-14,2024-W46,2024-11,2024,Gastos fijos
2024-11-14 22:42:15+00:00,UNFCU 🌏,Expense,Restaurant,9.05463,USD,8701.0,,breakfast,2024-11-14,2024-W46,2024-11,2024,Chao culpa
2024-11-15 05:10:30+00:00,UNFCU 🌏,Expense,Utilities,29.9115,USD,28743.0,S card 30 days 60 gb,,2024-11-15,2024-W46,2024-11,2024,Gastos fijos
2024-11-15 05:24:08+00:00,UNFCU 🌏,Expense,Groceries,7.610815,USD,7314.0,,,2024-11-15,2024-W46,2024-11,2024,Gastos fijos
2024-11-15 07:09:10+00:00,UNFCU 🌏,Expense,Snacks & Coffee,2.6588,USD,2555.0,,,2024-11-15,2024-W46,2024-11,2024,Chao culpa
2024-11-15 07:13:47+00:00,UNFCU 🌏,Expense,Snacks & Coffee,1.9941,USD,1916.0,,,2024-11-15,2024-W46,2024-11,2024,Chao culpa
2024-11-15 07:35:59+00:00,UNFCU 🌏,Expense,Acommodation,29.9115,USD,28743.0,Kailash villa ubud night 1,,2024-11-15,2024-W46,2024-11,2024,Gastos fijos
2024-11-15 13:19:40+00:00,UNFCU 🌏,Expense,Education,3115.0,USD,2993328.0,John Stanmeyer Bali Workshop Fee,photography ,2024-11-15,2024-W46,2024-11,2024,Secundarios
2024-11-16 00:42:01+00:00,UNFCU 🌏,Expense,Groceries,7.391464,USD,7103.0,,,2024-11-16,2024-W46,2024-11,2024,Gastos fijos
2024-11-17 03:30:12+00:00,UNFCU 🌏,Expense,Snacks & Coffee,0.73117,USD,703.0,,,2024-11-17,2024-W46,2024-11,2024,Chao culpa
2024-11-17 03:30:42+00:00,UNFCU 🌏,Expense,Activities,58.16125,USD,55889.0,Fixer daily rate,,2024-11-17,2024-W46,2024-11,2024,Chao culpa
2024-11-17 03:30:52+00:00,UNFCU 🌏,Expense,Acommodation,29.9115,USD,28743.0,,,2024-11-17,2024-W46,2024-11,2024,Gastos fijos
2024-11-17 04:54:11+00:00,UNFCU 🌏,Expense,Groceries,6.24818,USD,6004.0,,,2024-11-17,2024-W46,2024-11,2024,Gastos fijos
2024-11-17 05:51:40+00:00,UNFCU 🌏,Expense,Restaurant,19.60865,USD,18843.0,,,2024-11-17,2024-W46,2024-11,2024,Chao culpa
2024-11-18 00:53:46+00:00,UNFCU 🌏,Expense,Activities,9.9705,USD,9581.0,Temple big,,2024-11-18,2024-W47,2024-11,2024,Chao culpa
2024-11-18 00:53:55+00:00,UNFCU 🌏,Expense,Acommodation,29.9115,USD,28743.0,,,2024-11-18,2024-W47,2024-11,2024,Gastos fijos
2024-11-18 00:54:03+00:00,UNFCU 🌏,Expense,Activities,53.176,USD,51099.0,,,2024-11-18,2024-W47,2024-11,2024,Chao culpa
2024-11-18 02:05:28+00:00,UNFCU 🌏,Expense,Groceries,1.06352,USD,1022.0,,,2024-11-18,2024-W47,2024-11,2024,Gastos fijos
2024-11-18 05:57:27+00:00,UNFCU 🌏,Expense,Restaurant,2.99115,USD,2874.0,,lunch,2024-11-18,2024-W47,2024-11,2024,Chao culpa
2024-11-18 06:06:37+00:00,UNFCU 🌏,Expense,Snacks & Coffee,2.32645,USD,2236.0,,,2024-11-18,2024-W47,2024-11,2024,Chao culpa
2024-11-18 06:06:44+00:00,UNFCU 🌏,Expense,Snacks & Coffee,1.66175,USD,1597.0,,,2024-11-18,2024-W47,2024-11,2024,Chao culpa
2024-11-18 23:23:55+00:00,UNFCU 🌏,Expense,Groceries,7.936518,USD,7627.0,,,2024-11-18,2024-W47,2024-11,2024,Gastos fijos
2024-11-19 06:39:35+00:00,UNFCU 🌏,Expense,Snacks & Coffee,6.647,USD,6387.0,,,2024-11-19,2024-W47,2024-11,2024,Chao culpa
2024-11-19 07:02:54+00:00,UNFCU 🌏,Expense,Restaurant,2.99115,USD,2874.0,,lunch,2024-11-19,2024-W47,2024-11,2024,Chao culpa
2024-11-19 07:03:02+00:00,UNFCU 🌏,Expense,Snacks & Coffee,6.647,USD,6387.0,,,2024-11-19,2024-W47,2024-11,2024,Chao culpa
2024-11-19 07:03:10+00:00,UNFCU 🌏,Expense,Snacks & Coffee,0.963815,USD,926.0,,,2024-11-19,2024-W47,2024-11,2024,Chao culpa
2024-11-19 12:42:57+00:00,UNFCU 🌏,Expense,Gifts,0.79764,USD,766.0,,,2024-11-19,2024-W47,2024-11,2024,Chao culpa
2024-11-19 12:43:03+00:00,UNFCU 🌏,Expense,Gifts,1.3294,USD,1277.0,,,2024-11-19,2024-W47,2024-11,2024,Chao culpa
2024-11-19 12:43:16+00:00,UNFCU 🌏,Expense,Restaurant,6.51406,USD,6260.0,,dinner,2024-11-19,2024-W47,2024-11,2024,Chao culpa
2024-11-19 12:43:32+00:00,UNFCU 🌏,Expense,Acommodation,29.9115,USD,28743.0,,,2024-11-19,2024-W47,2024-11,2024,Gastos fijos
2024-11-19 12:43:44+00:00,UNFCU 🌏,Expense,Activities,53.176,USD,51099.0,Fixer day 5,,2024-11-19,2024-W47,2024-11,2024,Chao culpa
2024-11-19 23:47:27+00:00,UNFCU 🌏,Expense,Groceries,9.77109,USD,9389.0,,,2024-11-19,2024-W47,2024-11,2024,Gastos fijos
2024-11-20 00:46:30+00:00,UNFCU 🌏,Expense,Activities,1.9941,USD,1916.0,Bat temple,,2024-11-20,2024-W47,2024-11,2024,Chao culpa
2024-11-20 08:05:59+00:00,UNFCU 🌏,Expense,Snacks & Coffee,0.99705,USD,958.0,,,2024-11-20,2024-W47,2024-11,2024,Chao culpa
2024-11-20 08:06:14+00:00,UNFCU 🌏,Expense,Snacks & Coffee,0.631465,USD,607.0,,,2024-11-20,2024-W47,2024-11,2024,Chao culpa
2024-11-20 23:21:32+00:00,UNFCU 🌏,Expense,Activities,5.3176,USD,5110.0,,,2024-11-20,2024-W47,2024-11,2024,Chao culpa
2024-11-21 01:21:39+00:00,UNFCU 🌏,Expense,Pharmacy ,1.79469,USD,1725.0,,,2024-11-21,2024-W47,2024-11,2024,Gastos fijos
2024-11-21 07:49:00+00:00,UNFCU 🌏,Expense,Restaurant,6.84641,USD,6579.0,,,2024-11-21,2024-W47,2024-11,2024,Chao culpa
2024-11-21 11:20:32+00:00,UNFCU 🌏,Expense,Groceries,4.420255,USD,4248.0,,,2024-11-21,2024-W47,2024-11,2024,Gastos fijos
2024-11-22 05:15:22+00:00,UNFCU 🌏,Expense,Restaurant,8.867098,USD,8521.0,,,2024-11-22,2024-W47,2024-11,2024,Chao culpa
2024-11-22 09:01:08+00:00,UNFCU 🌏,Expense,Healthcare,26.588,USD,25549.0,Healer massage bali,,2024-11-22,2024-W47,2024-11,2024,Gastos fijos
2024-11-22 09:49:08+00:00,UNFCU 🌏,Expense,Groceries,1.9941,USD,1916.0,,,2024-11-22,2024-W47,2024-11,2024,Gastos fijos
2024-11-23 07:40:56+00:00,UNFCU 🌏,Expense,Activities,4.98525,USD,4791.0,Sangue monkey forest,,2024-11-23,2024-W47,2024-11,2024,Chao culpa
2024-11-23 07:41:14+00:00,UNFCU 🌏,Expense,Snacks & Coffee,1.9941,USD,1916.0,,,2024-11-23,2024-W47,2024-11,2024,Chao culpa
2024-11-23 07:41:19+00:00,UNFCU 🌏,Expense,Snacks & Coffee,1.66175,USD,1597.0,,,2024-11-23,2024-W47,2024-11,2024,Chao culpa
2024-11-23 10:58:23+00:00,UNFCU 🌏,Expense,Groceries,9.405505,USD,9038.0,,,2024-11-23,2024-W47,2024-11,2024,Gastos fijos
2024-11-23 22:44:34+00:00,UNFCU 🌏,Expense,Restaurant,7.9764,USD,7665.0,Pizza,dinner,2024-11-23,2024-W47,2024-11,2024,Chao culpa
2024-11-25 04:17:01+00:00,UNFCU 🌏,Expense,Acommodation,16.6175,USD,15968.0,family guest house ubud,,2024-11-25,2024-W48,2024-11,2024,Gastos fijos
2024-11-25 04:17:23+00:00,UNFCU 🌏,Expense,Acommodation,16.6175,USD,15968.0,cancel fee kailash,,2024-11-25,2024-W48,2024-11,2024,Gastos fijos
2024-11-25 08:48:33+00:00,UNFCU 🌏,Expense,Restaurant,4.18761,USD,4024.0,,,2024-11-25,2024-W48,2024-11,2024,Chao culpa
2024-11-25 11:16:56+00:00,UNFCU 🌏,Expense,Personal Care,26.588,USD,25549.0,Massage healer ,,2024-11-25,2024-W48,2024-11,2024,Gastos fijos
2024-11-25 13:20:49+00:00,UNFCU 🌏,Expense,Restaurant,111.0,USD,106664.0,Villa Kailash Workshop All Meals,,2024-11-25,2024-W48,2024-11,2024,Chao culpa
2024-11-25 13:21:43+00:00,UNFCU 🌏,Expense,Acommodation,111.0,USD,106664.0,Villa Kailash Workshop All Nights 10,,2024-11-25,2024-W48,2024-11,2024,Gastos fijos
2024-11-25 13:25:53+00:00,UNFCU 🌏,Expense,Activities,111.0,USD,106664.0,Bali Workshop Fixer Fee for 9.5 days,photography ,2024-11-25,2024-W48,2024-11,2024,Chao culpa
2024-11-25 13:58:33+00:00,UNFCU 🌏,Expense,Restaurant,9.70462,USD,9326.0,,,2024-11-25,2024-W48,2024-11,2024,Chao culpa
2024-11-25 15:17:23+00:00,UNFCU 🌏,Expense,Acommodation,16.6175,USD,15968.0,,,2024-11-25,2024-W48,2024-11,2024,Gastos fijos
2024-11-26 05:23:09+00:00,UNFCU 🌏,Expense,Transport,0.784346,USD,754.0,,taxi,2024-11-26,2024-W48,2024-11,2024,Gastos fijos
2024-11-26 08:56:25+00:00,UNFCU 🌏,Expense,Sport,0.6647,USD,639.0,Swimming pool near Ubud ,natacion,2024-11-26,2024-W48,2024-11,2024,Secundarios
2024-11-26 08:56:56+00:00,UNFCU 🌏,Expense,Restaurant,6.97935,USD,6707.0,Burger ,,2024-11-26,2024-W48,2024-11,2024,Chao culpa
2024-11-26 08:57:18+00:00,UNFCU 🌏,Expense,Transport,3.45644,USD,3321.0,,taxi,2024-11-26,2024-W48,2024-11,2024,Gastos fijos
2024-11-26 08:57:26+00:00,UNFCU 🌏,Expense,Transport,2.25998,USD,2172.0,,taxi,2024-11-26,2024-W48,2024-11,2024,Gastos fijos
2024-11-26 08:57:37+00:00,UNFCU 🌏,Expense,Transport,26.72094,USD,25677.0,Ubud to uluwatu ,,2024-11-26,2024-W48,2024-11,2024,Gastos fijos
2024-11-26 11:31:23+00:00,UNFCU 🌏,Expense,Acommodation,14.29105,USD,13733.0,Ulu bali uluwatu ,,2024-11-26,2024-W48,2024-11,2024,Gastos fijos
2024-11-26 11:31:26+00:00,UNFCU 🌏,Expense,Acommodation,14.29105,USD,13733.0,Ulu bali uluwatu ,,2024-11-26,2024-W48,2024-11,2024,Gastos fijos
2024-11-26 13:28:13+00:00,UNFCU 🌏,Expense,Groceries,10.881139,USD,10456.0,,,2024-11-26,2024-W48,2024-11,2024,Gastos fijos
2024-11-26 14:19:25+00:00,UNFCU 🌏,Expense,Restaurant,3.65585,USD,3513.0,,dinner,2024-11-26,2024-W48,2024-11,2024,Chao culpa
2024-11-27 05:09:36+00:00,UNFCU 🌏,Expense,Sport,6.647,USD,6387.0,Surf ,,2024-11-27,2024-W48,2024-11,2024,Secundarios
2024-11-27 05:09:50+00:00,UNFCU 🌏,Expense,Activities,3.3235,USD,3194.0,Beach seat ,,2024-11-27,2024-W48,2024-11,2024,Chao culpa
2024-11-27 05:18:13+00:00,UNFCU 🌏,Expense,Transport,1.336047,USD,1284.0,,,2024-11-27,2024-W48,2024-11,2024,Gastos fijos
2024-11-27 07:36:30+00:00,UNFCU 🌏,Expense,Snacks & Coffee,2.25998,USD,2172.0,,,2024-11-27,2024-W48,2024-11,2024,Chao culpa
2024-11-27 07:36:55+00:00,UNFCU 🌏,Expense,Restaurant,3.45644,USD,3321.0,,lunch,2024-11-27,2024-W48,2024-11,2024,Chao culpa
2024-11-27 07:37:08+00:00,UNFCU 🌏,Expense,Acommodation,14.29105,USD,13733.0,,,2024-11-27,2024-W48,2024-11,2024,Gastos fijos
2024-11-27 07:51:28+00:00,UNFCU 🌏,Expense,Groceries,3.3235,USD,3194.0,,,2024-11-27,2024-W48,2024-11,2024,Gastos fijos
2024-11-27 11:24:21+00:00,UNFCU 🌏,Expense,Restaurant,4.32055,USD,4152.0,,dinner,2024-11-27,2024-W48,2024-11,2024,Chao culpa
2024-11-28 05:09:40+00:00,UNFCU 🌏,Expense,Snacks & Coffee,3.92173,USD,3769.0,,,2024-11-28,2024-W48,2024-11,2024,Chao culpa
2024-11-28 06:22:46+00:00,UNFCU 🌏,Expense,Restaurant,6.97935,USD,6707.0,,lunch,2024-11-28,2024-W48,2024-11,2024,Chao culpa
2024-11-28 06:33:30+00:00,UNFCU 🌏,Expense,Acommodation,12.56283,USD,12072.0,,,2024-11-28,2024-W48,2024-11,2024,Gastos fijos
2024-11-28 09:34:31+00:00,UNFCU 🌏,Expense,Transport,0.824228,USD,792.0,,,2024-11-28,2024-W48,2024-11,2024,Gastos fijos
2024-11-28 09:34:54+00:00,UNFCU 🌏,Expense,Transport,0.584936,USD,562.0,,,2024-11-28,2024-W48,2024-11,2024,Gastos fijos
2024-11-28 09:35:00+00:00,UNFCU 🌏,Expense,Transport,0.584936,USD,562.0,,,2024-11-28,2024-W48,2024-11,2024,Gastos fijos
2024-11-28 09:54:10+00:00,UNFCU 🌏,Expense,Restaurant,5.9823,USD,5749.0,,dinner,2024-11-28,2024-W48,2024-11,2024,Chao culpa
2024-11-28 09:54:33+00:00,UNFCU 🌏,Expense,Snacks & Coffee,3.3235,USD,3194.0,Salty coffee ,,2024-11-28,2024-W48,2024-11,2024,Chao culpa
2024-11-28 09:54:44+00:00,UNFCU 🌏,Expense,Snacks & Coffee,3.3235,USD,3194.0,Arabica ,,2024-11-28,2024-W48,2024-11,2024,Chao culpa
2024-11-29 04:19:50+00:00,UNFCU 🌏,Expense,Transport,4.6529,USD,4471.0,,rental,2024-11-29,2024-W48,2024-11,2024,Gastos fijos
2024-11-29 06:14:32+00:00,UNFCU 🌏,Expense,Acommodation,16.94985,USD,16288.0,,,2024-11-29,2024-W48,2024-11,2024,Gastos fijos
2024-11-29 06:54:15+00:00,UNFCU 🌏,Expense,Restaurant,3.65585,USD,3513.0,,breakfast,2024-11-29,2024-W48,2024-11,2024,Chao culpa
2024-11-29 06:54:36+00:00,UNFCU 🌏,Expense,Snacks & Coffee,3.65585,USD,3513.0,,,2024-11-29,2024-W48,2024-11,2024,Chao culpa
2024-11-29 06:54:43+00:00,UNFCU 🌏,Expense,Snacks & Coffee,1.66175,USD,1597.0,,,2024-11-29,2024-W48,2024-11,2024,Chao culpa
2024-11-29 06:55:05+00:00,UNFCU 🌏,Expense,Restaurant,3.3235,USD,3194.0,,lunch,2024-11-29,2024-W48,2024-11,2024,Chao culpa
2024-11-29 07:09:02+00:00,UNFCU 🌏,Expense,Groceries,3.85526,USD,3705.0,,,2024-11-29,2024-W48,2024-11,2024,Gastos fijos
2024-11-29 14:01:03+00:00,UNFCU 🌏,Expense,Restaurant,16.6175,USD,15968.0,,,2024-11-29,2024-W48,2024-11,2024,Chao culpa
2024-11-30 06:13:27+00:00,UNFCU 🌏,Expense,Restaurant,12.077599,USD,11606.0,,lunch,2024-11-30,2024-W48,2024-11,2024,Chao culpa
2024-11-30 06:13:34+00:00,UNFCU 🌏,Expense,Restaurant,14.29105,USD,13733.0,,,2024-11-30,2024-W48,2024-11,2024,Chao culpa
2024-11-30 06:13:47+00:00,UNFCU 🌏,Expense,Alcohol,12.96165,USD,12455.0,,,2024-11-30,2024-W48,2024-11,2024,Chao culpa
2024-11-30 10:07:10+00:00,UNFCU 🌏,Expense,Acommodation,16.94985,USD,16288.0,,,2024-11-30,2024-W48,2024-11,2024,Gastos fijos
2024-11-30 10:27:58+00:00,UNFCU 🌏,Expense,Transport,3.05762,USD,2938.0,,gas,2024-11-30,2024-W48,2024-11,2024,Gastos fijos
2024-11-30 10:28:05+00:00,UNFCU 🌏,Expense,Transport,4.6529,USD,4471.0,,rental,2024-11-30,2024-W48,2024-11,2024,Gastos fijos
2024-12-01 06:08:29+00:00,UNFCU 🌏,Expense,Sport,10.96755,USD,10539.0,Yoga ,,2024-12-01,2024-W48,2024-12,2024,Secundarios
2024-12-01 06:12:29+00:00,UNFCU 🌏,Expense,Acommodation,16.94985,USD,16288.0,Ancut sari near ubud,,2024-12-01,2024-W48,2024-12,2024,Gastos fijos
2024-12-01 06:15:48+00:00,UNFCU 🌏,Expense,Snacks & Coffee,10.96755,USD,10539.0,,,2024-12-01,2024-W48,2024-12,2024,Chao culpa
2024-12-01 09:04:49+00:00,UNFCU 🌏,Expense,Restaurant,2.85821,USD,2747.0,,,2024-12-01,2024-W48,2024-12,2024,Chao culpa
2024-12-01 13:12:30+00:00,UNFCU 🌏,Expense,Transport,4.6529,USD,4471.0,,rental,2024-12-01,2024-W48,2024-12,2024,Gastos fijos
2024-12-01 14:16:18+00:00,UNFCU 🌏,Expense,Restaurant,4.78584,USD,4599.0,,dinner,2024-12-01,2024-W48,2024-12,2024,Chao culpa
2024-12-02 01:13:15+00:00,UNFCU 🌏,Expense,Alcohol,9.9705,USD,9581.0,,,2024-12-02,2024-W49,2024-12,2024,Chao culpa
2024-12-02 05:25:23+00:00,UNFCU 🌏,Expense,Activities,10.30285,USD,9901.0,Massage Ubud ,,2024-12-02,2024-W49,2024-12,2024,Chao culpa
2024-12-02 05:25:45+00:00,UNFCU 🌏,Expense,Acommodation,16.94985,USD,16288.0,,,2024-12-02,2024-W49,2024-12,2024,Gastos fijos
2024-12-02 05:33:05+00:00,UNFCU 🌏,Expense,Restaurant,6.84641,USD,6579.0,,lunch,2024-12-02,2024-W49,2024-12,2024,Chao culpa
2024-12-02 08:14:41+00:00,UNFCU 🌏,Expense,Snacks & Coffee,2.19351,USD,2108.0,,,2024-12-02,2024-W49,2024-12,2024,Chao culpa
2024-12-02 08:15:04+00:00,UNFCU 🌏,Expense,Snacks & Coffee,3.58938,USD,3449.0,,,2024-12-02,2024-W49,2024-12,2024,Chao culpa
2024-12-02 12:32:04+00:00,UNFCU 🌏,Expense,Transport,1.163225,USD,1118.0,,,2024-12-02,2024-W49,2024-12,2024,Gastos fijos
2024-12-02 12:32:28+00:00,UNFCU 🌏,Expense,Transport,1.814631,USD,1744.0,,,2024-12-02,2024-W49,2024-12,2024,Gastos fijos
2024-12-03 00:08:27+00:00,UNFCU 🌏,Expense,Restaurant,9.9705,USD,9581.0,,,2024-12-03,2024-W49,2024-12,2024,Chao culpa
2024-12-03 01:13:54+00:00,UNFCU 🌏,Expense,Personal Care,5.3176,USD,5110.0,Pastilla dia despues,,2024-12-03,2024-W49,2024-12,2024,Gastos fijos
2024-12-03 01:14:16+00:00,UNFCU 🌏,Expense,Transport,19.941,USD,19162.0,Ubud to airport,taxi,2024-12-03,2024-W49,2024-12,2024,Gastos fijos
2024-12-03 01:14:55+00:00,UNFCU 🌏,Expense,Acommodation,28.0,USD,26907.0,Singapore capsule hive,,2024-12-03,2024-W49,2024-12,2024,Gastos fijos
2024-12-03 05:48:11+00:00,UNFCU 🌏,Expense,Restaurant,5.84384362,USD,5616.0,,,2024-12-03,2024-W49,2024-12,2024,Chao culpa
2024-12-03 13:14:37+00:00,UNFCU 🌏,Expense,Flights,107.74,USD,103533.0,Denpasar to Singapore ,,2024-12-03,2024-W49,2024-12,2024,Otros
2024-12-04 05:08:44+00:00,UNFCU 🌏,Expense,Snacks & Coffee,6.91644782,USD,6646.0,,,2024-12-04,2024-W49,2024-12,2024,Chao culpa
2024-12-04 05:26:01+00:00,UNFCU 🌏,Expense,Restaurant,6.58357066,USD,6326.0,Seven eleven lunch,,2024-12-04,2024-W49,2024-12,2024,Chao culpa
2024-12-04 11:56:22+00:00,UNFCU 🌏,Expense,Sport,1.8493176,USD,1777.0,,natacion,2024-12-04,2024-W49,2024-12,2024,Secundarios
2024-12-04 11:56:31+00:00,UNFCU 🌏,Expense,Snacks & Coffee,1.47945408,USD,1422.0,,,2024-12-04,2024-W49,2024-12,2024,Chao culpa
2024-12-04 11:56:45+00:00,UNFCU 🌏,Expense,Restaurant,8.42549099,USD,8096.0,,dinner,2024-12-04,2024-W49,2024-12,2024,Chao culpa
2024-12-04 11:56:56+00:00,UNFCU 🌏,Expense,Acommodation,28.0,USD,26907.0,,,2024-12-04,2024-W49,2024-12,2024,Gastos fijos
2024-12-05 03:45:14+00:00,UNFCU 🌏,Expense,Groceries,2.66301734,USD,2559.0,,,2024-12-05,2024-W49,2024-12,2024,Gastos fijos
2024-12-05 03:45:29+00:00,UNFCU 🌏,Expense,Sport,1.9232903,USD,1848.0,,natacion,2024-12-05,2024-W49,2024-12,2024,Secundarios
2024-12-05 03:45:40+00:00,UNFCU 🌏,Expense,Snacks & Coffee,2.95890816,USD,2843.0,,,2024-12-05,2024-W49,2024-12,2024,Chao culpa
2024-12-05 06:03:59+00:00,UNFCU 🌏,Expense,Restaurant,11.39179642,USD,10947.0,Burger king airport ,,2024-12-05,2024-W49,2024-12,2024,Chao culpa
2024-12-05 06:39:58+00:00,UNFCU 🌏,Expense,Snacks & Coffee,3.32877168,USD,3199.0,,,2024-12-05,2024-W49,2024-12,2024,Chao culpa
2024-12-05 13:14:12+00:00,UNFCU 🌏,Expense,Flights,327.47,USD,314682.0,Singapore to Frankfurt ,,2024-12-05,2024-W49,2024-12,2024,Otros
2024-12-05 14:25:19+00:00,UNFCU 🌏,Expense,Restaurant,9.7971979,USD,9415.0,,,2024-12-05,2024-W49,2024-12,2024,Chao culpa
2024-12-06 05:27:51+00:00,UNFCU 🌏,Expense,Restaurant,11.04258391,USD,10611.0,,breakfast,2024-12-06,2024-W49,2024-12,2024,Chao culpa
2024-12-06 05:56:48+00:00,UNFCU 🌏,Expense,Utilities,39.9,USD,38342.0,Holafly esim Europe 11 days unlimited data,,2024-12-06,2024-W49,2024-12,2024,Gastos fijos
2024-12-06 08:06:05+00:00,UNFCU 🌏,Expense,Snacks & Coffee,1.74932022,USD,1681.0,,,2024-12-06,2024-W49,2024-12,2024,Chao culpa
2024-12-06 08:41:46+00:00,UNFCU 🌏,Expense,Snacks & Coffee,2.18665028,USD,2101.0,,,2024-12-06,2024-W49,2024-12,2024,Chao culpa
2024-12-06 09:17:05+00:00,UNFCU 🌏,Expense,Acommodation,31.2,USD,29982.0,,,2024-12-06,2024-W49,2024-12,2024,Gastos fijos
2024-12-06 09:17:47+00:00,UNFCU 🌏,Expense,Restaurant,14.21322682,USD,13658.0,Burger station ,dinner,2024-12-06,2024-W49,2024-12,2024,Chao culpa
2024-12-06 14:40:41+00:00,UNFCU 🌏,Expense,Transport,28.42645364,USD,27316.0,Frankfurt to Amsterdam ,,2024-12-06,2024-W49,2024-12,2024,Gastos fijos
2024-12-07 09:14:36+00:00,UNFCU 🌏,Expense,Groceries,14.21322682,USD,13658.0,,,2024-12-07,2024-W49,2024-12,2024,Gastos fijos
2024-12-07 09:14:48+00:00,UNFCU 🌏,Expense,Snacks & Coffee,3.49864045,USD,3362.0,,,2024-12-07,2024-W49,2024-12,2024,Chao culpa
2024-12-07 09:16:57+00:00,UNFCU 🌏,Expense,Acommodation,31.2,USD,29982.0,Clink nord hostel,,2024-12-07,2024-W49,2024-12,2024,Gastos fijos
2024-12-07 11:47:11+00:00,UNFCU 🌏,Expense,Other,13.11990168,USD,12608.0,Mushrooms brownies ,,2024-12-07,2024-W49,2024-12,2024,Gastos fijos
2024-12-07 14:58:27+00:00,UNFCU 🌏,Expense,Snacks & Coffee,6.01328827,USD,5778.0,,,2024-12-07,2024-W49,2024-12,2024,Chao culpa
2024-12-07 14:58:38+00:00,UNFCU 🌏,Expense,Restaurant,8.19993855,USD,7880.0,,lunch,2024-12-07,2024-W49,2024-12,2024,Chao culpa
2024-12-07 20:18:15+00:00,UNFCU 🌏,Expense,Groceries,11.06445042,USD,10632.0,,dinner,2024-12-07,2024-W49,2024-12,2024,Gastos fijos
2024-12-08 04:04:13+00:00,UNFCU 🌏,Expense,Acommodation,31.0,USD,29789.0,Clink nord,,2024-12-08,2024-W49,2024-12,2024,Gastos fijos
2024-12-08 07:22:58+00:00,UNFCU 🌏,Expense,Groceries,13.0,USD,12492.0,Gummies dinner,dinner,2024-12-08,2024-W49,2024-12,2024,Gastos fijos
2024-12-08 13:28:24+00:00,UNFCU 🌏,Expense,Snacks & Coffee,3.55330671,USD,3415.0,,,2024-12-08,2024-W49,2024-12,2024,Chao culpa
2024-12-08 13:47:48+00:00,UNFCU 🌏,Expense,Activities,6.55995084,USD,6304.0,Kstsujount mango haze sativa ,,2024-12-08,2024-W49,2024-12,2024,Chao culpa
2024-12-08 15:35:48+00:00,UNFCU 🌏,Expense,Alcohol,10.9332514,USD,10506.0,Mango haze ,,2024-12-08,2024-W49,2024-12,2024,Chao culpa
2024-12-09 04:04:28+00:00,UNFCU 🌏,Expense,Acommodation,32.0,USD,30750.0,,,2024-12-09,2024-W50,2024-12,2024,Gastos fijos
2024-12-09 04:06:30+00:00,UNFCU 🌏,Expense,Acommodation,21.0,USD,20180.0,Doble booking clink nord por error,perdida,2024-12-09,2024-W50,2024-12,2024,Gastos fijos
2024-12-09 07:22:33+00:00,UNFCU 🌏,Expense,Groceries,4.77783086,USD,4591.0,,,2024-12-09,2024-W50,2024-12,2024,Gastos fijos
2024-12-09 11:13:26+00:00,UNFCU 🌏,Expense,Transport,2.40531531,USD,2311.0,Doney bike,rental,2024-12-09,2024-W50,2024-12,2024,Gastos fijos
2024-12-09 11:45:57+00:00,UNFCU 🌏,Expense,Activities,27.87979107,USD,26791.0,Van Gogh Museum and audio guide ,,2024-12-09,2024-W50,2024-12,2024,Chao culpa
2024-12-09 14:37:21+00:00,UNFCU 🌏,Expense,Restaurant,13.55723174,USD,13028.0,,lunch,2024-12-09,2024-W50,2024-12,2024,Chao culpa
2024-12-09 14:58:17+00:00,UNFCU 🌏,Expense,Snacks & Coffee,5.02929564,USD,4833.0,,,2024-12-09,2024-W50,2024-12,2024,Chao culpa
2024-12-09 18:20:02+00:00,UNFCU 🌏,Expense,Alcohol,3.43304094,USD,3299.0,,,2024-12-09,2024-W50,2024-12,2024,Chao culpa
2024-12-10 09:50:02+00:00,UNFCU 🌏,Expense,Groceries,3.914104,USD,3761.0,,,2024-12-10,2024-W50,2024-12,2024,Gastos fijos
2024-12-10 12:31:20+00:00,UNFCU 🌏,Expense,Groceries,14.98948767,USD,14404.0,,,2024-12-10,2024-W50,2024-12,2024,Gastos fijos
2024-12-10 14:54:52+00:00,UNFCU 🌏,Expense,Acommodation,34.81147246,USD,33452.0,Small funny words brussels,,2024-12-10,2024-W50,2024-12,2024,Gastos fijos
2024-12-10 14:55:57+00:00,UNFCU 🌏,Expense,Other,4.37330056,USD,4203.0,Luggage hold 4 hours,,2024-12-10,2024-W50,2024-12,2024,Gastos fijos
2024-12-10 14:57:08+00:00,UNFCU 🌏,Expense,Transport,1.09332514,USD,1051.0,,public-transport,2024-12-10,2024-W50,2024-12,2024,Gastos fijos
2024-12-10 19:17:55+00:00,UNFCU 🌏,Expense,Transport,27.3331285,USD,26266.0,Uber hostel to shuttle airport,,2024-12-10,2024-W50,2024-12,2024,Gastos fijos
2024-12-10 21:32:38+00:00,UNFCU 🌏,Expense,Restaurant,16.3998771,USD,15759.0,Syrian frites and salad,dinner,2024-12-10,2024-W50,2024-12,2024,Chao culpa
2024-12-11 08:53:25+00:00,UNFCU 🌏,Expense,Acommodation,29.51977878,USD,28367.0,,,2024-12-11,2024-W50,2024-12,2024,Gastos fijos
2024-12-11 09:12:27+00:00,UNFCU 🌏,Expense,Personal Care,5.4666257,USD,5253.0,Crema manos,,2024-12-11,2024-W50,2024-12,2024,Gastos fijos
2024-12-11 09:21:40+00:00,UNFCU 🌏,Expense,Transport,21.8665028,USD,21013.0,barajas to valladolid,bus,2024-12-11,2024-W50,2024-12,2024,Gastos fijos
2024-12-11 14:40:03+00:00,UNFCU 🌏,Expense,Flights,102.0,USD,98017.0,Brussels to Madrid ,,2024-12-11,2024-W50,2024-12,2024,Otros
2024-12-11 15:57:30+00:00,UNFCU 🌏,Expense,Transport,1.63998771,USD,1576.0,,public-transport,2024-12-11,2024-W50,2024-12,2024,Gastos fijos
2024-12-11 17:42:30+00:00,UNFCU 🌏,Expense,Groceries,11.20658269,USD,10769.0,,,2024-12-11,2024-W50,2024-12,2024,Gastos fijos
2024-12-11 18:12:09+00:00,UNFCU 🌏,Expense,Alcohol,2.51464782,USD,2416.0,,,2024-12-11,2024-W50,2024-12,2024,Chao culpa
2024-12-11 18:41:03+00:00,UNFCU 🌏,Expense,Alcohol,2.51464782,USD,2416.0,,,2024-12-11,2024-W50,2024-12,2024,Chao culpa
2024-12-11 19:18:42+00:00,UNFCU 🌏,Expense,Transport,21.81183654,USD,20960.0,Shuttle to Brussel Charleloy Airport,,2024-12-11,2024-W50,2024-12,2024,Gastos fijos
2024-12-12 08:54:42+00:00,UNFCU 🌏,Expense,Acommodation,29.51977878,USD,28367.0,,,2024-12-12,2024-W50,2024-12,2024,Gastos fijos
2024-12-12 08:55:27+00:00,UNFCU 🌏,Expense,Restaurant,3.06131039,USD,2942.0,,breakfast,2024-12-12,2024-W50,2024-12,2024,Chao culpa
2024-12-12 10:25:54+00:00,UNFCU 🌏,Expense,Snacks & Coffee,2.40531531,USD,2311.0,,,2024-12-12,2024-W50,2024-12,2024,Chao culpa
2024-12-12 10:30:01+00:00,UNFCU 🌏,Expense,Pharmacy ,14.15856056,USD,13606.0,,,2024-12-12,2024-W50,2024-12,2024,Gastos fijos
2024-12-12 13:58:52+00:00,UNFCU 🌏,Expense,Restaurant,7.98127352,USD,7670.0,,lunch,2024-12-12,2024-W50,2024-12,2024,Chao culpa
2024-12-13 08:57:45+00:00,UNFCU 🌏,Expense,Snacks & Coffee,1.5306552,USD,1471.0,,,2024-12-13,2024-W50,2024-12,2024,Chao culpa
2024-12-13 09:20:34+00:00,UNFCU 🌏,Expense,Transport,43.7330056,USD,42025.0,valladolid bilbao,bus,2024-12-13,2024-W50,2024-12,2024,Gastos fijos
2024-12-13 09:32:22+00:00,UNFCU 🌏,Expense,Transport,1.63998771,USD,1576.0,,,2024-12-13,2024-W50,2024-12,2024,Gastos fijos
2024-12-13 12:52:51+00:00,UNFCU 🌏,Expense,Restaurant,9.1,USD,8745.0,Bar tapas bilbao,,2024-12-13,2024-W50,2024-12,2024,Chao culpa
2024-12-13 12:54:39+00:00,UNFCU 🌏,Expense,Acommodation,36.40772716,USD,34986.0,Bikbao airbnb,,2024-12-13,2024-W50,2024-12,2024,Gastos fijos
2024-12-14 12:52:03+00:00,UNFCU 🌏,Expense,Snacks & Coffee,2.51464782,USD,2416.0,,,2024-12-14,2024-W50,2024-12,2024,Chao culpa
2024-12-14 12:54:59+00:00,UNFCU 🌏,Expense,Acommodation,36.40772716,USD,34986.0,,,2024-12-14,2024-W50,2024-12,2024,Gastos fijos
2024-12-14 12:55:26+00:00,UNFCU 🌏,Expense,Restaurant,6.92074814,USD,6650.0,,breakfast,2024-12-14,2024-W50,2024-12,2024,Chao culpa
2024-12-14 12:55:53+00:00,UNFCU 🌏,Expense,Activities,16.3998771,USD,15759.0,Museo Guggenheim bilbao,,2024-12-14,2024-W50,2024-12,2024,Chao culpa
2024-12-15 08:25:51+00:00,UNFCU 🌏,Expense,Restaurant,18.4,USD,17681.0,,dinner,2024-12-15,2024-W50,2024-12,2024,Chao culpa
2024-12-15 12:33:17+00:00,UNFCU 🌏,Expense,Restaurant,3.27997542,USD,3152.0,Hot dog,lunch,2024-12-15,2024-W50,2024-12,2024,Chao culpa
2024-12-15 12:33:42+00:00,UNFCU 🌏,Expense,Snacks & Coffee,3.27997542,USD,3152.0,,,2024-12-15,2024-W50,2024-12,2024,Chao culpa
2024-12-15 22:20:34+00:00,UNFCU 🌏,Expense,Restaurant,20.3358476,USD,19542.0,,dinner,2024-12-15,2024-W50,2024-12,2024,Chao culpa
2024-12-16 08:26:31+00:00,UNFCU 🌏,Expense,Restaurant,8.09060604,USD,7775.0,,breakfast,2024-12-16,2024-W51,2024-12,2024,Chao culpa
2024-12-16 11:59:03+00:00,UNFCU 🌏,Expense,Transport,5.4666257,USD,5253.0,,,2024-12-16,2024-W51,2024-12,2024,Gastos fijos
2024-12-16 12:59:44+00:00,UNFCU 🌏,Expense,Personal Care,25.69314079,USD,24690.0,Corete de peño tmhc the mens hair cut,,2024-12-16,2024-W51,2024-12,2024,Gastos fijos
2024-12-16 14:34:42+00:00,UNFCU 🌏,Expense,Restaurant,10.9332514,USD,10506.0,Pizza,,2024-12-16,2024-W51,2024-12,2024,Chao culpa
2024-12-16 14:34:55+00:00,UNFCU 🌏,Expense,Restaurant,2.73331285,USD,2627.0,,breakfast,2024-12-16,2024-W51,2024-12,2024,Chao culpa
2024-12-16 14:38:38+00:00,UNFCU 🌏,Expense,Transport,34.98640448,USD,33620.0,Bilbao to barajas airport ,bus,2024-12-16,2024-W51,2024-12,2024,Gastos fijos
2024-12-16 16:56:04+00:00,UNFCU 🌏,Expense,Snacks & Coffee,7.62047623,USD,7323.0,McDonald's Caffè ,,2024-12-16,2024-W51,2024-12,2024,Chao culpa
2024-12-22 14:05:38+00:00,UNFCU 🌏,Expense,Subscriptions,17.0,USD,16336.0,namescheap domain renew,,2024-12-22,2024-W51,2024-12,2024,Gastos fijos
2025-01-16 21:52:21+00:00,UNFCU 🌏,Expense,Transport,5.7624,USD,5724.0,,public-transport,2025-01-16,2025-W03,2025-01,2025,Gastos fijos
2025-01-16 21:52:28+00:00,UNFCU 🌏,Expense,Utilities,4.802,USD,4770.0,,,2025-01-16,2025-W03,2025-01,2025,Gastos fijos
2025-01-16 22:03:03+00:00,UNFCU 🌏,Expense,Snacks & Coffee,3.74556,USD,3721.0,,,2025-01-16,2025-W03,2025-01,2025,Chao culpa
2025-01-22 12:53:23+00:00,UNFCU 🌏,Expense,Education,50.0,USD,49668.0,Rick beato songwriting ,online-course,2025-01-22,2025-W04,2025-01,2025,Secundarios
2025-01-30 04:01:56+00:00,UNFCU 🌏,Expense,Shopping,109.0,USD,108275.0,Wallet trezor safe 3 btc only,,2025-01-30,2025-W05,2025-01,2025,Chao culpa
2025-02-04 04:01:14+00:00,UNFCU 🌏,Expense,Shopping,79.0,USD,78044.0,Wallet trezor safe 3 black ,,2025-02-04,2025-W06,2025-02,2025,Chao culpa
2025-02-08 19:31:39+00:00,UNFCU 🌏,Expense,Education,29.0,USD,28649.0,Piano course - peter for producers,,2025-02-08,2025-W06,2025-02,2025,Secundarios
2025-02-12 15:50:55+00:00,UNFCU 🌏,Expense,Shopping,136.74,USD,135085.0,Flash Godox TT685 II S,photography ,2025-02-12,2025-W07,2025-02,2025,Chao culpa
2025-02-12 15:51:40+00:00,UNFCU 🌏,Expense,Shopping,19.0,USD,18770.0,Awakening the Spine Yoga Book,books,2025-02-12,2025-W07,2025-02,2025,Chao culpa
2025-03-16 16:19:49+00:00,UNFCU 🌏,Expense,Other,20.0,USD,18812.0,Estafa mind metrics subscription ,,2025-03-16,2025-W11,2025-03,2025,Gastos fijos
2025-03-30 20:10:43+00:00,UNFCU 🌏,Expense,Shopping,10.0,USD,9406.0,,books,2025-03-30,2025-W13,2025-03,2025,Chao culpa
2025-04-08 23:58:52+00:00,UNFCU 🌏,Expense,Activities,21.6325432,USD,20349.0,Online masterclass ami vitale,,2025-04-08,2025-W15,2025-04,2025,Chao culpa
2025-04-11 17:22:05+00:00,UNFCU 🌏,Expense,Gifts,31.5,USD,29631.0,Go fund me for Carolyn Rickshaw accident ,,2025-04-11,2025-W15,2025-04,2025,Chao culpa
2025-04-16 13:47:36+00:00,UNFCU 🌏,Expense,Shopping,12.0,USD,11288.0,fotografias que si venden - rafa rodero,books,2025-04-16,2025-W16,2025-04,2025,Chao culpa
2025-04-22 06:38:48+00:00,UNFCU 🌏,Expense,Subscriptions,20.0,USD,18814.0,Washington post sapo 1 year ,,2025-04-22,2025-W17,2025-04,2025,Gastos fijos
2025-04-30 22:12:50+00:00,UNFCU 🌏,Expense,Subscriptions,11.2,USD,10536.0,Name cheap dpmain educifuentesphoto,,2025-04-30,2025-W18,2025-04,2025,Gastos fijos
2025-05-28 21:12:07+00:00,UNFCU 🌏,Expense,Education,40.0,USD,38029.0,submission eddie adams workshop,,2025-05-28,2025-W22,2025-05,2025,Secundarios
2025-06-05 17:46:24+00:00,UNFCU 🌏,Expense,Subscriptions,96.0,USD,88489.0,Format website annual basic,,2025-06-05,2025-W23,2025-06,2025,Gastos fijos
2025-06-05 19:51:54+00:00,UNFCU 🌏,Expense,Subscriptions,20.0,USD,18435.0,domain transfer to format.com,,2025-06-05,2025-W23,2025-06,2025,Gastos fijos
2025-07-07 13:40:16+00:00,UNFCU 🌏,Expense,Restaurant,11.9763336,USD,11152.0,,,2025-07-07,2025-W28,2025-07,2025,Chao culpa
2025-07-07 20:36:54+00:00,UNFCU 🌏,Expense,Healthcare,94.7430762,USD,88219.0,Vavuna qdenga 1 dosis,,2025-07-07,2025-W28,2025-07,2025,Gastos fijos
2025-07-08 00:39:42+00:00,UNFCU 🌏,Expense,Acommodation,17.519964,USD,16314.0,,,2025-07-08,2025-W28,2025-07,2025,Gastos fijos
2025-07-08 14:44:39+00:00,UNFCU 🌏,Expense,Snacks & Coffee,3.01112,USD,2804.0,,,2025-07-08,2025-W28,2025-07,2025,Chao culpa
2025-07-10 06:29:46+00:00,UNFCU 🌏,Expense,Shopping,9.99,USD,9302.0,Jung - el hombre y sus simbolos,books,2025-07-10,2025-W28,2025-07,2025,Chao culpa
2025-07-26 05:22:47+00:00,UNFCU 🌏,Expense,Shopping,15.0,USD,13967.0,Maria elena monckeberg cristo,books,2025-07-26,2025-W30,2025-07,2025,Chao culpa
2025-07-31 20:55:16+00:00,UNFCU 🌏,Expense,Subscriptions,50.0,USD,46557.0,Chronosync lifetime licence,,2025-07-31,2025-W31,2025-07,2025,Gastos fijos
2025-08-06 18:30:37+00:00,UNFCU 🌏,Expense,Activities,158.01818502,USD,153625.0,impresion expo y 49 fotos 10x15 en Graphyco,,2025-08-06,2025-W32,2025-08,2025,Chao culpa
2025-08-10 19:24:21+00:00,UNFCU 🌏,Expense,Acommodation,8.47216635,USD,8237.0,,,2025-08-10,2025-W32,2025-08,2025,Gastos fijos
2025-08-10 21:54:01+00:00,UNFCU 🌏,Expense,Utilities,24.711,USD,24024.0,Claro ppan 18 gb mes,,2025-08-10,2025-W32,2025-08,2025,Gastos fijos
2025-08-10 22:06:37+00:00,UNFCU 🌏,Expense,Restaurant,10.601019,USD,10306.0,,,2025-08-10,2025-W32,2025-08,2025,Chao culpa
2025-08-11 00:32:38+00:00,UNFCU 🌏,Expense,Transport,4.20087,USD,4084.0,Bua aeropuerto al centro medellin,,2025-08-11,2025-W33,2025-08,2025,Gastos fijos
2025-08-11 01:59:41+00:00,UNFCU 🌏,Expense,Transport,6.29537436,USD,6120.0,,taxi,2025-08-11,2025-W33,2025-08,2025,Gastos fijos
2025-08-11 14:35:07+00:00,UNFCU 🌏,Expense,Groceries,12.157812,USD,11820.0,,,2025-08-11,2025-W33,2025-08,2025,Gastos fijos
2025-08-11 14:55:28+00:00,UNFCU 🌏,Expense,Restaurant,4.299714,USD,4180.0,,,2025-08-11,2025-W33,2025-08,2025,Chao culpa
2025-08-11 16:43:27+00:00,UNFCU 🌏,Expense,Shopping,3.45954,USD,3363.0,,,2025-08-11,2025-W33,2025-08,2025,Chao culpa
2025-08-11 16:46:36+00:00,UNFCU 🌏,Expense,Snacks & Coffee,1.457949,USD,1417.0,Arrepa teifasica,,2025-08-11,2025-W33,2025-08,2025,Chao culpa
2025-08-11 16:56:13+00:00,UNFCU 🌏,Expense,Groceries,16.6230897,USD,16161.0,,,2025-08-11,2025-W33,2025-08,2025,Gastos fijos
2025-08-11 19:23:56+00:00,UNFCU 🌏,Expense,Acommodation,8.4723418,USD,8237.0,,,2025-08-11,2025-W33,2025-08,2025,Gastos fijos
2025-08-11 21:40:17+00:00,UNFCU 🌏,Expense,Transport,5.732952,USD,5574.0,Tarjeta metro y 3 pasajes,public-transport,2025-08-11,2025-W33,2025-08,2025,Gastos fijos
2025-08-11 21:57:35+00:00,UNFCU 🌏,Expense,Groceries,1.23555,USD,1201.0,,,2025-08-11,2025-W33,2025-08,2025,Gastos fijos
2025-08-11 22:14:06+00:00,UNFCU 🌏,Expense,Transport,2.619366,USD,2547.0,,taxi,2025-08-11,2025-W33,2025-08,2025,Gastos fijos
2025-08-12 05:08:31+00:00,UNFCU 🌏,Expense,Other,7.042635,USD,6847.0,Atm comisión ,,2025-08-12,2025-W33,2025-08,2025,Gastos fijos
2025-08-12 18:16:27+00:00,UNFCU 🌏,Expense,Shopping,2.4711,USD,2402.0,Impresion 15x15,,2025-08-12,2025-W33,2025-08,2025,Chao culpa
2025-08-12 18:38:59+00:00,UNFCU 🌏,Expense,Transport,1.97688,USD,1922.0,,taxi,2025-08-12,2025-W33,2025-08,2025,Gastos fijos
2025-08-12 18:39:07+00:00,UNFCU 🌏,Expense,Transport,1.779192,USD,1730.0,,taxi,2025-08-12,2025-W33,2025-08,2025,Gastos fijos
2025-08-12 18:39:30+00:00,UNFCU 🌏,Expense,Restaurant,5.18931,USD,5045.0,,,2025-08-12,2025-W33,2025-08,2025,Chao culpa
2025-08-12 19:23:25+00:00,UNFCU 🌏,Expense,Snacks & Coffee,1.97688,USD,1922.0,,,2025-08-12,2025-W33,2025-08,2025,Chao culpa
2025-08-12 19:24:34+00:00,UNFCU 🌏,Expense,Acommodation,8.47216635,USD,8237.0,,,2025-08-12,2025-W33,2025-08,2025,Gastos fijos
2025-08-13 13:05:22+00:00,UNFCU 🌏,Expense,Snacks & Coffee,1.680348,USD,1634.0,,,2025-08-13,2025-W33,2025-08,2025,Chao culpa
2025-08-13 16:51:44+00:00,UNFCU 🌏,Expense,Pharmacy ,6.202461,USD,6030.0,,,2025-08-13,2025-W33,2025-08,2025,Gastos fijos
2025-08-13 17:01:44+00:00,UNFCU 🌏,Expense,Groceries,7.042635,USD,6847.0,,,2025-08-13,2025-W33,2025-08,2025,Gastos fijos
2025-08-13 18:52:38+00:00,UNFCU 🌏,Expense,Snacks & Coffee,1.260261,USD,1225.0,,,2025-08-13,2025-W33,2025-08,2025,Chao culpa
2025-08-13 19:37:41+00:00,UNFCU 🌏,Expense,Acommodation,8.47216635,USD,8237.0,,,2025-08-13,2025-W33,2025-08,2025,Gastos fijos
2025-08-13 21:46:42+00:00,UNFCU 🌏,Expense,Snacks & Coffee,4.003182,USD,3892.0,,,2025-08-13,2025-W33,2025-08,2025,Chao culpa
2025-08-14 15:42:08+00:00,UNFCU 🌏,Expense,Snacks & Coffee,2.940609,USD,2859.0,,,2025-08-14,2025-W33,2025-08,2025,Chao culpa
2025-08-14 23:40:16+00:00,UNFCU 🌏,Expense,Acommodation,29.24134918,USD,28428.0,Medli livibg pieza privada ,,2025-08-14,2025-W33,2025-08,2025,Gastos fijos
2025-08-14 23:44:58+00:00,UNFCU 🌏,Expense,Acommodation,17.79167289,USD,17297.0,"Perdida por cancelación de 3 noches, 70% de 102,800",,2025-08-14,2025-W33,2025-08,2025,Gastos fijos
2025-08-15 01:39:08+00:00,UNFCU 🌏,Expense,Restaurant,3.632517,USD,3532.0,,,2025-08-15,2025-W33,2025-08,2025,Chao culpa
2025-08-15 19:33:39+00:00,UNFCU 🌏,Expense,Restaurant,4.44798,USD,4324.0,,,2025-08-15,2025-W33,2025-08,2025,Chao culpa
2025-08-15 21:14:02+00:00,UNFCU 🌏,Expense,Snacks & Coffee,1.680348,USD,1634.0,,,2025-08-15,2025-W33,2025-08,2025,Chao culpa
2025-08-15 21:14:09+00:00,UNFCU 🌏,Expense,Snacks & Coffee,3.21243,USD,3123.0,,,2025-08-15,2025-W33,2025-08,2025,Chao culpa
2025-08-16 01:30:52+00:00,UNFCU 🌏,Expense,Restaurant,2.71821,USD,2643.0,,,2025-08-16,2025-W33,2025-08,2025,Chao culpa
2025-08-16 02:22:13+00:00,UNFCU 🌏,Expense,Snacks & Coffee,2.22399,USD,2162.0,,,2025-08-16,2025-W33,2025-08,2025,Chao culpa
2025-08-16 17:35:58+00:00,UNFCU 🌏,Expense,Flights,95.3449224,USD,92694.0,Medellín a santa marta,,2025-08-16,2025-W33,2025-08,2025,Otros
2025-08-16 19:11:08+00:00,UNFCU 🌏,Expense,Restaurant,11.021106,USD,10715.0,,,2025-08-16,2025-W33,2025-08,2025,Chao culpa
2025-08-16 20:28:58+00:00,UNFCU 🌏,Expense,Snacks & Coffee,1.828614,USD,1778.0,,,2025-08-16,2025-W33,2025-08,2025,Chao culpa
2025-08-17 02:27:52+00:00,UNFCU 🌏,Expense,Restaurant,3.45954,USD,3363.0,,,2025-08-17,2025-W33,2025-08,2025,Chao culpa
2025-08-17 03:17:10+00:00,UNFCU 🌏,Expense,Alcohol,2.4711,USD,2402.0,,,2025-08-17,2025-W33,2025-08,2025,Chao culpa
2025-08-17 04:15:17+00:00,UNFCU 🌏,Expense,Snacks & Coffee,3.088875,USD,3003.0,,,2025-08-17,2025-W33,2025-08,2025,Chao culpa
2025-08-17 04:15:36+00:00,UNFCU 🌏,Expense,Alcohol,0.49422,USD,480.0,Cigarros,,2025-08-17,2025-W33,2025-08,2025,Chao culpa
2025-08-17 15:45:26+00:00,UNFCU 🌏,Expense,Snacks & Coffee,1.72977,USD,1682.0,,,2025-08-17,2025-W33,2025-08,2025,Chao culpa
2025-08-17 17:25:28+00:00,UNFCU 🌏,Expense,Acommodation,11.86128,USD,11532.0,,,2025-08-17,2025-W33,2025-08,2025,Gastos fijos
2025-08-18 01:04:03+00:00,UNFCU 🌏,Expense,Groceries,3.286563,USD,3195.0,,,2025-08-18,2025-W34,2025-08,2025,Gastos fijos
2025-08-18 16:13:34+00:00,UNFCU 🌏,Expense,Groceries,2.125146,USD,2066.0,,,2025-08-18,2025-W34,2025-08,2025,Gastos fijos
2025-08-18 19:50:50+00:00,UNFCU 🌏,Expense,Other,7.042635,USD,6847.0,,,2025-08-18,2025-W34,2025-08,2025,Gastos fijos
2025-08-18 19:51:31+00:00,UNFCU 🌏,Expense,Restaurant,3.45954,USD,3363.0,,,2025-08-18,2025-W34,2025-08,2025,Chao culpa
2025-08-18 19:54:35+00:00,UNFCU 🌏,Expense,Snacks & Coffee,1.210839,USD,1177.0,,,2025-08-18,2025-W34,2025-08,2025,Chao culpa
2025-08-18 20:29:31+00:00,UNFCU 🌏,Expense,Transport,2.545233,USD,2474.0,,taxi,2025-08-18,2025-W34,2025-08,2025,Gastos fijos
2025-08-18 20:47:51+00:00,UNFCU 🌏,Expense,Transport,3.45954,USD,3363.0,Aeropuerto ,,2025-08-18,2025-W34,2025-08,2025,Gastos fijos
2025-08-18 21:57:46+00:00,UNFCU 🌏,Expense,Snacks & Coffee,6.770814,USD,6583.0,,,2025-08-18,2025-W34,2025-08,2025,Chao culpa
2025-08-19 02:37:20+00:00,UNFCU 🌏,Expense,Transport,0.667197,USD,649.0,Bus desde aeropuerto a Santa marta ,,2025-08-19,2025-W34,2025-08,2025,Gastos fijos
2025-08-19 02:37:23+00:00,UNFCU 🌏,Expense,Transport,0.667197,USD,649.0,Bus desde aeropuerto a Santa marta ,,2025-08-19,2025-W34,2025-08,2025,Gastos fijos
2025-08-19 03:30:37+00:00,UNFCU 🌏,Expense,Acommodation,7.783965,USD,7568.0,,,2025-08-19,2025-W34,2025-08,2025,Gastos fijos
2025-08-19 14:22:29+00:00,UNFCU 🌏,Expense,Groceries,11.17703241,USD,10866.0,,,2025-08-19,2025-W34,2025-08,2025,Gastos fijos
2025-08-19 14:29:38+00:00,UNFCU 🌏,Expense,Snacks & Coffee,1.433238,USD,1393.0,,,2025-08-19,2025-W34,2025-08,2025,Chao culpa
2025-08-19 23:55:12+00:00,UNFCU 🌏,Expense,Pharmacy ,9.785556,USD,9514.0,,,2025-08-19,2025-W34,2025-08,2025,Gastos fijos
2025-08-20 00:02:01+00:00,UNFCU 🌏,Expense,Acommodation,7.783965,USD,7568.0,,,2025-08-20,2025-W34,2025-08,2025,Gastos fijos
2025-08-20 00:02:08+00:00,UNFCU 🌏,Expense,Snacks & Coffee,0.49422,USD,480.0,,,2025-08-20,2025-W34,2025-08,2025,Chao culpa
2025-08-20 00:25:03+00:00,UNFCU 🌏,Expense,Restaurant,10.87284,USD,10571.0,,,2025-08-20,2025-W34,2025-08,2025,Chao culpa
2025-08-20 03:31:34+00:00,UNFCU 🌏,Expense,Snacks & Coffee,1.23555,USD,1201.0,,,2025-08-20,2025-W34,2025-08,2025,Chao culpa
2025-08-20 14:42:28+00:00,UNFCU 🌏,Expense,Snacks & Coffee,1.433238,USD,1393.0,,,2025-08-20,2025-W34,2025-08,2025,Chao culpa
2025-08-20 15:21:09+00:00,UNFCU 🌏,Expense,Transport,15.56793,USD,15135.0,Santa marta a Camarones ,bus,2025-08-20,2025-W34,2025-08,2025,Gastos fijos
2025-08-20 19:10:28+00:00,UNFCU 🌏,Expense,Restaurant,3.70665,USD,3604.0,,lunch,2025-08-20,2025-W34,2025-08,2025,Chao culpa
2025-08-20 19:28:55+00:00,UNFCU 🌏,Expense,Snacks & Coffee,1.23555,USD,1201.0,,,2025-08-20,2025-W34,2025-08,2025,Chao culpa
2025-08-20 23:04:50+00:00,UNFCU 🌏,Expense,Groceries,14.08527,USD,13694.0,,,2025-08-20,2025-W34,2025-08,2025,Gastos fijos
2025-08-21 11:51:54+00:00,UNFCU 🌏,Expense,Snacks & Coffee,1.853325,USD,1802.0,,,2025-08-21,2025-W34,2025-08,2025,Chao culpa
2025-08-21 18:22:31+00:00,UNFCU 🌏,Expense,Restaurant,7.4133,USD,7207.0,,,2025-08-21,2025-W34,2025-08,2025,Chao culpa
2025-08-21 18:26:33+00:00,UNFCU 🌏,Expense,Groceries,1.23555,USD,1201.0,,,2025-08-21,2025-W34,2025-08,2025,Gastos fijos
2025-08-22 19:37:43+00:00,UNFCU 🌏,Expense,Activities,2.4711,USD,2402.0,Piscinas ,,2025-08-22,2025-W34,2025-08,2025,Chao culpa
2025-08-22 19:37:50+00:00,UNFCU 🌏,Expense,Snacks & Coffee,1.48266,USD,1441.0,,,2025-08-22,2025-W34,2025-08,2025,Chao culpa
2025-08-22 19:55:49+00:00,UNFCU 🌏,Expense,Restaurant,6.17775,USD,6006.0,,,2025-08-22,2025-W34,2025-08,2025,Chao culpa
2025-08-22 20:45:02+00:00,UNFCU 🌏,Expense,Groceries,3.558384,USD,3459.0,,,2025-08-22,2025-W34,2025-08,2025,Gastos fijos
2025-08-23 11:27:46+00:00,UNFCU 🌏,Expense,Groceries,2.322834,USD,2258.0,,,2025-08-23,2025-W34,2025-08,2025,Gastos fijos
2025-08-23 11:48:49+00:00,UNFCU 🌏,Expense,Snacks & Coffee,0.24711,USD,240.0,,,2025-08-23,2025-W34,2025-08,2025,Chao culpa
2025-08-23 18:59:36+00:00,UNFCU 🌏,Expense,Snacks & Coffee,2.347545,USD,2282.0,,,2025-08-23,2025-W34,2025-08,2025,Chao culpa
2025-08-23 18:59:48+00:00,UNFCU 🌏,Expense,Groceries,9.760845,USD,9489.0,,,2025-08-23,2025-W34,2025-08,2025,Gastos fijos
2025-08-23 20:34:39+00:00,UNFCU 🌏,Expense,Snacks & Coffee,0.49422,USD,480.0,,,2025-08-23,2025-W34,2025-08,2025,Chao culpa
2025-08-24 11:27:55+00:00,UNFCU 🌏,Expense,Snacks & Coffee,0.24711,USD,240.0,,,2025-08-24,2025-W34,2025-08,2025,Chao culpa
2025-08-24 16:47:32+00:00,UNFCU 🌏,Expense,Snacks & Coffee,1.23555,USD,1201.0,,,2025-08-24,2025-W34,2025-08,2025,Chao culpa
2025-08-24 19:01:05+00:00,UNFCU 🌏,Expense,Restaurant,10.87284,USD,10571.0,,,2025-08-24,2025-W34,2025-08,2025,Chao culpa
2025-08-24 21:10:52+00:00,UNFCU 🌏,Expense,Snacks & Coffee,1.23555,USD,1201.0,,,2025-08-24,2025-W34,2025-08,2025,Chao culpa
2025-08-24 21:11:00+00:00,UNFCU 🌏,Expense,Snacks & Coffee,1.23555,USD,1201.0,,,2025-08-24,2025-W34,2025-08,2025,Chao culpa
2025-08-24 21:11:48+00:00,UNFCU 🌏,Expense,Subscriptions,8.3227036,USD,8091.0,Lumy golden hour life time ios app,,2025-08-24,2025-W34,2025-08,2025,Gastos fijos
2025-08-25 14:58:22+00:00,UNFCU 🌏,Expense,Gifts,24.711,USD,24024.0,A gloria por alojamientos,,2025-08-25,2025-W35,2025-08,2025,Chao culpa
2025-08-25 14:59:26+00:00,UNFCU 🌏,Expense,Transport,0.49422,USD,480.0,,,2025-08-25,2025-W35,2025-08,2025,Gastos fijos
2025-08-25 14:59:41+00:00,UNFCU 🌏,Expense,Transport,1.72977,USD,1682.0,,,2025-08-25,2025-W35,2025-08,2025,Gastos fijos
2025-08-25 15:02:00+00:00,UNFCU 🌏,Expense,Groceries,7.572235,USD,7362.0,,,2025-08-25,2025-W35,2025-08,2025,Gastos fijos
2025-08-25 15:09:16+00:00,UNFCU 🌏,Expense,Utilities,5.43642,USD,5285.0,Claro 7.5 gb por 10 días ,,2025-08-25,2025-W35,2025-08,2025,Gastos fijos
2025-08-25 15:15:04+00:00,UNFCU 🌏,Expense,Snacks & Coffee,5.658819,USD,5502.0,Juan valdez,,2025-08-25,2025-W35,2025-08,2025,Chao culpa
2025-08-25 18:50:59+00:00,UNFCU 🌏,Expense,Groceries,7324.42433,USD,7120805.0,,,2025-08-25,2025-W35,2025-08,2025,Gastos fijos
2025-08-25 20:43:39+00:00,UNFCU 🌏,Expense,Acommodation,17.2977,USD,16817.0,Hotel salinas manaure,,2025-08-25,2025-W35,2025-08,2025,Gastos fijos
2025-08-26 00:55:37+00:00,UNFCU 🌏,Expense,Restaurant,7.4133,USD,7207.0,Cena inivtada a ñeoneo,,2025-08-26,2025-W35,2025-08,2025,Chao culpa
2025-08-26 19:13:15+00:00,UNFCU 🌏,Expense,Acommodation,17.2977,USD,16817.0,,,2025-08-26,2025-W35,2025-08,2025,Gastos fijos
2025-08-26 20:24:22+00:00,UNFCU 🌏,Expense,Restaurant,3.70665,USD,3604.0,,,2025-08-26,2025-W35,2025-08,2025,Chao culpa
2025-08-26 20:31:24+00:00,UNFCU 🌏,Expense,Groceries,6.128328,USD,5958.0,,,2025-08-26,2025-W35,2025-08,2025,Gastos fijos
2025-08-27 01:06:40+00:00,UNFCU 🌏,Expense,Snacks & Coffee,0.49422,USD,480.0,,,2025-08-27,2025-W35,2025-08,2025,Chao culpa
2025-08-27 01:06:45+00:00,UNFCU 🌏,Expense,Snacks & Coffee,0.74133,USD,721.0,,,2025-08-27,2025-W35,2025-08,2025,Chao culpa
2025-08-27 13:34:29+00:00,UNFCU 🌏,Expense,Transport,1.23555,USD,1201.0,,,2025-08-27,2025-W35,2025-08,2025,Gastos fijos
2025-08-27 13:41:45+00:00,UNFCU 🌏,Expense,Groceries,3.138297,USD,3051.0,,,2025-08-27,2025-W35,2025-08,2025,Gastos fijos
2025-08-27 19:13:03+00:00,UNFCU 🌏,Expense,Acommodation,17.2977,USD,16817.0,,,2025-08-27,2025-W35,2025-08,2025,Gastos fijos
2025-08-27 19:13:25+00:00,UNFCU 🌏,Expense,Restaurant,3.70665,USD,3604.0,,,2025-08-27,2025-W35,2025-08,2025,Chao culpa
2025-08-27 23:41:04+00:00,UNFCU 🌏,Expense,Transport,12.3555,USD,12012.0,,taxi,2025-08-27,2025-W35,2025-08,2025,Gastos fijos
2025-08-28 13:25:56+00:00,UNFCU 🌏,Expense,Groceries,4.349136,USD,4228.0,,,2025-08-28,2025-W35,2025-08,2025,Gastos fijos
2025-08-28 14:49:26+00:00,UNFCU 🌏,Expense,Education,100.0,USD,97220.0,Taller anfibia audiovisual ,,2025-08-28,2025-W35,2025-08,2025,Secundarios
2025-08-28 19:41:12+00:00,UNFCU 🌏,Expense,Restaurant,3.72405,USD,3621.0,,,2025-08-28,2025-W35,2025-08,2025,Chao culpa
2025-08-28 19:41:19+00:00,UNFCU 🌏,Expense,Groceries,0.620675,USD,603.0,,,2025-08-28,2025-W35,2025-08,2025,Gastos fijos
2025-08-29 01:58:26+00:00,UNFCU 🌏,Expense,Groceries,1.067561,USD,1038.0,,,2025-08-29,2025-W35,2025-08,2025,Gastos fijos
2025-08-29 01:58:34+00:00,UNFCU 🌏,Expense,Restaurant,3.72405,USD,3621.0,,,2025-08-29,2025-W35,2025-08,2025,Chao culpa
2025-08-29 04:33:25+00:00,UNFCU 🌏,Expense,Activities,12.4135,USD,12068.0,Fixer y moto con Eduardo ,,2025-08-29,2025-W35,2025-08,2025,Chao culpa
2025-08-29 16:02:47+00:00,UNFCU 🌏,Expense,Restaurant,9.68253,USD,9413.0,,,2025-08-29,2025-W35,2025-08,2025,Chao culpa
2025-08-29 16:08:25+00:00,UNFCU 🌏,Expense,Snacks & Coffee,1.98616,USD,1931.0,,,2025-08-29,2025-W35,2025-08,2025,Chao culpa
2025-08-29 16:12:41+00:00,UNFCU 🌏,Expense,Snacks & Coffee,3.947493,USD,3838.0,,,2025-08-29,2025-W35,2025-08,2025,Chao culpa
2025-08-29 16:36:08+00:00,UNFCU 🌏,Expense,Transport,6.20675,USD,6034.0,Riohacha desde manaure,,2025-08-29,2025-W35,2025-08,2025,Gastos fijos
2025-08-29 17:09:11+00:00,UNFCU 🌏,Expense,Transport,33.01991,USD,32102.0,Riohacha a bucaramanga,bus,2025-08-29,2025-W35,2025-08,2025,Gastos fijos
2025-08-30 17:28:33+00:00,UNFCU 🌏,Expense,Acommodation,19.8616,USD,19309.0,,,2025-08-30,2025-W35,2025-08,2025,Gastos fijos
2025-08-30 18:08:23+00:00,UNFCU 🌏,Expense,Transport,1.73789,USD,1690.0,,,2025-08-30,2025-W35,2025-08,2025,Gastos fijos
2025-08-30 18:08:32+00:00,UNFCU 🌏,Expense,Snacks & Coffee,2.184776,USD,2124.0,,,2025-08-30,2025-W35,2025-08,2025,Chao culpa
2025-08-30 18:35:48+00:00,UNFCU 🌏,Expense,Restaurant,10.899053,USD,10596.0,,,2025-08-30,2025-W35,2025-08,2025,Chao culpa
2025-08-30 21:09:55+00:00,UNFCU 🌏,Expense,Transport,37.2405,USD,36205.0,Bus riohacha a bogota,,2025-08-30,2025-W35,2025-08,2025,Gastos fijos
2025-08-31 13:42:08+00:00,UNFCU 🌏,Expense,Restaurant,3.848185,USD,3741.0,,,2025-08-31,2025-W35,2025-08,2025,Chao culpa
2025-08-31 14:16:29+00:00,UNFCU 🌏,Expense,Snacks & Coffee,1.365485,USD,1328.0,,,2025-08-31,2025-W35,2025-08,2025,Chao culpa
2025-08-31 19:45:59+00:00,UNFCU 🌏,Expense,Acommodation,14.8962,USD,14482.0,,,2025-08-31,2025-W35,2025-08,2025,Gastos fijos
2025-08-31 21:30:38+00:00,UNFCU 🌏,Expense,Restaurant,5.95848,USD,5793.0,,,2025-08-31,2025-W35,2025-08,2025,Chao culpa
2025-08-31 23:35:59+00:00,UNFCU 🌏,Expense,Transport,0.99308,USD,965.0,,,2025-08-31,2025-W35,2025-08,2025,Gastos fijos
2025-09-01 03:40:15+00:00,UNFCU 🌏,Expense,Transport,1.440376,USD,1391.0,,,2025-09-01,2025-W36,2025-09,2025,Gastos fijos
2025-09-01 12:55:13+00:00,UNFCU 🌏,Expense,Transport,1.24135,USD,1199.0,,,2025-09-01,2025-W36,2025-09,2025,Gastos fijos
2025-09-01 13:04:00+00:00,UNFCU 🌏,Expense,Alcohol,4.9654,USD,4796.0,,,2025-09-01,2025-W36,2025-09,2025,Chao culpa
2025-09-01 13:04:14+00:00,UNFCU 🌏,Expense,Alcohol,1.98616,USD,1919.0,,,2025-09-01,2025-W36,2025-09,2025,Chao culpa
2025-09-01 19:05:37+00:00,UNFCU 🌏,Expense,Restaurant,8.540488,USD,8250.0,,,2025-09-01,2025-W36,2025-09,2025,Chao culpa
2025-09-01 19:32:53+00:00,UNFCU 🌏,Expense,Snacks & Coffee,0.620675,USD,600.0,,,2025-09-01,2025-W36,2025-09,2025,Chao culpa
2025-09-01 19:32:59+00:00,UNFCU 🌏,Expense,Snacks & Coffee,1.514447,USD,1463.0,,,2025-09-01,2025-W36,2025-09,2025,Chao culpa
2025-09-01 23:03:37+00:00,UNFCU 🌏,Expense,Snacks & Coffee,1.73789,USD,1679.0,,,2025-09-01,2025-W36,2025-09,2025,Chao culpa
2025-09-01 23:16:16+00:00,UNFCU 🌏,Expense,Transport,1.464793,USD,1415.0,,,2025-09-01,2025-W36,2025-09,2025,Gastos fijos
2025-09-01 23:16:41+00:00,UNFCU 🌏,Expense,Acommodation,19.36506,USD,18706.0,,,2025-09-01,2025-W36,2025-09,2025,Gastos fijos
2025-09-01 23:19:43+00:00,UNFCU 🌏,Expense,Snacks & Coffee,1.48962,USD,1439.0,,,2025-09-01,2025-W36,2025-09,2025,Chao culpa
2025-09-02 14:21:41+00:00,UNFCU 🌏,Expense,Snacks & Coffee,1.191696,USD,1151.0,,,2025-09-02,2025-W36,2025-09,2025,Chao culpa
2025-09-02 18:10:01+00:00,UNFCU 🌏,Expense,Shopping,47.1713,USD,45566.0,Libro world press photo 2025,books,2025-09-02,2025-W36,2025-09,2025,Chao culpa
2025-09-02 19:44:24+00:00,UNFCU 🌏,Expense,Restaurant,2.73097,USD,2638.0,,lunch,2025-09-02,2025-W36,2025-09,2025,Chao culpa
2025-09-02 19:44:50+00:00,UNFCU 🌏,Expense,Gifts,12.4135,USD,11991.0,Cafw regalo mati ,,2025-09-02,2025-W36,2025-09,2025,Chao culpa
2025-09-02 20:31:28+00:00,UNFCU 🌏,Expense,Transport,6.926733,USD,6691.0,,,2025-09-02,2025-W36,2025-09,2025,Gastos fijos
2025-09-02 20:42:27+00:00,UNFCU 🌏,Expense,Transport,6.926733,USD,6691.0,,,2025-09-02,2025-W36,2025-09,2025,Gastos fijos
2025-09-02 21:32:49+00:00,UNFCU 🌏,Expense,Snacks & Coffee,8.143256,USD,7866.0,Juan valdez aeropuerto bogota,,2025-09-02,2025-W36,2025-09,2025,Chao culpa
2025-09-03 01:48:10+00:00,UNFCU 🌏,Expense,Restaurant,8.83666,USD,8536.0,,,2025-09-03,2025-W36,2025-09,2025,Chao culpa
2025-09-25 01:40:43+00:00,UNFCU 🌏,Income,Extra Income,200.0,USD,193192.0,mama regalo,,2025-09-25,2025-W39,2025-09,2025,Otros
2025-09-25 01:41:17+00:00,UNFCU 🌏,Expense,Subscriptions,95.0,USD,91766.0,visua one year,,2025-09-25,2025-W39,2025-09,2025,Gastos fijos
2025-09-26 16:22:43+00:00,UNFCU 🌏,Expense,Maintenance ,11.68,USD,11282.0,domain transefer format to namecheap ,,2025-09-26,2025-W39,2025-09,2025,Gastos fijos
2025-09-29 14:55:18+00:00,UNFCU 🌏,Expense,Shopping,3.36042,USD,3246.0,Lapiz y cuadernos,,2025-09-29,2025-W40,2025-09,2025,Chao culpa
2025-10-06 02:21:27+00:00,UNFCU 🌏,Expense,Subscriptions,30.0,USD,28838.0,Visura Security Certificate,,2025-10-06,2025-W41,2025-10,2025,Gastos fijos
2025-10-09 20:14:44+00:00,UNFCU 🌏,Expense,Shopping,64.0,USD,61521.0,alessandro cinque kickstarter precio de la tierra signed book,books,2025-10-09,2025-W41,2025-10,2025,Chao culpa
2025-10-28 01:15:49+00:00,UNFCU 🌏,Expense,Education,98.0,USD,94203.0,piano petter for producers full cpurse,,2025-10-28,2025-W44,2025-10,2025,Secundarios
2025-10-30 21:47:15+00:00,UNFCU 🌏,Expense,Shopping,19.7,USD,18937.0,mi menu para cadi dia connie achurra kindle,,2025-10-30,2025-W44,2025-10,2025,Chao culpa
2025-10-31 02:19:27+00:00,UNFCU 🌏,Expense,Shopping,20.0,USD,19225.0,mi menu para cada dia,,2025-10-31,2025-W44,2025-10,2025,Chao culpa
2025-11-30 21:45:33+00:00,UNFCU 🌏,Expense,Subscriptions,21.7,USD,20155.0,cursor ai pro monthly,,2025-11-30,2025-W48,2025-11,2025,Gastos fijos
2025-12-20 21:46:49+00:00,UNFCU 🌏,Expense,Shopping,13.5,USD,12522.0,kindle descifrar la naturaleza,books,2025-12-20,2025-W51,2025-12,2025,Chao culpa
2025-12-21 04:41:31+00:00,UNFCU 🌏,Expense,Other,37.47678208,USD,34762.0,raw contest open call 2025,photography ,2025-12-21,2025-W51,2025-12,2025,Gastos fijos
2025-12-24 15:49:27+00:00,UNFCU 🌏,Income,Gifts,150.0,USD,139136.0,Mama navidad,,2025-12-24,2025-W52,2025-12,2025,Chao culpa
2025-12-27 20:22:28+00:00,UNFCU 🌏,Expense,Subscriptions,28.78129003,USD,26697.0,Obsidiana 1 gb annual ,,2025-12-27,2025-W52,2025-12,2025,Gastos fijos
2026-01-03 19:50:00+00:00,UNFCU 🌏,Expense,Subscriptions,35.88,USD,32279.0,1Password,productivity,2026-01-03,2026-W01,2026-01,2026,Gastos fijos
2026-01-09 01:53:58+00:00,UNFCU 🌏,Expense,Subscriptions,12.11,USD,10895.0,raw photo sociery membership PAYPAL *RAW 35314369001 ES US,,2026-01-09,2026-W02,2026-01,2026,Gastos fijos
2026-01-09 15:48:33+00:00,UNFCU 🌏,Expense,Subscriptions,5.0,USD,4498.0,heroku Eco Dynos Plan Renews,,2026-01-09,2026-W02,2026-01,2026,Gastos fijos
2026-01-16 21:36:20+00:00,UNFCU 🌏,Expense,Subscriptions,5.95,USD,5353.0,Beatles monthly patreon Luke brooks,,2026-01-16,2026-W03,2026-01,2026,Gastos fijos
2026-01-18 01:55:23+00:00,UNFCU 🌏,Expense,Subscriptions,5.95,USD,5353.0,patreon luke brooks beatles,,2026-01-18,2026-W03,2026-01,2026,Gastos fijos
2026-02-24 01:42:16+00:00,UNFCU 🌏,Expense,Education,224.50413312,USD,202054.0,julia trotti,,2026-02-24,2026-W09,2026-02,2026,Secundarios
2025-01-06 16:44:15+00:00,Pasivos 🧚🏼,Expense,Mortgage,645614.0,CLP,645614.0,,,2025-01-06,2025-W02,2025-01,2025,Pasivos
2025-01-06 16:45:21+00:00,Pasivos 🧚🏼,Income,Rental Apartment,1101064.0,CLP,1101064.0,,,2025-01-06,2025-W02,2025-01,2025,Pasivos
2025-02-03 16:44:09+00:00,Pasivos 🧚🏼,Expense,Mortgage,644806.0,CLP,644806.0,,,2025-02-03,2025-W06,2025-02,2025,Pasivos
2025-02-04 16:45:15+00:00,Pasivos 🧚🏼,Income,Rental Apartment,1099429.0,CLP,1099429.0,,,2025-02-04,2025-W06,2025-02,2025,Pasivos
2025-03-03 16:43:59+00:00,Pasivos 🧚🏼,Expense,Mortgage,650109.0,CLP,650109.0,,,2025-03-03,2025-W10,2025-03,2025,Pasivos
2025-03-06 16:45:06+00:00,Pasivos 🧚🏼,Income,Rental Apartment,1109860.0,CLP,1109860.0,,,2025-03-06,2025-W10,2025-03,2025,Pasivos
2025-04-01 16:43:52+00:00,Pasivos 🧚🏼,Expense,Mortgage,653552.0,CLP,653552.0,,,2025-04-01,2025-W14,2025-04,2025,Pasivos
2025-04-01 16:44:58+00:00,Pasivos 🧚🏼,Income,Rental Apartment,1107695.0,CLP,1107695.0,Abril,,2025-04-01,2025-W14,2025-04,2025,Pasivos
2025-05-05 15:53:52+00:00,Pasivos 🧚🏼,Income,Rental Apartment,1120255.0,CLP,1120255.0,,,2025-05-05,2025-W19,2025-05,2025,Pasivos
2025-05-05 17:43:46+00:00,Pasivos 🧚🏼,Expense,Mortgage,657048.0,CLP,657048.0,,,2025-05-05,2025-W19,2025-05,2025,Pasivos
2025-06-04 15:53:35+00:00,Pasivos 🧚🏼,Income,Rental Apartment,1122994.0,CLP,1122994.0,,,2025-06-04,2025-W23,2025-06,2025,Pasivos
2025-06-04 17:43:40+00:00,Pasivos 🧚🏼,Expense,Mortgage,658572.0,CLP,658572.0,,,2025-06-04,2025-W23,2025-06,2025,Pasivos
2025-07-03 17:43:34+00:00,Pasivos 🧚🏼,Expense,Mortgage,659823.0,CLP,659823.0,,,2025-07-03,2025-W27,2025-07,2025,Pasivos
2025-07-03 17:44:37+00:00,Pasivos 🧚🏼,Income,Rental Apartment,1125226.0,CLP,1125226.0,,,2025-07-03,2025-W27,2025-07,2025,Pasivos
2025-08-05 17:38:19+00:00,Pasivos 🧚🏼,Expense,Mortgage,657774.0,CLP,657774.0,,,2025-08-05,2025-W32,2025-08,2025,Pasivos
2025-08-05 17:38:34+00:00,Pasivos 🧚🏼,Income,Rental Apartment,1116032.0,CLP,1116032.0,,,2025-08-05,2025-W32,2025-08,2025,Pasivos
2025-09-04 17:39:03+00:00,Pasivos 🧚🏼,Expense,Mortgage,662569.0,CLP,662569.0,,,2025-09-04,2025-W36,2025-09,2025,Pasivos
2025-09-05 17:44:31+00:00,Pasivos 🧚🏼,Income,Rental Apartment,1129956.0,CLP,1129956.0,,,2025-09-05,2025-W36,2025-09,2025,Pasivos
2025-10-05 17:23:29+00:00,Pasivos 🧚🏼,Income,Rental Apartment,1131245.0,CLP,1131245.0,,,2025-10-05,2025-W40,2025-10,2025,Pasivos
2025-10-06 12:56:17+00:00,Pasivos 🧚🏼,Expense,Insurance,156561.0,CLP,156561.0,,isapre-masvida,2025-10-06,2025-W41,2025-10,2025,Gastos fijos
2025-10-06 14:58:47+00:00,Pasivos 🧚🏼,Expense,Mortgage,663323.0,CLP,663323.0,,,2025-10-06,2025-W41,2025-10,2025,Pasivos
2025-11-04 14:20:35+00:00,Pasivos 🧚🏼,Expense,Mortgage,665618.0,CLP,665618.0,,,2025-11-04,2025-W45,2025-11,2025,Pasivos
2025-11-04 20:11:16+00:00,Pasivos 🧚🏼,Income,Rental Apartment,1135058.0,CLP,1135058.0,noviembre,,2025-11-04,2025-W45,2025-11,2025,Pasivos
2025-11-06 18:47:49+00:00,Pasivos 🧚🏼,Expense,Insurance,157003.0,CLP,157003.0,,,2025-11-06,2025-W45,2025-11,2025,Gastos fijos
2025-12-03 14:38:57+00:00,Pasivos 🧚🏼,Expense,Mortgage,665941.0,CLP,665941.0,,,2025-12-03,2025-W49,2025-12,2025,Pasivos
2025-12-03 14:39:32+00:00,Pasivos 🧚🏼,Income,Rental Apartment,1135788.0,CLP,1135788.0,,,2025-12-03,2025-W49,2025-12,2025,Pasivos
2026-01-05 16:35:47+00:00,Pasivos 🧚🏼,Expense,Mortgage,667673.0,CLP,667673.0,,,2026-01-05,2026-W02,2026-01,2026,Pasivos
2026-01-05 16:36:55+00:00,Pasivos 🧚🏼,Income,Rental Apartment,1138756.0,CLP,1138756.0,,,2026-01-05,2026-W02,2026-01,2026,Pasivos
2026-02-03 12:48:47+00:00,Pasivos 🧚🏼,Expense,Mortgage,666837.0,CLP,666837.0,,,2026-02-03,2026-W06,2026-02,2026,Pasivos
2026-02-03 12:49:15+00:00,Pasivos 🧚🏼,Income,Rental Apartment,1137358.0,CLP,1137358.0,,,2026-02-03,2026-W06,2026-02,2026,Pasivos
2026-03-02 15:04:43+00:00,Pasivos 🧚🏼,Expense,Mortgage,668562.0,CLP,668562.0,,,2026-03-02,2026-W10,2026-03,2026,Pasivos
2026-03-02 15:06:20+00:00,Pasivos 🧚🏼,Income,Rental Apartment,1140326.0,CLP,1140326.0,,,2026-03-02,2026-W10,2026-03,2026,Pasivos
2026-04-01 22:15:12+00:00,Pasivos 🧚🏼,Income,Rental Apartment,1141465.0,CLP,1141465.0,,,2026-04-01,2026-W14,2026-04,2026,Pasivos
2026-02-24 13:49:54+00:00,Savings 🌳,Expense,Retiro ,70000.0,CLP,70000.0,,fintual,2026-02-24,2026-W09,2026-02,2026,Otros
2026-02-25 23:06:41+00:00,Savings 🌳,Expense,Savings,190000.0,CLP,190000.0,,,2026-02-25,2026-W09,2026-02,2026,Pasivos
